# This file uses centimeters as units for non-parametric coordinates.

mtllib Squirrel 0000000000001.mtl
g default
v -0.435324 10.801894 4.394706
v -0.003807 10.647582 4.779169
v 0.429653 10.800436 4.396312
v -0.435081 10.976609 4.422167
v -0.003478 10.883447 4.816241
v 0.429896 10.975151 4.423773
v -0.536593 11.134829 3.769555
v -0.001273 11.096326 3.821767
v 0.534364 11.133024 3.771543
v -0.545150 11.174718 3.143883
v 0.000074 11.144960 3.140363
v 0.545379 11.172879 3.145908
v -0.544132 11.098394 2.525768
v 0.001093 11.068637 2.522248
v 0.546397 11.096556 2.527793
v -0.482903 10.932074 2.028330
v 0.001824 10.887133 1.963366
v 0.486456 10.930440 2.030129
v -0.483147 10.757359 2.000869
v 0.001496 10.651269 1.926294
v 0.486212 10.755725 2.002668
v -0.544460 10.862530 2.488696
v 0.000654 10.754151 2.472819
v 0.546069 10.860691 2.490721
v -0.545479 10.938853 3.106811
v -0.000364 10.830474 3.090933
v 0.545050 10.937015 3.108836
v -0.536922 10.898965 3.732483
v -0.001711 10.781840 3.772338
v 0.534035 10.897159 3.734471
v -0.310046 10.679054 1.930000
v -0.543510 10.838269 1.954529
v 0.547019 10.836431 1.956554
v 0.313113 10.678003 1.931157
v 0.001111 10.678109 2.157807
v -0.310887 10.781936 2.476525
v -0.544004 10.786488 2.173685
v 0.546525 10.784650 2.175710
v 0.312272 10.780885 2.477682
v 0.000164 10.805875 2.784008
v -0.311906 10.858259 3.094640
v -0.544951 10.914253 2.799885
v 0.545578 10.912415 2.801910
v 0.311253 10.857209 3.095796
v -0.000934 10.825144 3.393155
v -0.307614 10.813120 3.753754
v -0.546049 10.933523 3.409033
v 0.544480 10.931684 3.411057
v 0.304362 10.812089 3.754890
v -0.002860 10.692519 4.310148
v -0.508359 10.835882 4.103095
v 0.503884 10.834175 4.104974
v 0.624147 10.992122 2.511544
v 0.623128 11.068446 3.129659
v 0.610739 11.030345 3.744141
v -0.622172 10.994223 2.509230
v -0.623191 11.070546 3.127345
v -0.613212 11.032408 3.741869
v -0.275874 10.699836 4.626846
v -0.003976 10.737432 4.951987
v -0.275545 10.935701 4.663918
v -0.480905 10.894055 4.428424
v 0.268999 10.698918 4.627858
v 0.475418 10.892443 4.430199
v 0.269328 10.934782 4.664930
v -0.002422 11.007005 4.359577
v -0.307176 11.127606 3.803184
v -0.508030 11.071746 4.140167
v 0.504212 11.070040 4.142047
v 0.304800 11.126575 3.804320
v -0.000496 11.139630 3.442584
v -0.311468 11.172745 3.144069
v -0.545720 11.169387 3.446105
v 0.544808 11.167549 3.448129
v 0.311692 11.171695 3.145226
v 0.000602 11.120361 2.833437
v -0.310449 11.096422 2.525954
v -0.544622 11.150118 2.836957
v 0.545907 11.148280 2.838982
v 0.312710 11.095371 2.527111
v 0.001549 10.992595 2.207237
v -0.309717 10.914918 1.967072
v -0.543675 11.022352 2.210757
v 0.546854 11.020514 2.212782
v 0.313442 10.913868 1.968229
v 0.001770 10.747151 1.865600
v -0.270404 10.793182 4.777373
v 0.263285 10.792282 4.778364
v -0.291407 11.048772 4.274124
v 0.287017 11.047797 4.275198
v -0.312038 11.167415 3.446291
v 0.311122 11.166364 3.447447
v -0.310939 11.148145 2.837143
v 0.312220 11.147095 2.838300
v -0.309992 11.020380 2.210943
v 0.313167 11.019329 2.212100
v -0.309772 10.774936 1.869306
v 0.313388 10.773885 1.870463
v -0.310431 10.705894 2.161513
v 0.312729 10.704843 2.162670
v -0.311378 10.833659 2.787714
v 0.311782 10.832609 2.788871
v -0.312476 10.852929 3.396861
v 0.310683 10.851878 3.398018
v -0.291845 10.734286 4.224694
v 0.286579 10.733311 4.225768
v 0.624604 10.916080 2.196532
v 0.623656 11.043846 2.822733
v 0.622558 11.063115 3.431880
v 0.576465 10.972626 4.081186
v -0.621715 10.918181 2.194219
v -0.622662 11.045947 2.820419
v -0.623761 11.065216 3.429566
v -0.580384 10.974576 4.079039
vt 0.375000 0.000000
vt 0.375000 1.000000
vt 0.500000 0.000000
vt 0.500000 1.000000
vt 0.625000 0.000000
vt 0.625000 1.000000
vt 0.375000 0.250000
vt 0.500000 0.226562
vt 0.625000 0.250000
vt 0.375000 0.312500
vt 0.312500 0.250000
vt 0.500000 0.312500
vt 0.625000 0.312500
vt 0.687500 0.250000
vt 0.375000 0.375000
vt 0.250000 0.250000
vt 0.500000 0.375000
vt 0.625000 0.375000
vt 0.750000 0.250000
vt 0.375000 0.437500
vt 0.187500 0.250000
vt 0.500000 0.437500
vt 0.625000 0.437500
vt 0.812500 0.250000
vt 0.375000 0.500000
vt 0.125000 0.250000
vt 0.500000 0.523438
vt 0.625000 0.500000
vt 0.875000 0.250000
vt 0.375000 0.750000
vt 0.125000 0.000000
vt 0.500000 0.726562
vt 0.625000 0.750000
vt 0.875000 0.000000
vt 0.375000 0.812500
vt 0.187500 0.000000
vt 0.500000 0.812500
vt 0.625000 0.812500
vt 0.812500 0.000000
vt 0.375000 0.875000
vt 0.250000 0.000000
vt 0.500000 0.875000
vt 0.625000 0.875000
vt 0.750000 0.000000
vt 0.375000 0.937500
vt 0.312500 0.000000
vt 0.500000 0.937500
vt 0.625000 0.937500
vt 0.687500 0.000000
vt 0.437500 0.125000
vt 0.562500 0.125000
vt 0.437500 0.281250
vt 0.562500 0.281250
vt 0.437500 0.343750
vt 0.562500 0.343750
vt 0.437500 0.406250
vt 0.562500 0.406250
vt 0.437500 0.468750
vt 0.562500 0.468750
vt 0.437500 0.625000
vt 0.562500 0.625000
vt 0.437500 0.781250
vt 0.562500 0.781250
vt 0.437500 0.843750
vt 0.562500 0.843750
vt 0.437500 0.906250
vt 0.562500 0.906250
vt 0.437500 0.968750
vt 0.562500 0.968750
vt 0.843750 0.125000
vt 0.781250 0.125000
vt 0.718750 0.125000
vt 0.656250 0.125000
vt 0.156250 0.125000
vt 0.218750 0.125000
vt 0.281250 0.125000
vt 0.343750 0.125000
vt 0.437500 0.000000
vt 0.437500 1.000000
vt 0.500000 0.125000
vt 0.437500 0.226562
vt 0.382812 0.125000
vt 0.562500 0.000000
vt 0.562500 1.000000
vt 0.617188 0.125000
vt 0.562500 0.226562
vt 0.500000 0.281250
vt 0.437500 0.312500
vt 0.375000 0.281250
vt 0.343750 0.250000
vt 0.625000 0.281250
vt 0.656250 0.250000
vt 0.562500 0.312500
vt 0.500000 0.343750
vt 0.437500 0.375000
vt 0.375000 0.343750
vt 0.281250 0.250000
vt 0.625000 0.343750
vt 0.718750 0.250000
vt 0.562500 0.375000
vt 0.500000 0.406250
vt 0.437500 0.437500
vt 0.375000 0.406250
vt 0.218750 0.250000
vt 0.625000 0.406250
vt 0.781250 0.250000
vt 0.562500 0.437500
vt 0.500000 0.468750
vt 0.437500 0.523438
vt 0.375000 0.468750
vt 0.156250 0.250000
vt 0.625000 0.468750
vt 0.843750 0.250000
vt 0.562500 0.523438
vt 0.500000 0.625000
vt 0.437500 0.726562
vt 0.375000 0.625000
vt 0.125000 0.125000
vt 0.625000 0.625000
vt 0.875000 0.125000
vt 0.562500 0.726562
vt 0.500000 0.781250
vt 0.437500 0.812500
vt 0.375000 0.781250
vt 0.156250 0.000000
vt 0.625000 0.781250
vt 0.843750 0.000000
vt 0.562500 0.812500
vt 0.500000 0.843750
vt 0.437500 0.875000
vt 0.375000 0.843750
vt 0.218750 0.000000
vt 0.625000 0.843750
vt 0.781250 0.000000
vt 0.562500 0.875000
vt 0.500000 0.906250
vt 0.437500 0.937500
vt 0.375000 0.906250
vt 0.281250 0.000000
vt 0.625000 0.906250
vt 0.718750 0.000000
vt 0.562500 0.937500
vt 0.500000 0.968750
vt 0.375000 0.968750
vt 0.343750 0.000000
vt 0.625000 0.968750
vt 0.656250 0.000000
vt 0.812500 0.125000
vt 0.750000 0.125000
vt 0.687500 0.125000
vt 0.187500 0.125000
vt 0.250000 0.125000
vt 0.312500 0.125000
vn -0.719310 -0.677080 0.155423
vn -0.344461 -0.934684 0.087824
vn -0.713053 -0.084464 0.696003
vn -0.918348 -0.030065 0.394631
vn -0.001806 -0.997766 0.066781
vn -0.002394 -0.421537 0.906808
vn 0.000538 0.867414 0.497587
vn -0.160773 0.896426 0.413003
vn -0.540258 0.731939 0.415194
vn 0.340980 -0.935839 0.089097
vn 0.710175 -0.086863 0.698646
vn 0.716441 -0.679500 0.158088
vn 0.916770 -0.033158 0.398038
vn 0.541177 0.730116 0.417202
vn 0.162260 0.895882 0.413603
vn 0.025461 0.976665 0.213254
vn -0.293836 0.927952 0.229270
vn 0.001239 0.975820 0.218572
vn 0.001407 0.990035 0.140812
vn 0.057331 0.988386 0.140737
vn -0.280794 0.948001 0.149830
vn -0.022960 0.976747 0.213164
vn 0.296110 0.926958 0.230365
vn 0.283430 0.947050 0.150877
vn -0.054521 0.988574 0.140530
vn 0.056222 0.995930 0.070449
vn -0.282508 0.956538 0.072278
vn 0.001563 0.997927 0.064337
vn 0.001758 0.999210 -0.039701
vn 0.053953 0.998178 -0.027016
vn -0.293307 0.955733 -0.023339
vn -0.053126 0.996114 0.070246
vn 0.285461 0.955581 0.073333
vn 0.296612 0.954739 -0.022244
vn -0.050487 0.998354 -0.027210
vn 0.053237 0.991590 -0.117960
vn -0.296637 0.948636 -0.109981
vn 0.001913 0.991446 -0.130505
vn 0.002033 0.978356 -0.206917
vn 0.052129 0.979262 -0.195775
vn -0.293173 0.938039 -0.184750
vn -0.049455 0.991763 -0.118151
vn 0.300240 0.947630 -0.108873
vn 0.297017 0.937044 -0.183655
vn -0.048101 0.979431 -0.195961
vn 0.048357 0.953246 -0.298300
vn -0.336384 0.900317 -0.276179
vn 0.002198 0.945476 -0.325686
vn 0.002479 0.776165 -0.630525
vn 0.009450 0.815685 -0.578420
vn -0.270308 0.807335 -0.524542
vn -0.044035 0.953402 -0.298472
vn 0.340440 0.899176 -0.274922
vn 0.274974 0.806416 -0.523529
vn -0.004553 0.815708 -0.578446
vn -0.156081 0.086511 -0.983948
vn -0.730002 0.028067 -0.682869
vn 0.001882 0.015626 -0.999876
vn -0.001228 -0.974691 -0.223554
vn -0.142738 -0.963326 -0.227221
vn -0.457837 -0.864496 -0.207440
vn 0.160023 0.085978 -0.983362
vn 0.732623 0.025602 -0.680153
vn 0.455687 -0.866036 -0.205744
vn 0.140333 -0.963803 -0.226695
vn -0.175460 -0.969211 0.172755
vn -0.493237 -0.860539 0.127238
vn -0.001981 -0.984901 0.173110
vn -0.002033 -0.978356 0.206917
vn -0.186103 -0.961892 0.200326
vn -0.548806 -0.820540 0.159766
vn 0.171549 -0.969796 0.173399
vn 0.489857 -0.862197 0.129063
vn 0.545440 -0.822385 0.161798
vn 0.182114 -0.962512 0.201009
vn -0.191462 -0.973559 0.124601
vn -0.562338 -0.821667 0.092948
vn -0.001913 -0.991446 0.130505
vn -0.001758 -0.999210 0.039701
vn -0.197812 -0.979610 0.035133
vn -0.580604 -0.814008 0.017034
vn 0.187714 -0.974198 0.125305
vn 0.559216 -0.823558 0.095030
vn 0.577789 -0.815960 0.019185
vn 0.194377 -0.980271 0.035861
vn -0.204165 -0.976920 -0.062804
vn -0.597753 -0.800106 -0.050212
vn -0.001563 -0.997927 -0.064338
vn -0.001407 -0.990035 -0.140812
vn -0.204944 -0.969927 -0.131302
vn -0.604951 -0.792252 -0.079821
vn 0.201102 -0.977603 -0.062052
vn 0.595234 -0.802117 -0.047997
vn 0.602569 -0.794287 -0.077580
vn 0.202159 -0.970613 -0.130546
vn -0.199574 -0.972360 -0.121183
vn -0.576570 -0.815443 -0.051187
vn -0.001435 -0.991814 -0.127680
vn 0.196744 -0.973028 -0.120447
vn 0.574004 -0.817382 -0.049051
vn 0.989116 -0.089379 -0.116877
vn 0.999664 0.015149 -0.021018
vn 0.999408 0.026457 -0.021973
vn 0.998362 0.053957 -0.019009
vn 0.996601 0.081214 0.013838
vn 0.994103 0.079995 0.073212
vn 0.983882 0.014127 0.178258
vn -0.988971 -0.086045 -0.120549
vn -0.999523 0.018518 -0.024730
vn -0.999225 0.029826 -0.025683
vn -0.998097 0.057323 -0.022715
vn -0.996366 0.084574 0.010138
vn -0.994093 0.083346 0.069521
vn -0.984484 0.017445 0.174604
s 1
g Tongue:pCube1 group1
usemtl lambert19SG
f 1/1/1 59/78/2 87/50/3 62/82/4
f 59/78/2 2/3/5 60/80/6 87/50/3
f 87/50/3 60/80/6 5/8/7 61/81/8
f 62/82/4 87/50/3 61/81/8 4/7/9
f 2/3/5 63/83/10 88/51/11 60/80/6
f 63/83/10 3/5/12 64/85/13 88/51/11
f 88/51/11 64/85/13 6/9/14 65/86/15
f 60/80/6 88/51/11 65/86/15 5/8/7
f 4/7/9 61/81/8 89/52/16 68/89/17
f 61/81/8 5/8/7 66/87/18 89/52/16
f 89/52/16 66/87/18 8/12/19 67/88/20
f 68/89/17 89/52/16 67/88/20 7/10/21
f 5/8/7 65/86/15 90/53/22 66/87/18
f 65/86/15 6/9/14 69/91/23 90/53/22
f 90/53/22 69/91/23 9/13/24 70/93/25
f 66/87/18 90/53/22 70/93/25 8/12/19
f 7/10/21 67/88/20 91/54/26 73/96/27
f 67/88/20 8/12/19 71/94/28 91/54/26
f 91/54/26 71/94/28 11/17/29 72/95/30
f 73/96/27 91/54/26 72/95/30 10/15/31
f 8/12/19 70/93/25 92/55/32 71/94/28
f 70/93/25 9/13/24 74/98/33 92/55/32
f 92/55/32 74/98/33 12/18/34 75/100/35
f 71/94/28 92/55/32 75/100/35 11/17/29
f 10/15/31 72/95/30 93/56/36 78/103/37
f 72/95/30 11/17/29 76/101/38 93/56/36
f 93/56/36 76/101/38 14/22/39 77/102/40
f 78/103/37 93/56/36 77/102/40 13/20/41
f 11/17/29 75/100/35 94/57/42 76/101/38
f 75/100/35 12/18/34 79/105/43 94/57/42
f 94/57/42 79/105/43 15/23/44 80/107/45
f 76/101/38 94/57/42 80/107/45 14/22/39
f 13/20/41 77/102/40 95/58/46 83/110/47
f 77/102/40 14/22/39 81/108/48 95/58/46
f 95/58/46 81/108/48 17/27/49 82/109/50
f 83/110/47 95/58/46 82/109/50 16/25/51
f 14/22/39 80/107/45 96/59/52 81/108/48
f 80/107/45 15/23/44 84/112/53 96/59/52
f 96/59/52 84/112/53 18/28/54 85/114/55
f 81/108/48 96/59/52 85/114/55 17/27/49
f 16/25/51 82/109/50 97/60/56 32/117/57
f 82/109/50 17/27/49 86/115/58 97/60/56
f 97/60/56 86/115/58 20/32/59 31/116/60
f 32/117/57 97/60/56 31/116/60 19/30/61
f 17/27/49 85/114/55 98/61/62 86/115/58
f 85/114/55 18/28/54 33/119/63 98/61/62
f 98/61/62 33/119/63 21/33/64 34/121/65
f 86/115/58 98/61/62 34/121/65 20/32/59
f 19/30/61 31/116/60 99/62/66 37/124/67
f 31/116/60 20/32/59 35/122/68 99/62/66
f 99/62/66 35/122/68 23/37/69 36/123/70
f 37/124/67 99/62/66 36/123/70 22/35/71
f 20/32/59 34/121/65 100/63/72 35/122/68
f 34/121/65 21/33/64 38/126/73 100/63/72
f 100/63/72 38/126/73 24/38/74 39/128/75
f 35/122/68 100/63/72 39/128/75 23/37/69
f 22/35/71 36/123/70 101/64/76 42/131/77
f 36/123/70 23/37/69 40/129/78 101/64/76
f 101/64/76 40/129/78 26/42/79 41/130/80
f 42/131/77 101/64/76 41/130/80 25/40/81
f 23/37/69 39/128/75 102/65/82 40/129/78
f 39/128/75 24/38/74 43/133/83 102/65/82
f 102/65/82 43/133/83 27/43/84 44/135/85
f 40/129/78 102/65/82 44/135/85 26/42/79
f 25/40/81 41/130/80 103/66/86 47/138/87
f 41/130/80 26/42/79 45/136/88 103/66/86
f 103/66/86 45/136/88 29/47/89 46/137/90
f 47/138/87 103/66/86 46/137/90 28/45/91
f 26/42/79 44/135/85 104/67/92 45/136/88
f 44/135/85 27/43/84 48/140/93 104/67/92
f 104/67/92 48/140/93 30/48/94 49/142/95
f 45/136/88 104/67/92 49/142/95 29/47/89
f 28/45/91 46/137/90 105/68/96 51/144/97
f 46/137/90 29/47/89 50/143/98 105/68/96
f 105/68/96 50/143/98 2/4/5 59/79/2
f 51/144/97 105/68/96 59/79/2 1/2/1
f 29/47/89 49/142/95 106/69/99 50/143/98
f 49/142/95 30/48/94 52/146/100 106/69/99
f 106/69/99 52/146/100 3/6/12 63/84/10
f 50/143/98 106/69/99 63/84/10 2/4/5
f 24/39/74 38/127/73 107/70/101 53/148/102
f 38/127/73 21/34/64 33/120/63 107/70/101
f 107/70/101 33/120/63 18/29/54 84/113/53
f 53/148/102 107/70/101 84/113/53 15/24/44
f 27/44/84 43/134/83 108/71/103 54/149/104
f 43/134/83 24/39/74 53/148/102 108/71/103
f 108/71/103 53/148/102 15/24/44 79/106/43
f 54/149/104 108/71/103 79/106/43 12/19/34
f 30/49/94 48/141/93 109/72/105 55/150/106
f 48/141/93 27/44/84 54/149/104 109/72/105
f 109/72/105 54/149/104 12/19/34 74/99/33
f 55/150/106 109/72/105 74/99/33 9/14/24
f 3/5/12 52/147/100 110/73/107 64/85/13
f 52/147/100 30/49/94 55/150/106 110/73/107
f 110/73/107 55/150/106 9/14/24 69/92/23
f 64/85/13 110/73/107 69/92/23 6/9/14
f 19/31/61 37/125/67 111/74/108 32/118/57
f 37/125/67 22/36/71 56/151/109 111/74/108
f 111/74/108 56/151/109 13/21/41 83/111/47
f 32/118/57 111/74/108 83/111/47 16/26/51
f 22/36/71 42/132/77 112/75/110 56/151/109
f 42/132/77 25/41/81 57/152/111 112/75/110
f 112/75/110 57/152/111 10/16/31 78/104/37
f 56/151/109 112/75/110 78/104/37 13/21/41
f 25/41/81 47/139/87 113/76/112 57/152/111
f 47/139/87 28/46/91 58/153/113 113/76/112
f 113/76/112 58/153/113 7/11/21 73/97/27
f 57/152/111 113/76/112 73/97/27 10/16/31
f 28/46/91 51/145/97 114/77/114 58/153/113
f 51/145/97 1/1/1 62/82/4 114/77/114
f 114/77/114 62/82/4 4/7/9 68/90/17
f 58/153/113 114/77/114 68/90/17 7/11/21
g default
v 2.595554 13.214227 3.114728
v 0.365600 13.214227 4.026829
v 2.160518 12.939763 4.525792
v 1.286426 13.092358 2.388766
v 1.699117 12.042905 3.397736
v 2.674868 13.092234 3.630388
v 2.469784 12.693597 3.128988
v 2.599850 12.793907 3.446980
v 2.647333 12.926805 3.563069
v 2.664234 13.152167 3.365467
v 2.650227 13.068010 3.331221
v 2.626071 13.000402 3.272164
v 2.538110 12.713441 3.296035
v 2.594662 12.959467 3.195375
v 2.559903 12.949370 3.110394
v 1.991741 12.268587 4.113158
v 2.522367 12.993947 4.134348
v 2.386910 12.455273 3.803175
v 2.472648 12.695239 4.012793
v 2.627582 13.038554 3.890905
v 2.587931 12.800332 3.793965
v 2.519554 12.608958 3.626794
v 2.098570 12.567580 4.374338
v 2.363242 12.960578 4.349358
v 2.305992 12.616619 4.209390
v 2.207265 12.340301 3.968017
v 2.152055 12.274145 3.228989
v 2.275428 12.309977 3.530620
v 2.430647 12.493084 3.409429
v 2.332257 12.464508 3.168878
v 1.852838 12.087552 3.773560
v 2.078895 12.172994 3.654173
v 1.936832 12.131733 3.306849
v 2.286350 13.160059 2.680519
v 2.345811 12.838353 2.825894
v 2.403013 12.737423 2.965743
v 2.525936 12.971666 3.027348
v 2.496836 13.023012 2.956203
v 2.305433 12.985450 2.727174
v 2.476294 13.097843 2.905982
v 2.466586 13.186671 2.882248
v 1.420203 12.368580 2.715832
v 1.928203 12.535525 2.681704
v 2.031490 12.353279 2.934225
v 2.236105 12.527617 2.933803
v 2.153734 12.672960 2.732416
v 1.548896 12.141505 3.030466
v 1.798003 12.222856 2.967432
v 1.679069 12.432710 2.676658
v 1.820836 13.116418 2.419207
v 1.855293 12.801133 2.503450
v 2.095587 12.884782 2.590257
v 2.068108 13.136224 2.523073
v 1.329359 12.699519 2.493730
v 1.595114 12.738553 2.471399
v 1.555437 13.101600 2.374395
v 1.132360 12.993947 4.702892
v 0.762048 12.274145 3.797534
v 0.996903 12.455273 4.371720
v 1.664812 12.939763 4.728547
v 1.496035 12.268587 4.315913
v 1.602864 12.567580 4.577093
v 1.923987 12.932572 4.654851
v 1.860416 12.550635 4.499429
v 1.750788 12.243806 4.231405
v 1.082641 12.695239 4.581338
v 1.396552 12.960578 4.744756
v 1.339302 12.616619 4.604788
v 1.240575 12.340301 4.363415
v 1.203411 12.042905 3.600491
v 1.357132 12.087552 3.976315
v 1.608245 12.058028 3.882908
v 1.450496 12.012212 3.497236
v 0.885421 12.309977 4.099164
v 1.112206 12.172994 4.049571
v 0.970143 12.131733 3.702247
v 0.670396 13.092234 4.450262
v 0.595378 12.793907 4.266854
v 0.642862 12.926805 4.382943
v 0.886699 13.038554 4.602966
v 0.847048 12.800332 4.506026
v 0.778671 12.608958 4.338854
v 0.492325 13.152167 4.253827
v 0.478318 13.068010 4.219581
v 0.454162 13.000402 4.160523
v 0.465313 12.693597 3.948862
v 0.533639 12.713441 4.115909
v 0.689764 12.493084 4.121490
v 0.591374 12.464508 3.880939
v 0.422753 12.959467 4.083734
v 0.387995 12.949370 3.998754
v 0.430828 13.116418 2.987752
v 0.538196 12.535525 3.250249
v 0.924497 12.368580 2.918587
v 1.053190 12.141505 3.233221
v 1.296338 12.113394 3.120342
v 1.164273 12.346421 2.797462
v 0.641482 12.353279 3.502769
v 0.831313 12.222856 3.362830
v 0.712380 12.432710 3.072055
v 0.790720 13.092358 2.591521
v 0.833653 12.699519 2.696485
v 1.071048 12.686032 2.569541
v 1.026991 13.089164 2.461826
v 0.465285 12.801133 3.071994
v 0.628425 12.738553 2.866797
v 0.588748 13.101600 2.769793
v 0.341340 12.838353 3.645768
v 0.398542 12.737423 3.785617
v 0.495222 12.527617 3.645863
v 0.412851 12.672960 3.444476
v 0.354027 12.971666 3.915708
v 0.324927 13.023012 3.844563
v 0.281879 13.160059 3.500393
v 0.300962 12.985450 3.547048
v 0.354705 12.884782 3.302318
v 0.327225 13.136224 3.235134
v 0.304385 13.097843 3.794342
v 0.294678 13.186671 3.770608
v 2.129745 13.718479 4.450557
v 1.608173 14.344310 3.175390
v 2.429360 13.716529 3.030159
v 2.319378 13.507266 2.761268
v 2.291370 13.341313 2.692793
v 2.469140 13.278879 2.888492
v 2.483389 13.363303 2.923327
v 2.367455 13.637225 2.878810
v 2.507847 13.429415 2.983123
v 2.539339 13.469760 3.060118
v 1.360733 13.873509 2.570435
v 1.880473 13.743356 2.565012
v 1.829900 13.443701 2.441369
v 2.075337 13.397234 2.540747
v 2.115669 13.636209 2.639353
v 1.297720 13.500147 2.416379
v 1.565875 13.478464 2.399914
v 1.624109 13.823512 2.542288
v 2.079064 14.121214 3.050538
v 1.967285 13.978017 2.777254
v 2.184902 13.823353 2.808617
v 2.274046 13.937552 3.026563
v 1.468898 14.165891 2.834884
v 1.724072 14.093721 2.786681
v 1.852784 14.258610 3.101365
v 2.661190 13.438359 3.596947
v 2.564465 13.689332 3.360470
v 2.497765 13.734384 3.197398
v 2.574138 13.478843 3.145196
v 2.608070 13.455924 3.228154
v 2.621315 13.585201 3.499459
v 2.636991 13.402951 3.298861
v 2.657276 13.328248 3.348456
v 1.912133 14.283121 3.918528
v 2.323017 14.072104 3.646968
v 2.202580 14.153454 3.352515
v 2.372550 13.963266 3.267391
v 2.468600 13.898387 3.502218
v 1.762070 14.384482 3.551646
v 1.995011 14.295735 3.449088
v 2.133694 14.202060 3.788147
v 2.497669 13.618932 4.073966
v 2.425669 13.884080 3.897936
v 2.550465 13.748437 3.702366
v 2.607886 13.536982 3.842751
v 2.040035 14.048847 4.231228
v 2.251895 13.985555 4.077133
v 2.334803 13.680240 4.279830
v 0.689057 14.121214 3.619082
v 0.490466 13.743356 3.133556
v 0.865027 13.873509 2.773190
v 0.802014 13.500147 2.619134
v 1.038581 13.507639 2.490163
v 1.103245 13.890785 2.648256
v 0.439893 13.443701 3.009913
v 0.599186 13.478464 2.795312
v 0.657420 13.823512 2.937685
v 1.112467 14.344310 3.378145
v 0.973192 14.165891 3.037639
v 1.214244 14.190829 2.919634
v 1.357169 14.373923 3.269063
v 0.577278 13.978017 3.345798
v 0.757382 14.093721 3.182079
v 0.886095 14.258610 3.496763
v 0.314907 13.507266 3.581142
v 0.286899 13.341313 3.512667
v 0.334454 13.397234 3.252808
v 0.374786 13.636209 3.351414
v 0.297231 13.278879 3.776851
v 0.311480 13.363303 3.811686
v 0.424889 13.716529 3.850033
v 0.362984 13.637225 3.698684
v 0.444019 13.823353 3.520677
v 0.533163 13.937552 3.738623
v 0.335938 13.429415 3.871483
v 0.367430 13.469760 3.948477
v 1.107662 13.618932 4.642510
v 0.933010 14.072104 4.215512
v 1.416427 14.283121 4.121283
v 1.266364 14.384482 3.754401
v 1.515099 14.415148 3.655179
v 1.669094 14.311131 4.031675
v 0.812572 14.153454 3.921060
v 1.028321 14.295735 3.844486
v 1.167004 14.202060 4.183545
v 1.634039 13.718479 4.653312
v 1.544328 14.048847 4.433983
v 1.800347 14.070719 4.352568
v 1.892408 13.731694 4.577645
v 1.035662 13.884080 4.466480
v 1.285206 13.985555 4.472531
v 1.368114 13.680240 4.675227
v 0.559994 13.689332 4.180344
v 0.493294 13.734384 4.017272
v 0.631667 13.963266 3.979451
v 0.727717 13.898387 4.214278
v 0.402229 13.478843 4.033556
v 0.436161 13.455924 4.116514
v 0.656719 13.438359 4.416821
v 0.616844 13.585201 4.319333
v 0.809582 13.748437 4.414426
v 0.867003 13.536982 4.554811
v 0.465082 13.402951 4.187221
v 0.485367 13.328248 4.236815
vt 0.806543 0.007955
vt 0.989409 0.190822
vt 0.884903 0.007955
vt 0.884903 0.099388
vt 0.884903 0.053672
vt 0.832806 0.007955
vt 0.832806 0.053672
vt 0.832806 0.030821
vt 0.832806 0.019388
vt 0.819675 0.007955
vt 0.819675 0.019388
vt 0.819675 0.030821
vt 0.832806 0.042247
vt 0.819675 0.042247
vt 0.819675 0.053672
vt 0.884903 0.030821
vt 0.858802 0.007955
vt 0.858802 0.030821
vt 0.858802 0.019388
vt 0.845804 0.007955
vt 0.845804 0.019388
vt 0.845804 0.030821
vt 0.884903 0.019388
vt 0.871852 0.007955
vt 0.871852 0.019388
vt 0.871852 0.030821
vt 0.858802 0.053672
vt 0.858802 0.042247
vt 0.845804 0.042247
vt 0.845804 0.053672
vt 0.884903 0.042247
vt 0.871852 0.042247
vt 0.871852 0.053672
vt 0.832806 0.099388
vt 0.832806 0.076531
vt 0.832806 0.065102
vt 0.819675 0.065102
vt 0.819675 0.076531
vt 0.832806 0.087960
vt 0.819675 0.087960
vt 0.819675 0.099388
vt 0.884903 0.076531
vt 0.858802 0.076531
vt 0.858802 0.065102
vt 0.845804 0.065102
vt 0.845804 0.076531
vt 0.884903 0.065102
vt 0.871852 0.065102
vt 0.871852 0.076531
vt 0.858802 0.099388
vt 0.858802 0.087960
vt 0.845804 0.087960
vt 0.845804 0.099388
vt 0.884903 0.087960
vt 0.871852 0.087960
vt 0.871852 0.099388
vt 0.937150 0.007955
vt 0.937150 0.053672
vt 0.937150 0.030821
vt 0.911049 0.007955
vt 0.911049 0.030821
vt 0.911049 0.019388
vt 0.897976 0.007955
vt 0.897976 0.019388
vt 0.897976 0.030821
vt 0.937150 0.019388
vt 0.924100 0.007955
vt 0.924100 0.019388
vt 0.924100 0.030821
vt 0.911049 0.053672
vt 0.911049 0.042247
vt 0.897976 0.042247
vt 0.897976 0.053672
vt 0.937150 0.042247
vt 0.924100 0.042247
vt 0.924100 0.053672
vt 0.963146 0.007955
vt 0.963146 0.030821
vt 0.963146 0.019388
vt 0.950148 0.007955
vt 0.950148 0.019388
vt 0.950148 0.030821
vt 0.976277 0.007955
vt 0.976277 0.019388
vt 0.976277 0.030821
vt 0.963146 0.053672
vt 0.963146 0.042247
vt 0.950148 0.042247
vt 0.950148 0.053672
vt 0.976277 0.042247
vt 0.976277 0.053672
vt 0.937150 0.099388
vt 0.937150 0.076531
vt 0.911049 0.076531
vt 0.911049 0.065102
vt 0.897976 0.065102
vt 0.897976 0.076531
vt 0.937150 0.065102
vt 0.924100 0.065102
vt 0.924100 0.076531
vt 0.911049 0.099388
vt 0.911049 0.087960
vt 0.897976 0.087960
vt 0.897976 0.099388
vt 0.937150 0.087960
vt 0.924100 0.087960
vt 0.924100 0.099388
vt 0.963146 0.076531
vt 0.963146 0.065102
vt 0.950148 0.065102
vt 0.950148 0.076531
vt 0.976277 0.065102
vt 0.976277 0.076531
vt 0.963146 0.099388
vt 0.963146 0.087960
vt 0.950148 0.087960
vt 0.950148 0.099388
vt 0.976277 0.087960
vt 0.976277 0.099388
vt 0.884903 0.190822
vt 0.884903 0.145105
vt 0.832806 0.145105
vt 0.832806 0.122245
vt 0.832806 0.110817
vt 0.819675 0.110817
vt 0.819675 0.122245
vt 0.832806 0.133675
vt 0.819675 0.133675
vt 0.819675 0.145105
vt 0.884903 0.122245
vt 0.858802 0.122245
vt 0.858802 0.110817
vt 0.845804 0.110817
vt 0.845804 0.122245
vt 0.884903 0.110817
vt 0.871852 0.110817
vt 0.871852 0.122245
vt 0.858802 0.145105
vt 0.858802 0.133675
vt 0.845804 0.133675
vt 0.845804 0.145105
vt 0.884903 0.133675
vt 0.871852 0.133675
vt 0.871852 0.145105
vt 0.832806 0.190822
vt 0.832806 0.167955
vt 0.832806 0.156530
vt 0.819675 0.156530
vt 0.819675 0.167955
vt 0.832806 0.179388
vt 0.819675 0.179388
vt 0.819675 0.190822
vt 0.884903 0.167955
vt 0.858802 0.167955
vt 0.858802 0.156530
vt 0.845804 0.156530
vt 0.845804 0.167955
vt 0.884903 0.156530
vt 0.871852 0.156530
vt 0.871852 0.167955
vt 0.858802 0.190822
vt 0.858802 0.179388
vt 0.845804 0.179388
vt 0.845804 0.190822
vt 0.884903 0.179388
vt 0.871852 0.179388
vt 0.871852 0.190822
vt 0.937150 0.145105
vt 0.937150 0.122245
vt 0.911049 0.122245
vt 0.911049 0.110817
vt 0.897976 0.110817
vt 0.897976 0.122245
vt 0.937150 0.110817
vt 0.924100 0.110817
vt 0.924100 0.122245
vt 0.911049 0.145105
vt 0.911049 0.133675
vt 0.897976 0.133675
vt 0.897976 0.145105
vt 0.937150 0.133675
vt 0.924100 0.133675
vt 0.924100 0.145105
vt 0.963146 0.122245
vt 0.963146 0.110817
vt 0.950148 0.110817
vt 0.950148 0.122245
vt 0.976277 0.110817
vt 0.976277 0.122245
vt 0.963146 0.145105
vt 0.963146 0.133675
vt 0.950148 0.133675
vt 0.950148 0.145105
vt 0.976277 0.133675
vt 0.976277 0.145105
vt 0.937150 0.190822
vt 0.937150 0.167955
vt 0.911049 0.167955
vt 0.911049 0.156530
vt 0.897976 0.156530
vt 0.897976 0.167955
vt 0.937150 0.156530
vt 0.924100 0.156530
vt 0.924100 0.167955
vt 0.911049 0.190822
vt 0.911049 0.179388
vt 0.897976 0.179388
vt 0.897976 0.190822
vt 0.937150 0.179388
vt 0.924100 0.179388
vt 0.924100 0.190822
vt 0.963146 0.167955
vt 0.963146 0.156530
vt 0.950148 0.156530
vt 0.950148 0.167955
vt 0.976277 0.156530
vt 0.976277 0.167955
vt 0.963146 0.190822
vt 0.963146 0.179388
vt 0.950148 0.179388
vt 0.950148 0.190822
vt 0.976277 0.179388
vt 0.976277 0.190822
vt 0.989409 0.099388
vt 0.806543 0.019388
vt 0.806543 0.030821
vt 0.806543 0.042247
vt 0.806543 0.053672
vt 0.806543 0.065102
vt 0.806543 0.076531
vt 0.806543 0.087960
vt 0.989409 0.053672
vt 0.989409 0.030821
vt 0.989409 0.019388
vt 0.989409 0.042247
vt 0.989409 0.076531
vt 0.989409 0.065102
vt 0.989409 0.087960
vt 0.806543 0.099388
vt 0.806543 0.110817
vt 0.806543 0.122245
vt 0.806543 0.133675
vt 0.806543 0.145105
vt 0.806543 0.156530
vt 0.806543 0.167955
vt 0.806543 0.179388
vt 0.989409 0.145105
vt 0.989409 0.122245
vt 0.989409 0.110817
vt 0.989409 0.133675
vt 0.989409 0.167955
vt 0.989409 0.156530
vt 0.989409 0.179388
vn -0.930884 -0.001492 0.365311
vn -0.794847 0.170743 0.582293
vn -0.809542 0.206013 0.549728
vn -0.994857 -0.029966 0.096750
vn -0.984370 -0.126639 0.122381
vn -0.130305 -0.428184 -0.894248
vn -0.165686 -0.101321 -0.980960
vn 0.049444 -0.094112 -0.994333
vn 0.082244 -0.397735 -0.913807
vn 0.305338 -0.936831 0.170634
vn 0.177027 -0.973748 -0.143097
vn 0.367777 -0.904458 -0.216093
vn 0.486954 -0.870174 0.075323
vn 0.869130 -0.445416 -0.214983
vn 0.808096 -0.462994 -0.364166
vn 0.878844 -0.287970 -0.380402
vn 0.916812 -0.277018 -0.287607
vn 0.966172 -0.256901 0.022649
vn 0.924333 -0.373132 -0.079884
vn 0.951162 -0.232078 -0.203545
vn 0.977198 -0.159786 -0.139833
vn 0.986487 -0.117904 -0.113758
vn 0.979860 -0.189145 0.064021
vn 0.920063 -0.001492 -0.391768
vn 0.509386 -0.540001 0.670019
vn 0.421460 -0.784694 0.454562
vn 0.594805 -0.728863 0.339066
vn 0.676386 -0.501643 0.539311
vn 0.813548 -0.439013 0.381323
vn 0.742166 -0.637764 0.206024
vn 0.855317 -0.514472 0.061255
vn 0.912943 -0.354194 0.202685
vn 0.930435 -0.259968 0.258279
vn 0.834452 -0.321132 0.447843
vn 0.700684 -0.365878 0.612516
vn 0.537206 -0.393089 0.746251
vn 0.543521 -0.791398 -0.279775
vn 0.695070 -0.638389 -0.330662
vn 0.779209 -0.614180 -0.124968
vn 0.647811 -0.761398 -0.024784
vn 0.645136 -0.048179 -0.762547
vn 0.777491 -0.029967 -0.628179
vn 0.787973 -0.126639 -0.602546
vn 0.661952 -0.203621 -0.721358
vn 0.841979 -0.264031 -0.470488
vn 0.748781 -0.424529 -0.509021
vn 0.698048 -0.334403 -0.633170
vn 0.810403 -0.207998 -0.547708
vn 0.052305 -0.892644 -0.447718
vn -0.054399 -0.703237 -0.708871
vn 0.152809 -0.653203 -0.741603
vn 0.251848 -0.829184 -0.499026
vn 0.355417 -0.571560 -0.739593
vn 0.543330 -0.461067 -0.701576
vn 0.613234 -0.585349 -0.530387
vn 0.442054 -0.725595 -0.527352
vn 0.264975 -0.082348 -0.960733
vn 0.470374 -0.066428 -0.879963
vn 0.493520 -0.280762 -0.823171
vn 0.293654 -0.348039 -0.890301
vn -0.893515 -0.287971 0.344534
vn -0.855568 -0.277018 0.437338
vn -0.479488 -0.761398 0.436308
vn -0.583791 -0.791398 0.181321
vn -0.413794 -0.904458 0.103587
vn -0.294586 -0.870174 0.394990
vn -0.313118 -0.439013 0.842155
vn -0.385048 -0.637764 0.667079
vn -0.186690 -0.728864 0.658714
vn -0.104554 -0.501643 0.858733
vn 0.106177 -0.540001 0.834940
vn 0.017906 -0.784695 0.619624
vn 0.225096 -0.804035 0.550326
vn 0.315353 -0.553284 0.770992
vn 0.346563 -0.402475 0.847294
vn 0.139755 -0.393089 0.908817
vn -0.070584 -0.365878 0.927982
vn -0.281412 -0.321132 0.904257
vn -0.226566 -0.973748 0.021982
vn -0.025379 -0.997750 -0.062048
vn 0.106104 -0.959921 0.259409
vn -0.098234 -0.936831 0.335704
vn -0.821162 -0.232079 0.521375
vn -0.795086 -0.159787 0.585069
vn -0.673353 -0.256901 0.693251
vn -0.715362 -0.373132 0.590788
vn -0.567218 -0.514472 0.643104
vn -0.509212 -0.354194 0.784379
vn -0.482729 -0.259968 0.836295
vn -0.654123 -0.189145 0.732357
vn -0.783439 -0.117904 0.610181
vn -0.831669 -0.462994 0.306535
vn -0.727561 -0.638389 0.251226
vn -0.643431 -0.614179 0.456925
vn -0.770660 -0.445416 0.455728
vn -0.862304 -0.082349 -0.499650
vn -0.732101 -0.094112 -0.674663
vn -0.699066 -0.397735 -0.594233
vn -0.833404 -0.348038 -0.429310
vn -0.684911 -0.725595 -0.066397
vn -0.771847 -0.571560 -0.278517
vn -0.628724 -0.653203 -0.421938
vn -0.529375 -0.829184 -0.179488
vn -0.153063 -0.914622 -0.374216
vn -0.351074 -0.892644 -0.282727
vn -0.457972 -0.703237 -0.543800
vn -0.262500 -0.720570 -0.641773
vn -0.569265 -0.101321 -0.815887
vn -0.376533 -0.103819 -0.920568
vn -0.340198 -0.438730 -0.831734
vn -0.533737 -0.428184 -0.729235
vn -0.961940 -0.207999 0.177220
vn -0.930350 -0.264031 0.254434
vn -0.941683 -0.334403 0.037518
vn -0.879254 -0.461067 -0.119707
vn -0.809150 -0.585350 0.051401
vn -0.890870 -0.424529 0.161634
vn -0.994606 -0.048179 -0.091857
vn -0.952224 -0.066428 -0.298088
vn -0.928935 -0.280762 -0.241355
vn -0.977737 -0.203621 -0.050688
vn 0.499176 0.569257 0.653276
vn 0.665287 0.529850 0.525978
vn 0.631002 0.646797 0.428357
vn 0.460532 0.696255 0.550581
vn -0.014263 0.791913 -0.610467
vn 0.101431 0.939245 -0.327918
vn 0.297559 0.872410 -0.387761
vn 0.190011 0.735614 -0.650205
vn 0.822289 0.234235 -0.518627
vn 0.717122 0.376622 -0.586423
vn 0.772154 0.446583 -0.452042
vn 0.856490 0.277761 -0.435057
vn 0.780188 0.070342 -0.621578
vn 0.649436 0.113102 -0.751958
vn 0.674529 0.260741 -0.690669
vn 0.795773 0.162183 -0.583474
vn -0.156624 0.237836 -0.958595
vn -0.103857 0.548328 -0.829789
vn 0.106870 0.509315 -0.853919
vn 0.057797 0.220924 -0.973577
vn 0.272260 0.193319 -0.942604
vn 0.315219 0.445658 -0.837870
vn 0.510904 0.359504 -0.780855
vn 0.476263 0.155950 -0.865363
vn 0.482081 0.763355 -0.429984
vn 0.645510 0.615765 -0.451830
vn 0.569582 0.519294 -0.637111
vn 0.387943 0.643715 -0.659645
vn 0.961561 0.273913 0.019283
vn 0.975081 0.170743 -0.141647
vn 0.962742 0.206014 -0.175175
vn 0.942931 0.331230 -0.034172
vn 0.894494 0.287750 -0.342171
vn 0.833246 0.462670 -0.302717
vn 0.892908 0.422085 -0.156713
vn 0.931616 0.262534 -0.251333
vn 0.229862 0.973124 -0.013894
vn 0.355375 0.887616 0.292995
vn 0.533422 0.824465 0.188995
vn 0.416848 0.903885 -0.096076
vn 0.729728 0.637973 -0.245943
vn 0.586467 0.790896 -0.174756
vn 0.688455 0.721421 0.074709
vn 0.811990 0.581959 -0.044675
vn 0.803385 0.465051 0.371888
vn 0.905284 0.376477 0.196791
vn 0.880900 0.456676 0.124346
vn 0.773832 0.566042 0.284220
vn -0.915871 0.277761 0.289879
vn -0.950040 0.234235 0.206296
vn -0.645229 0.763356 0.031111
vn -0.484009 0.872411 -0.068082
vn -0.591211 0.735614 -0.330669
vn -0.739022 0.643715 -0.198691
vn -0.854797 0.193319 -0.481612
vn -0.812044 0.445658 -0.376794
vn -0.674664 0.509315 -0.534254
vn -0.723514 0.220924 -0.654003
vn -0.367165 0.243693 -0.897665
vn -0.560056 0.237836 -0.793582
vn -0.507430 0.548328 -0.664718
vn -0.313177 0.561843 -0.765672
vn -0.302162 0.939245 -0.162839
vn -0.102839 0.962398 -0.251426
vn -0.221270 0.811412 -0.540972
vn -0.417641 0.791913 -0.445476
vn -0.976569 0.162183 0.141455
vn -0.992154 0.070342 0.103351
vn -0.965202 0.260742 -0.019981
vn -0.911681 0.359504 -0.198984
vn -0.946193 0.155950 -0.283547
vn -0.990253 0.113102 -0.081288
vn -0.867613 0.446583 0.218659
vn -0.777122 0.615765 0.130058
vn -0.852803 0.519295 -0.055323
vn -0.922529 0.376623 0.084231
vn -0.312480 0.465051 0.828302
vn -0.105980 0.529850 0.841443
vn -0.149936 0.646797 0.747779
vn -0.352835 0.566042 0.745053
vn -0.540829 0.790896 0.286333
vn -0.438757 0.721421 0.535765
vn -0.248072 0.824465 0.508643
vn -0.364691 0.903885 0.223591
vn 0.028768 0.997109 0.070333
vn -0.173710 0.973124 0.151176
vn -0.048177 0.887616 0.458057
vn 0.157383 0.909493 0.384777
vn 0.101727 0.569257 0.815842
vn 0.307626 0.582849 0.752099
vn 0.265298 0.713383 0.648615
vn 0.057325 0.696255 0.715502
vn -0.840709 0.262534 0.473587
vn -0.877887 0.287750 0.382772
vn -0.746787 0.422085 0.513959
vn -0.610546 0.581959 0.537175
vn -0.692914 0.637972 0.335949
vn -0.806546 0.462670 0.367994
vn -0.672424 0.273913 0.687618
vn -0.507879 0.376477 0.774806
vn -0.541254 0.456676 0.706039
vn -0.696594 0.331230 0.636430
s 1
g group1 eyes_lid1:nurbsToPoly1
usemtl lambert17SG
f 116/155/115 337/376/116 336/375/117
f 116/377/115 233/272/118 232/271/119
f 168/207/120 118/157/121 170/209/122 169/208/123
f 145/184/124 119/158/125 147/186/126 146/185/127
f 127/166/128 121/160/129 129/168/130 128/167/131
f 123/162/132 122/161/133 126/165/134 125/164/135
f 124/163/136 120/159/137 123/162/132 125/164/135
f 115/154/138 124/163/136 125/164/135
f 126/165/134 115/378/138 125/164/135
f 122/161/133 127/166/128 128/167/131 126/165/134
f 128/167/131 115/379/138 126/165/134
f 129/168/130 115/380/138 128/167/131
f 137/176/139 130/169/140 140/179/141 139/178/142
f 133/172/143 132/171/144 136/175/145 135/174/146
f 134/173/147 131/170/148 133/172/143 135/174/146
f 120/159/137 134/173/147 135/174/146 123/162/132
f 136/175/145 122/161/133 123/162/132 135/174/146
f 138/177/149 117/156/150 137/176/139 139/178/142
f 131/170/148 138/177/149 139/178/142 133/172/143
f 140/179/141 132/171/144 133/172/143 139/178/142
f 141/180/151 144/183/152 143/182/153 142/181/154
f 136/175/145 132/171/144 142/181/154 143/182/153
f 127/166/128 122/161/133 136/175/145 143/182/153
f 144/183/152 121/160/129 127/166/128 143/182/153
f 130/169/140 145/184/124 146/185/127 140/179/141
f 146/185/127 142/181/154 132/171/144 140/179/141
f 147/186/126 141/180/151 142/181/154 146/185/127
f 148/187/155 155/194/156 154/193/157 153/192/158
f 151/190/159 150/189/160 149/188/161 152/191/162
f 129/168/130 121/160/129 150/189/160 151/190/159
f 115/381/138 129/168/130 151/190/159
f 115/382/138 151/190/159 152/191/162
f 152/191/162 149/188/161 153/192/158 154/193/157
f 115/383/138 152/191/162 154/193/157
f 155/194/156 115/384/138 154/193/157
f 161/200/163 156/195/164 163/202/165 162/201/166
f 157/196/167 160/199/168 159/198/169 158/197/170
f 144/183/152 141/180/151 158/197/170 159/198/169
f 150/189/160 121/160/129 144/183/152 159/198/169
f 160/199/168 149/188/161 150/189/160 159/198/169
f 119/158/125 161/200/163 162/201/166 147/186/126
f 162/201/166 158/197/170 141/180/151 147/186/126
f 163/202/165 157/196/167 158/197/170 162/201/166
f 164/203/171 167/206/172 166/205/173 165/204/174
f 160/199/168 157/196/167 165/204/174 166/205/173
f 153/192/158 149/188/161 160/199/168 166/205/173
f 167/206/172 148/187/155 153/192/158 166/205/173
f 156/195/164 168/207/120 169/208/123 163/202/165
f 169/208/123 165/204/174 157/196/167 163/202/165
f 170/209/122 164/203/171 165/204/174 169/208/123
f 116/385/115 205/244/175 204/243/176
f 188/227/177 172/211/178 190/229/179 189/228/180
f 180/219/181 173/212/182 183/222/183 182/221/184
f 176/215/185 175/214/186 179/218/187 178/217/188
f 177/216/189 174/213/190 176/215/185 178/217/188
f 117/156/150 177/216/189 178/217/188 137/176/139
f 179/218/187 130/169/140 137/176/139 178/217/188
f 181/220/191 171/210/192 180/219/181 182/221/184
f 174/213/190 181/220/191 182/221/184 176/215/185
f 183/222/183 175/214/186 176/215/185 182/221/184
f 184/223/193 187/226/194 186/225/195 185/224/196
f 179/218/187 175/214/186 185/224/196 186/225/195
f 145/184/124 130/169/140 179/218/187 186/225/195
f 187/226/194 119/158/125 145/184/124 186/225/195
f 173/212/182 188/227/177 189/228/180 183/222/183
f 189/228/180 185/224/196 175/214/186 183/222/183
f 190/229/179 184/223/193 185/224/196 189/228/180
f 116/386/115 199/238/197 198/237/198
f 193/232/199 192/231/200 196/235/201 195/234/202
f 194/233/203 191/230/204 193/232/199 195/234/202
f 171/210/192 194/233/203 195/234/202 180/219/181
f 196/235/201 173/212/182 180/219/181 195/234/202
f 197/236/205 116/387/115 198/237/198
f 191/230/204 197/236/205 198/237/198 193/232/199
f 199/238/197 192/231/200 193/232/199 198/237/198
f 200/239/206 203/242/207 202/241/208 201/240/209
f 196/235/201 192/231/200 201/240/209 202/241/208
f 188/227/177 173/212/182 196/235/201 202/241/208
f 203/242/207 172/211/178 188/227/177 202/241/208
f 116/388/115 204/243/176 199/238/197
f 204/243/176 201/240/209 192/231/200 199/238/197
f 205/244/175 200/239/206 201/240/209 204/243/176
f 206/245/210 221/260/211 220/259/212 219/258/213
f 212/251/214 207/246/215 214/253/216 213/252/217
f 210/249/218 209/248/219 208/247/220 211/250/221
f 187/226/194 184/223/193 209/248/219 210/249/218
f 161/200/163 119/158/125 187/226/194 210/249/218
f 156/195/164 161/200/163 210/249/218 211/250/221
f 190/229/179 172/211/178 212/251/214 213/252/217
f 184/223/193 190/229/179 213/252/217 209/248/219
f 214/253/216 208/247/220 209/248/219 213/252/217
f 215/254/222 218/257/223 217/256/224 216/255/225
f 211/250/221 208/247/220 216/255/225 217/256/224
f 168/207/120 156/195/164 211/250/221 217/256/224
f 218/257/223 118/157/121 168/207/120 217/256/224
f 214/253/216 207/246/215 219/258/213 220/259/212
f 216/255/225 208/247/220 214/253/216 220/259/212
f 221/260/211 215/254/222 216/255/225 220/259/212
f 116/389/115 227/266/226 226/265/227
f 222/261/228 225/264/229 224/263/230 223/262/231
f 203/242/207 200/239/206 223/262/231 224/263/230
f 212/251/214 172/211/178 203/242/207 224/263/230
f 225/264/229 207/246/215 212/251/214 224/263/230
f 116/390/115 226/265/227 205/244/175
f 226/265/227 223/262/231 200/239/206 205/244/175
f 227/266/226 222/261/228 223/262/231 226/265/227
f 228/267/232 231/270/233 230/269/234 229/268/235
f 225/264/229 222/261/228 229/268/235 230/269/234
f 219/258/213 207/246/215 225/264/229 230/269/234
f 231/270/233 206/245/210 219/258/213 230/269/234
f 116/391/115 232/271/119 227/266/226
f 232/271/119 229/268/235 222/261/228 227/266/226
f 233/272/118 228/267/232 229/268/235 232/271/119
f 234/273/236 281/320/237 280/319/238 279/318/239
f 256/295/240 235/274/241 258/297/242 257/296/243
f 242/281/244 241/280/245 236/275/246 243/282/247
f 239/278/248 238/277/249 237/276/250 240/279/251
f 155/194/156 148/187/155 238/277/249 239/278/248
f 115/392/138 155/194/156 239/278/248
f 115/393/138 239/278/248 240/279/251
f 240/279/251 237/276/250 241/280/245 242/281/244
f 115/394/138 240/279/251 242/281/244
f 115/395/138 242/281/244 243/282/247
f 249/288/252 244/283/253 251/290/254 250/289/255
f 246/285/256 245/284/257 248/287/258 247/286/259
f 167/206/172 164/203/171 246/285/256 247/286/259
f 148/187/155 167/206/172 247/286/259 238/277/249
f 248/287/258 237/276/250 238/277/249 247/286/259
f 170/209/122 118/157/121 249/288/252 250/289/255
f 164/203/171 170/209/122 250/289/255 246/285/256
f 251/290/254 245/284/257 246/285/256 250/289/255
f 252/291/260 255/294/261 254/293/262 253/292/263
f 248/287/258 245/284/257 253/292/263 254/293/262
f 241/280/245 237/276/250 248/287/258 254/293/262
f 255/294/261 236/275/246 241/280/245 254/293/262
f 244/283/253 256/295/240 257/296/243 251/290/254
f 257/296/243 253/292/263 245/284/257 251/290/254
f 258/297/242 252/291/260 253/292/263 257/296/243
f 259/298/264 266/305/265 265/304/266 264/303/267
f 262/301/268 261/300/269 260/299/270 263/302/271
f 243/282/247 236/275/246 261/300/269 262/301/268
f 115/396/138 243/282/247 262/301/268
f 115/397/138 262/301/268 263/302/271
f 263/302/271 260/299/270 264/303/267 265/304/266
f 115/398/138 263/302/271 265/304/266
f 266/305/265 115/399/138 265/304/266
f 272/311/272 267/306/273 274/313/274 273/312/275
f 270/309/276 269/308/277 268/307/278 271/310/279
f 255/294/261 252/291/260 269/308/277 270/309/276
f 261/300/269 236/275/246 255/294/261 270/309/276
f 260/299/270 261/300/269 270/309/276 271/310/279
f 258/297/242 235/274/241 272/311/272 273/312/275
f 252/291/260 258/297/242 273/312/275 269/308/277
f 274/313/274 268/307/278 269/308/277 273/312/275
f 275/314/280 278/317/281 277/316/282 276/315/283
f 271/310/279 268/307/278 276/315/283 277/316/282
f 264/303/267 260/299/270 271/310/279 277/316/282
f 278/317/281 259/298/264 264/303/267 277/316/282
f 274/313/274 267/306/273 279/318/239 280/319/238
f 276/315/283 268/307/278 274/313/274 280/319/238
f 281/320/237 275/314/280 276/315/283 280/319/238
f 116/400/115 309/348/284 308/347/285
f 282/321/286 297/336/287 296/335/288 295/334/289
f 288/327/290 283/322/291 290/329/292 289/328/293
f 286/325/294 285/324/295 284/323/296 287/326/297
f 218/257/223 215/254/222 285/324/295 286/325/294
f 249/288/252 118/157/121 218/257/223 286/325/294
f 244/283/253 249/288/252 286/325/294 287/326/297
f 221/260/211 206/245/210 288/327/290 289/328/293
f 215/254/222 221/260/211 289/328/293 285/324/295
f 290/329/292 284/323/296 285/324/295 289/328/293
f 291/330/298 294/333/299 293/332/300 292/331/301
f 287/326/297 284/323/296 292/331/301 293/332/300
f 256/295/240 244/283/253 287/326/297 293/332/300
f 294/333/299 235/274/241 256/295/240 293/332/300
f 290/329/292 283/322/291 295/334/289 296/335/288
f 292/331/301 284/323/296 290/329/292 296/335/288
f 297/336/287 291/330/298 292/331/301 296/335/288
f 116/401/115 303/342/302 302/341/303
f 298/337/304 301/340/305 300/339/306 299/338/307
f 231/270/233 228/267/232 299/338/307 300/339/306
f 288/327/290 206/245/210 231/270/233 300/339/306
f 301/340/305 283/322/291 288/327/290 300/339/306
f 116/402/115 302/341/303 233/272/118
f 302/341/303 299/338/307 228/267/232 233/272/118
f 303/342/302 298/337/304 299/338/307 302/341/303
f 304/343/308 307/346/309 306/345/310 305/344/311
f 301/340/305 298/337/304 305/344/311 306/345/310
f 295/334/289 283/322/291 301/340/305 306/345/310
f 307/346/309 282/321/286 295/334/289 306/345/310
f 116/403/115 308/347/285 303/342/302
f 308/347/285 305/344/311 298/337/304 303/342/302
f 309/348/284 304/343/308 305/344/311 308/347/285
f 310/349/312 325/364/313 324/363/314 323/362/315
f 316/355/316 311/350/317 318/357/318 317/356/319
f 314/353/320 313/352/321 312/351/322 315/354/323
f 294/333/299 291/330/298 313/352/321 314/353/320
f 272/311/272 235/274/241 294/333/299 314/353/320
f 267/306/273 272/311/272 314/353/320 315/354/323
f 297/336/287 282/321/286 316/355/316 317/356/319
f 291/330/298 297/336/287 317/356/319 313/352/321
f 318/357/318 312/351/322 313/352/321 317/356/319
f 319/358/324 322/361/325 321/360/326 320/359/327
f 315/354/323 312/351/322 320/359/327 321/360/326
f 279/318/239 267/306/273 315/354/323 321/360/326
f 322/361/325 234/273/236 279/318/239 321/360/326
f 318/357/318 311/350/317 323/362/315 324/363/314
f 320/359/327 312/351/322 318/357/318 324/363/314
f 325/364/313 319/358/324 320/359/327 324/363/314
f 116/404/115 331/370/328 330/369/329
f 326/365/330 329/368/331 328/367/332 327/366/333
f 307/346/309 304/343/308 327/366/333 328/367/332
f 316/355/316 282/321/286 307/346/309 328/367/332
f 329/368/331 311/350/317 316/355/316 328/367/332
f 116/405/115 330/369/329 309/348/284
f 330/369/329 327/366/333 304/343/308 309/348/284
f 331/370/328 326/365/330 327/366/333 330/369/329
f 332/371/334 335/374/335 334/373/336 333/372/337
f 329/368/331 326/365/330 333/372/337 334/373/336
f 323/362/315 311/350/317 329/368/331 334/373/336
f 335/374/335 310/349/312 323/362/315 334/373/336
f 116/406/115 336/375/117 331/370/328
f 336/375/117 333/372/337 326/365/330 331/370/328
f 337/376/116 332/371/334 333/372/337 336/375/117
g default
v 1.514630 13.296723 2.415808
v 1.489267 13.346832 2.418739
v 1.449763 13.386598 2.423305
v 1.399986 13.412130 2.429057
v 1.344807 13.420927 2.435434
v 1.289628 13.412130 2.441810
v 1.239850 13.386598 2.447563
v 1.200347 13.346832 2.452128
v 1.174984 13.296723 2.455059
v 1.166244 13.241177 2.456069
v 1.174984 13.185631 2.455059
v 1.200347 13.135522 2.452128
v 1.239850 13.095756 2.447563
v 1.289628 13.070224 2.441810
v 1.344807 13.061426 2.435434
v 1.399986 13.070224 2.429057
v 1.449763 13.095756 2.423305
v 1.489267 13.135522 2.418740
v 1.514630 13.185631 2.415808
v 1.523369 13.241177 2.414798
v 1.685103 13.350901 2.438480
v 1.635002 13.449885 2.444270
v 1.556967 13.528439 2.453288
v 1.458638 13.578874 2.464651
v 1.349639 13.596252 2.477247
v 1.240640 13.578874 2.489843
v 1.142310 13.528439 2.501206
v 1.064276 13.449885 2.510224
v 1.014175 13.350901 2.516014
v 0.996911 13.241177 2.518009
v 1.014175 13.131452 2.516014
v 1.064276 13.032468 2.510224
v 1.142310 12.953914 2.501206
v 1.240640 12.903480 2.489843
v 1.349639 12.886101 2.477247
v 1.458638 12.903480 2.464651
v 1.556967 12.953914 2.453288
v 1.635002 13.032468 2.444270
v 1.685103 13.131452 2.438480
v 1.702367 13.241177 2.436485
v 1.850406 13.402377 2.488837
v 1.776800 13.547800 2.497343
v 1.662155 13.663207 2.510591
v 1.517695 13.737303 2.527286
v 1.357560 13.762833 2.545791
v 1.197425 13.737303 2.564297
v 1.052965 13.663206 2.580991
v 0.938321 13.547799 2.594240
v 0.864714 13.402377 2.602746
v 0.839352 13.241177 2.605677
v 0.864714 13.079975 2.602746
v 0.938321 12.934554 2.594240
v 1.052965 12.819147 2.580991
v 1.197425 12.745051 2.564297
v 1.357560 12.719519 2.545791
v 1.517695 12.745051 2.527286
v 1.662155 12.819147 2.510591
v 1.776799 12.934554 2.497343
v 1.850405 13.079975 2.488837
v 1.875768 13.241177 2.485906
v 2.006467 13.449885 2.565639
v 1.911168 13.638163 2.576652
v 1.762737 13.787581 2.593805
v 1.575704 13.883514 2.615419
v 1.368375 13.916570 2.639378
v 1.161047 13.883514 2.663338
v 0.974013 13.787581 2.684952
v 0.825583 13.638163 2.702105
v 0.730284 13.449885 2.713118
v 0.697447 13.241176 2.716913
v 0.730284 13.032468 2.713118
v 0.825583 12.844190 2.702105
v 0.974013 12.694771 2.684952
v 1.161047 12.598839 2.663338
v 1.368375 12.565782 2.639378
v 1.575704 12.598839 2.615419
v 1.762737 12.694771 2.593805
v 1.911168 12.844190 2.576652
v 2.006466 13.032468 2.565639
v 2.039304 13.241176 2.561844
v 2.149443 13.492253 2.666995
v 2.034799 13.718753 2.680244
v 1.856237 13.898503 2.700879
v 1.631234 14.013910 2.726881
v 1.381818 14.053677 2.755704
v 1.132402 14.013910 2.784527
v 0.907400 13.898503 2.810529
v 0.728838 13.718753 2.831164
v 0.614193 13.492253 2.844413
v 0.574690 13.241177 2.848978
v 0.614193 12.990100 2.844413
v 0.728838 12.763601 2.831164
v 0.907400 12.583851 2.810529
v 1.132402 12.468444 2.784527
v 1.381818 12.428677 2.755704
v 1.631234 12.468444 2.726881
v 1.856236 12.583851 2.700879
v 2.034799 12.763601 2.680244
v 2.149443 12.990100 2.666995
v 2.188946 13.241177 2.662430
v 2.275815 13.528440 2.790410
v 2.144648 13.787581 2.805568
v 1.940351 13.993239 2.829177
v 1.682921 14.125278 2.858926
v 1.397558 14.170778 2.891904
v 1.112195 14.125278 2.924881
v 0.854765 13.993239 2.954630
v 0.650468 13.787581 2.978240
v 0.519301 13.528440 2.993397
v 0.474104 13.241177 2.998621
v 0.519301 12.953914 2.993397
v 0.650468 12.694770 2.978239
v 0.854765 12.489115 2.954630
v 1.112195 12.357074 2.924881
v 1.397558 12.311576 2.891904
v 1.682921 12.357074 2.858926
v 1.940350 12.489115 2.829177
v 2.144648 12.694772 2.805568
v 2.275815 12.953914 2.790410
v 2.321011 13.241177 2.785187
v 2.382471 13.557551 2.932844
v 2.238010 13.842956 2.949538
v 2.013008 14.069456 2.975540
v 1.729490 14.214877 3.008305
v 1.415206 14.264986 3.044624
v 1.100923 14.214877 3.080943
v 0.817405 14.069456 3.113708
v 0.592403 13.842956 3.139709
v 0.447943 13.557551 3.156404
v 0.398165 13.241176 3.162156
v 0.447943 12.924802 3.156404
v 0.592403 12.639396 3.139709
v 0.817405 12.412897 3.113708
v 1.100923 12.267476 3.080943
v 1.415206 12.217367 3.044624
v 1.729489 12.267476 3.008305
v 2.013008 12.412897 2.975540
v 2.238010 12.639396 2.949539
v 2.382470 12.924802 2.932844
v 2.432247 13.241176 2.927092
v 2.466783 13.578874 3.090791
v 2.312587 13.883514 3.108610
v 2.072421 14.125278 3.136365
v 1.769794 14.280501 3.171337
v 1.434330 14.333987 3.210104
v 1.098865 14.280501 3.248872
v 0.796239 14.125278 3.283844
v 0.556073 13.883514 3.311598
v 0.401877 13.578874 3.329417
v 0.348744 13.241176 3.335558
v 0.401877 12.903479 3.329417
v 0.556073 12.598839 3.311598
v 0.796239 12.357075 3.283844
v 1.098865 12.201852 3.248872
v 1.434330 12.148366 3.210104
v 1.769794 12.201852 3.171337
v 2.072421 12.357075 3.136365
v 2.312587 12.598839 3.108611
v 2.466782 12.903479 3.090791
v 2.519915 13.241176 3.084651
v 2.526677 13.591881 3.260361
v 2.366542 13.908256 3.278867
v 2.117126 14.159332 3.307690
v 1.802842 14.320533 3.344010
v 1.454457 14.376079 3.384270
v 1.106071 14.320533 3.424530
v 0.791788 14.159332 3.460850
v 0.542372 13.908256 3.489673
v 0.382237 13.591880 3.508179
v 0.327058 13.241177 3.514555
v 0.382237 12.890472 3.508179
v 0.542372 12.574098 3.489673
v 0.791788 12.323022 3.460850
v 1.106072 12.161821 3.424530
v 1.454457 12.106275 3.384270
v 1.802842 12.161821 3.344010
v 2.117125 12.323022 3.307690
v 2.366542 12.574098 3.278867
v 2.526677 12.890473 3.260361
v 2.581855 13.241177 3.253985
v 2.560678 13.596252 3.437379
v 2.398546 13.916570 3.456115
v 2.146021 14.170777 3.485298
v 1.827820 14.333987 3.522070
v 1.475092 14.390226 3.562832
v 1.122364 14.333987 3.603594
v 0.804163 14.170777 3.640366
v 0.551638 13.916570 3.669549
v 0.389507 13.596252 3.688285
v 0.333640 13.241177 3.694741
v 0.389507 12.886101 3.688285
v 0.551638 12.565782 3.669549
v 0.804163 12.311576 3.640366
v 1.122364 12.148366 3.603594
v 1.475092 12.092128 3.562832
v 1.827820 12.148366 3.522070
v 2.146020 12.311577 3.485298
v 2.398546 12.565783 3.456115
v 2.560677 12.886101 3.437379
v 2.616544 13.241177 3.430923
v 2.567948 13.591880 3.617486
v 2.407812 13.908256 3.635991
v 2.158396 14.159331 3.664814
v 1.844113 14.320532 3.701134
v 1.495727 14.376079 3.741395
v 1.147342 14.320532 3.781655
v 0.833059 14.159331 3.817974
v 0.583642 13.908254 3.846798
v 0.423507 13.591880 3.865303
v 0.368328 13.241176 3.871680
v 0.423507 12.890472 3.865303
v 0.583642 12.574097 3.846797
v 0.833059 12.323021 3.817974
v 1.147342 12.161821 3.781655
v 1.495727 12.106274 3.741395
v 1.844112 12.161821 3.701134
v 2.158395 12.323021 3.664815
v 2.407812 12.574097 3.635992
v 2.567947 12.890472 3.617486
v 2.623126 13.241176 3.611109
v 2.548308 13.578874 3.796247
v 2.394112 13.883515 3.814066
v 2.153946 14.125279 3.841820
v 1.851319 14.280502 3.876793
v 1.515854 14.333987 3.915560
v 1.180390 14.280502 3.954327
v 0.877763 14.125279 3.989300
v 0.637597 13.883515 4.017054
v 0.483401 13.578874 4.034873
v 0.430269 13.241177 4.041013
v 0.483401 12.903480 4.034873
v 0.637597 12.598839 4.017054
v 0.877763 12.357075 3.989300
v 1.180390 12.201852 3.954327
v 1.515854 12.148367 3.915560
v 1.851318 12.201853 3.876793
v 2.153945 12.357075 3.841821
v 2.394111 12.598839 3.814067
v 2.548307 12.903480 3.796247
v 2.601439 13.241177 3.790107
v 2.502242 13.557552 3.969261
v 2.357781 13.842957 3.985955
v 2.132780 14.069457 4.011957
v 1.849261 14.214878 4.044721
v 1.534978 14.264987 4.081041
v 1.220694 14.214878 4.117360
v 0.937176 14.069457 4.150124
v 0.712174 13.842957 4.176126
v 0.567714 13.557552 4.192820
v 0.517936 13.241177 4.198573
v 0.567714 12.924803 4.192820
v 0.712174 12.639397 4.176126
v 0.937176 12.412898 4.150124
v 1.220694 12.267476 4.117360
v 1.534978 12.217367 4.081041
v 1.849260 12.267477 4.044721
v 2.132779 12.412898 4.011957
v 2.357781 12.639397 3.985955
v 2.502241 12.924803 3.969261
v 2.552018 13.241177 3.963509
v 2.430884 13.528440 4.132267
v 2.299717 13.787581 4.147425
v 2.095419 13.993239 4.171034
v 1.837989 14.125278 4.200783
v 1.552626 14.170778 4.233761
v 1.267263 14.125278 4.266738
v 1.009834 13.993239 4.296487
v 0.805536 13.787581 4.320096
v 0.674369 13.528440 4.335255
v 0.629172 13.241177 4.340478
v 0.674369 12.953914 4.335254
v 0.805536 12.694770 4.320096
v 1.009834 12.489115 4.296487
v 1.267263 12.357074 4.266738
v 1.552626 12.311576 4.233761
v 1.837989 12.357074 4.200783
v 2.095419 12.489115 4.171034
v 2.299716 12.694772 4.147425
v 2.430883 12.953914 4.132267
v 2.476080 13.241177 4.127044
v 2.335991 13.492253 4.281251
v 2.221347 13.718753 4.294500
v 2.042784 13.898503 4.315135
v 1.817782 14.013910 4.341137
v 1.568366 14.053677 4.369960
v 1.318949 14.013910 4.398783
v 1.093948 13.898503 4.424786
v 0.915385 13.718751 4.445421
v 0.800741 13.492253 4.458669
v 0.761237 13.241176 4.463234
v 0.800741 12.990100 4.458669
v 0.915385 12.763601 4.445421
v 1.093948 12.583850 4.424785
v 1.318950 12.468443 4.398783
v 1.568366 12.428676 4.369960
v 1.817782 12.468443 4.341137
v 2.042784 12.583850 4.315135
v 2.221346 12.763601 4.294500
v 2.335990 12.990100 4.281252
v 2.375494 13.241176 4.276687
v 2.219900 13.449885 4.412546
v 2.124602 13.638164 4.423560
v 1.976171 13.787582 4.440713
v 1.789137 13.883515 4.462326
v 1.581809 13.916570 4.486286
v 1.374480 13.883515 4.510246
v 1.187447 13.787582 4.531859
v 1.039016 13.638164 4.549013
v 0.943718 13.449885 4.560026
v 0.910880 13.241177 4.563820
v 0.943718 13.032468 4.560025
v 1.039016 12.844190 4.549013
v 1.187447 12.694771 4.531859
v 1.374481 12.598839 4.510245
v 1.581809 12.565783 4.486286
v 1.789137 12.598839 4.462327
v 1.976171 12.694771 4.440712
v 2.124601 12.844190 4.423559
v 2.219900 13.032468 4.412546
v 2.252737 13.241177 4.408752
v 2.085470 13.402377 4.522918
v 2.011864 13.547799 4.531425
v 1.897219 13.663206 4.544673
v 1.752759 13.737302 4.561367
v 1.592624 13.762833 4.579873
v 1.432489 13.737302 4.598379
v 1.288029 13.663206 4.615073
v 1.173385 13.547799 4.628322
v 1.099778 13.402377 4.636828
v 1.074416 13.241177 4.639759
v 1.099778 13.079975 4.636828
v 1.173385 12.934554 4.628321
v 1.288029 12.819147 4.615073
v 1.432489 12.745051 4.598379
v 1.592624 12.719519 4.579873
v 1.752759 12.745051 4.561367
v 1.897219 12.819147 4.544673
v 2.011863 12.934554 4.531425
v 2.085469 13.079975 4.522919
v 2.110832 13.241177 4.519988
v 2.011612 13.375629 4.600913
v 1.950219 13.496920 4.608008
v 1.854598 13.593178 4.619058
v 1.734109 13.654979 4.632982
v 1.600545 13.676274 4.648417
v 1.466982 13.654979 4.663852
v 1.346492 13.593178 4.677776
v 1.250871 13.496920 4.688827
v 1.189479 13.375629 4.695921
v 1.168324 13.241177 4.698366
v 1.189479 13.106724 4.695921
v 1.250871 12.985432 4.688827
v 1.346492 12.889176 4.677776
v 1.466982 12.827375 4.663852
v 1.600545 12.806079 4.648417
v 1.734109 12.827375 4.632982
v 1.854598 12.889176 4.619058
v 1.950219 12.985432 4.608008
v 2.011612 13.106724 4.600913
v 2.032766 13.241177 4.598469
v 1.775200 13.296723 4.670605
v 1.749837 13.346832 4.673537
v 1.710334 13.386598 4.678102
v 1.660556 13.412130 4.683854
v 1.605377 13.420927 4.690231
v 1.550198 13.412130 4.696607
v 1.500421 13.386598 4.702360
v 1.460917 13.346832 4.706925
v 1.435554 13.296723 4.709856
v 1.426815 13.241176 4.710866
v 1.435554 13.185630 4.709856
v 1.460917 13.135521 4.706925
v 1.500421 13.095755 4.702360
v 1.550198 13.070223 4.696607
v 1.605377 13.061425 4.690231
v 1.660556 13.070223 4.683854
v 1.710334 13.095755 4.678102
v 1.749837 13.135521 4.673537
v 1.775200 13.185630 4.670605
v 1.783940 13.241176 4.669596
v 1.343183 13.241177 2.421380
v 1.607001 13.241177 4.704284
vt 0.000000 0.050000
vt 0.050000 0.050000
vt 0.100000 0.050000
vt 0.150000 0.050000
vt 0.200000 0.050000
vt 0.250000 0.050000
vt 0.300000 0.050000
vt 0.350000 0.050000
vt 0.400000 0.050000
vt 0.450000 0.050000
vt 0.500000 0.050000
vt 0.550000 0.050000
vt 0.600000 0.050000
vt 0.650000 0.050000
vt 0.700000 0.050000
vt 0.750000 0.050000
vt 0.800000 0.050000
vt 0.850000 0.050000
vt 0.900000 0.050000
vt 0.950000 0.050000
vt 1.000000 0.050000
vt 0.000000 0.100000
vt 0.050000 0.100000
vt 0.100000 0.100000
vt 0.150000 0.100000
vt 0.200000 0.100000
vt 0.250000 0.100000
vt 0.300000 0.100000
vt 0.350000 0.100000
vt 0.400000 0.100000
vt 0.450000 0.100000
vt 0.500000 0.100000
vt 0.550000 0.100000
vt 0.600000 0.100000
vt 0.650000 0.100000
vt 0.700000 0.100000
vt 0.750000 0.100000
vt 0.800000 0.100000
vt 0.850000 0.100000
vt 0.900000 0.100000
vt 0.950000 0.100000
vt 1.000000 0.100000
vt 0.000000 0.150000
vt 0.050000 0.150000
vt 0.100000 0.150000
vt 0.150000 0.150000
vt 0.200000 0.150000
vt 0.250000 0.150000
vt 0.300000 0.150000
vt 0.350000 0.150000
vt 0.400000 0.150000
vt 0.450000 0.150000
vt 0.500000 0.150000
vt 0.550000 0.150000
vt 0.600000 0.150000
vt 0.650000 0.150000
vt 0.700000 0.150000
vt 0.750000 0.150000
vt 0.800000 0.150000
vt 0.850000 0.150000
vt 0.900000 0.150000
vt 0.950000 0.150000
vt 1.000000 0.150000
vt 0.000000 0.200000
vt 0.050000 0.200000
vt 0.100000 0.200000
vt 0.150000 0.200000
vt 0.200000 0.200000
vt 0.250000 0.200000
vt 0.300000 0.200000
vt 0.350000 0.200000
vt 0.400000 0.200000
vt 0.450000 0.200000
vt 0.500000 0.200000
vt 0.550000 0.200000
vt 0.600000 0.200000
vt 0.650000 0.200000
vt 0.700000 0.200000
vt 0.750000 0.200000
vt 0.800000 0.200000
vt 0.850000 0.200000
vt 0.900000 0.200000
vt 0.950000 0.200000
vt 1.000000 0.200000
vt 0.000000 0.250000
vt 0.050000 0.250000
vt 0.100000 0.250000
vt 0.150000 0.250000
vt 0.200000 0.250000
vt 0.250000 0.250000
vt 0.300000 0.250000
vt 0.350000 0.250000
vt 0.400000 0.250000
vt 0.450000 0.250000
vt 0.500000 0.250000
vt 0.550000 0.250000
vt 0.600000 0.250000
vt 0.650000 0.250000
vt 0.700000 0.250000
vt 0.750000 0.250000
vt 0.800000 0.250000
vt 0.850000 0.250000
vt 0.900000 0.250000
vt 0.950000 0.250000
vt 1.000000 0.250000
vt 0.000000 0.300000
vt 0.050000 0.300000
vt 0.100000 0.300000
vt 0.150000 0.300000
vt 0.200000 0.300000
vt 0.250000 0.300000
vt 0.300000 0.300000
vt 0.350000 0.300000
vt 0.400000 0.300000
vt 0.450000 0.300000
vt 0.500000 0.300000
vt 0.550000 0.300000
vt 0.600000 0.300000
vt 0.650000 0.300000
vt 0.700000 0.300000
vt 0.750000 0.300000
vt 0.800000 0.300000
vt 0.850000 0.300000
vt 0.900000 0.300000
vt 0.950000 0.300000
vt 1.000000 0.300000
vt 0.000000 0.350000
vt 0.050000 0.350000
vt 0.100000 0.350000
vt 0.150000 0.350000
vt 0.200000 0.350000
vt 0.250000 0.350000
vt 0.300000 0.350000
vt 0.350000 0.350000
vt 0.400000 0.350000
vt 0.450000 0.350000
vt 0.500000 0.350000
vt 0.550000 0.350000
vt 0.600000 0.350000
vt 0.650000 0.350000
vt 0.700000 0.350000
vt 0.750000 0.350000
vt 0.800000 0.350000
vt 0.850000 0.350000
vt 0.900000 0.350000
vt 0.950000 0.350000
vt 1.000000 0.350000
vt 0.000000 0.400000
vt 0.050000 0.400000
vt 0.100000 0.400000
vt 0.150000 0.400000
vt 0.200000 0.400000
vt 0.250000 0.400000
vt 0.300000 0.400000
vt 0.350000 0.400000
vt 0.400000 0.400000
vt 0.450000 0.400000
vt 0.500000 0.400000
vt 0.550000 0.400000
vt 0.600000 0.400000
vt 0.650000 0.400000
vt 0.700000 0.400000
vt 0.750000 0.400000
vt 0.800000 0.400000
vt 0.850000 0.400000
vt 0.900000 0.400000
vt 0.950000 0.400000
vt 1.000000 0.400000
vt 0.000000 0.450000
vt 0.050000 0.450000
vt 0.100000 0.450000
vt 0.150000 0.450000
vt 0.200000 0.450000
vt 0.250000 0.450000
vt 0.300000 0.450000
vt 0.350000 0.450000
vt 0.400000 0.450000
vt 0.450000 0.450000
vt 0.500000 0.450000
vt 0.550000 0.450000
vt 0.600000 0.450000
vt 0.650000 0.450000
vt 0.700000 0.450000
vt 0.750000 0.450000
vt 0.800000 0.450000
vt 0.850000 0.450000
vt 0.900000 0.450000
vt 0.950000 0.450000
vt 1.000000 0.450000
vt 0.000000 0.500000
vt 0.050000 0.500000
vt 0.100000 0.500000
vt 0.150000 0.500000
vt 0.200000 0.500000
vt 0.250000 0.500000
vt 0.300000 0.500000
vt 0.350000 0.500000
vt 0.400000 0.500000
vt 0.450000 0.500000
vt 0.500000 0.500000
vt 0.550000 0.500000
vt 0.600000 0.500000
vt 0.650000 0.500000
vt 0.700000 0.500000
vt 0.750000 0.500000
vt 0.800000 0.500000
vt 0.850000 0.500000
vt 0.900000 0.500000
vt 0.950000 0.500000
vt 1.000000 0.500000
vt 0.000000 0.550000
vt 0.050000 0.550000
vt 0.100000 0.550000
vt 0.150000 0.550000
vt 0.200000 0.550000
vt 0.250000 0.550000
vt 0.300000 0.550000
vt 0.350000 0.550000
vt 0.400000 0.550000
vt 0.450000 0.550000
vt 0.500000 0.550000
vt 0.550000 0.550000
vt 0.600000 0.550000
vt 0.650000 0.550000
vt 0.700000 0.550000
vt 0.750000 0.550000
vt 0.800000 0.550000
vt 0.850000 0.550000
vt 0.900000 0.550000
vt 0.950000 0.550000
vt 1.000000 0.550000
vt 0.000000 0.600000
vt 0.050000 0.600000
vt 0.100000 0.600000
vt 0.150000 0.600000
vt 0.200000 0.600000
vt 0.250000 0.600000
vt 0.300000 0.600000
vt 0.350000 0.600000
vt 0.400000 0.600000
vt 0.450000 0.600000
vt 0.500000 0.600000
vt 0.550000 0.600000
vt 0.600000 0.600000
vt 0.650000 0.600000
vt 0.700000 0.600000
vt 0.750000 0.600000
vt 0.800000 0.600000
vt 0.850000 0.600000
vt 0.900000 0.600000
vt 0.950000 0.600000
vt 1.000000 0.600000
vt 0.000000 0.650000
vt 0.050000 0.650000
vt 0.100000 0.650000
vt 0.150000 0.650000
vt 0.200000 0.650000
vt 0.250000 0.650000
vt 0.300000 0.650000
vt 0.350000 0.650000
vt 0.400000 0.650000
vt 0.450000 0.650000
vt 0.500000 0.650000
vt 0.550000 0.650000
vt 0.600000 0.650000
vt 0.650000 0.650000
vt 0.700000 0.650000
vt 0.750000 0.650000
vt 0.800000 0.650000
vt 0.850000 0.650000
vt 0.900000 0.650000
vt 0.950000 0.650000
vt 1.000000 0.650000
vt 0.000000 0.700000
vt 0.050000 0.700000
vt 0.100000 0.700000
vt 0.150000 0.700000
vt 0.200000 0.700000
vt 0.250000 0.700000
vt 0.300000 0.700000
vt 0.350000 0.700000
vt 0.400000 0.700000
vt 0.450000 0.700000
vt 0.500000 0.700000
vt 0.550000 0.700000
vt 0.600000 0.700000
vt 0.650000 0.700000
vt 0.700000 0.700000
vt 0.750000 0.700000
vt 0.800000 0.700000
vt 0.850000 0.700000
vt 0.900000 0.700000
vt 0.950000 0.700000
vt 1.000000 0.700000
vt 0.000000 0.750000
vt 0.050000 0.750000
vt 0.100000 0.750000
vt 0.150000 0.750000
vt 0.200000 0.750000
vt 0.250000 0.750000
vt 0.300000 0.750000
vt 0.350000 0.750000
vt 0.400000 0.750000
vt 0.450000 0.750000
vt 0.500000 0.750000
vt 0.550000 0.750000
vt 0.600000 0.750000
vt 0.650000 0.750000
vt 0.700000 0.750000
vt 0.750000 0.750000
vt 0.800000 0.750000
vt 0.850000 0.750000
vt 0.900000 0.750000
vt 0.950000 0.750000
vt 1.000000 0.750000
vt 0.000000 0.800000
vt 0.050000 0.800000
vt 0.100000 0.800000
vt 0.150000 0.800000
vt 0.200000 0.800000
vt 0.250000 0.800000
vt 0.300000 0.800000
vt 0.350000 0.800000
vt 0.400000 0.800000
vt 0.450000 0.800000
vt 0.500000 0.800000
vt 0.550000 0.800000
vt 0.600000 0.800000
vt 0.650000 0.800000
vt 0.700000 0.800000
vt 0.750000 0.800000
vt 0.800000 0.800000
vt 0.850000 0.800000
vt 0.900000 0.800000
vt 0.950000 0.800000
vt 1.000000 0.800000
vt 0.000000 0.850000
vt 0.050000 0.850000
vt 0.100000 0.850000
vt 0.150000 0.850000
vt 0.200000 0.850000
vt 0.250000 0.850000
vt 0.300000 0.850000
vt 0.350000 0.850000
vt 0.400000 0.850000
vt 0.450000 0.850000
vt 0.500000 0.850000
vt 0.550000 0.850000
vt 0.600000 0.850000
vt 0.650000 0.850000
vt 0.700000 0.850000
vt 0.750000 0.850000
vt 0.800000 0.850000
vt 0.850000 0.850000
vt 0.900000 0.850000
vt 0.950000 0.850000
vt 1.000000 0.850000
vt 0.000000 0.900000
vt 0.050000 0.900000
vt 0.100000 0.900000
vt 0.150000 0.900000
vt 0.200000 0.900000
vt 0.250000 0.900000
vt 0.300000 0.900000
vt 0.350000 0.900000
vt 0.400000 0.900000
vt 0.450000 0.900000
vt 0.500000 0.900000
vt 0.550000 0.900000
vt 0.600000 0.900000
vt 0.650000 0.900000
vt 0.700000 0.900000
vt 0.750000 0.900000
vt 0.800000 0.900000
vt 0.850000 0.900000
vt 0.900000 0.900000
vt 0.950000 0.900000
vt 1.000000 0.900000
vt 0.000000 0.950000
vt 0.050000 0.950000
vt 0.100000 0.950000
vt 0.150000 0.950000
vt 0.200000 0.950000
vt 0.250000 0.950000
vt 0.300000 0.950000
vt 0.350000 0.950000
vt 0.400000 0.950000
vt 0.450000 0.950000
vt 0.500000 0.950000
vt 0.550000 0.950000
vt 0.600000 0.950000
vt 0.650000 0.950000
vt 0.700000 0.950000
vt 0.750000 0.950000
vt 0.800000 0.950000
vt 0.850000 0.950000
vt 0.900000 0.950000
vt 0.950000 0.950000
vt 1.000000 0.950000
vt 0.025000 0.000000
vt 0.075000 0.000000
vt 0.125000 0.000000
vt 0.175000 0.000000
vt 0.225000 0.000000
vt 0.275000 0.000000
vt 0.325000 0.000000
vt 0.375000 0.000000
vt 0.425000 0.000000
vt 0.475000 0.000000
vt 0.525000 0.000000
vt 0.575000 0.000000
vt 0.625000 0.000000
vt 0.675000 0.000000
vt 0.725000 0.000000
vt 0.775000 0.000000
vt 0.825000 0.000000
vt 0.875000 0.000000
vt 0.925000 0.000000
vt 0.975000 0.000000
vt 0.025000 1.000000
vt 0.075000 1.000000
vt 0.125000 1.000000
vt 0.175000 1.000000
vt 0.225000 1.000000
vt 0.275000 1.000000
vt 0.325000 1.000000
vt 0.375000 1.000000
vt 0.425000 1.000000
vt 0.475000 1.000000
vt 0.525000 1.000000
vt 0.575000 1.000000
vt 0.625000 1.000000
vt 0.675000 1.000000
vt 0.725000 1.000000
vt 0.775000 1.000000
vt 0.825000 1.000000
vt 0.875000 1.000000
vt 0.925000 1.000000
vt 0.975000 1.000000
vn 0.076824 0.061914 -0.995120
vn 0.048552 0.117769 -0.991853
vn 0.159862 0.196072 -0.967471
vn 0.206932 0.103081 -0.972910
vn 0.004520 0.162095 -0.986765
vn 0.086553 0.269870 -0.958999
vn -0.050965 0.190554 -0.980353
vn -0.005823 0.317251 -0.948324
vn -0.112472 0.200361 -0.973245
vn -0.108224 0.333577 -0.936490
vn -0.173977 0.190555 -0.966137
vn -0.210623 0.317252 -0.924656
vn -0.229462 0.162096 -0.959725
vn -0.303000 0.269871 -0.913981
vn -0.273495 0.117770 -0.954636
vn -0.376310 0.196073 -0.905509
vn -0.301765 0.061915 -0.951370
vn -0.423378 0.103082 -0.900070
vn -0.311508 -0.000000 -0.950243
vn -0.439597 -0.000000 -0.898195
vn -0.301768 -0.061916 -0.951369
vn -0.423378 -0.103082 -0.900069
vn -0.273494 -0.117768 -0.954637
vn -0.376310 -0.196073 -0.905509
vn -0.229461 -0.162094 -0.959726
vn -0.303000 -0.269871 -0.913981
vn -0.173976 -0.190555 -0.966137
vn -0.210622 -0.317252 -0.924657
vn -0.112470 -0.200360 -0.973245
vn -0.108223 -0.333577 -0.936490
vn -0.050966 -0.190554 -0.980353
vn -0.005824 -0.317251 -0.948324
vn 0.004518 -0.162094 -0.986765
vn 0.086552 -0.269870 -0.958999
vn 0.048552 -0.117768 -0.991853
vn 0.159863 -0.196072 -0.967471
vn 0.076825 -0.061916 -0.995120
vn 0.206932 -0.103081 -0.972910
vn 0.086567 -0.000000 -0.996246
vn 0.223150 -0.000000 -0.974784
vn 0.277045 0.276702 -0.920153
vn 0.343470 0.145470 -0.927829
vn 0.173589 0.380848 -0.908197
vn 0.043226 0.447714 -0.893132
vn -0.101283 0.470752 -0.876433
vn -0.245791 0.447712 -0.859733
vn -0.376155 0.380846 -0.844668
vn -0.479611 0.276701 -0.832712
vn -0.546035 0.145470 -0.825036
vn -0.568922 0.000000 -0.822391
vn -0.546035 -0.145471 -0.825036
vn -0.479612 -0.276702 -0.832711
vn -0.376155 -0.380847 -0.844667
vn -0.245791 -0.447712 -0.859733
vn -0.101283 -0.470752 -0.876433
vn 0.043226 -0.447712 -0.893132
vn 0.173589 -0.380847 -0.908197
vn 0.277047 -0.276702 -0.920153
vn 0.343468 -0.145470 -0.927830
vn 0.366356 -0.000000 -0.930475
vn 0.390064 0.352474 -0.850654
vn 0.474677 0.185306 -0.860432
vn 0.258276 0.485139 -0.835424
vn 0.092213 0.570315 -0.816234
vn -0.091868 0.599664 -0.794961
vn -0.275949 0.570313 -0.773689
vn -0.442010 0.485137 -0.754499
vn -0.573799 0.352473 -0.739269
vn -0.658412 0.185306 -0.729490
vn -0.687567 -0.000000 -0.726121
vn -0.658412 -0.185307 -0.729490
vn -0.573799 -0.352474 -0.739268
vn -0.442011 -0.485138 -0.754498
vn -0.275949 -0.570316 -0.773687
vn -0.091868 -0.599666 -0.794960
vn 0.092214 -0.570316 -0.816233
vn 0.258276 -0.485139 -0.835424
vn 0.390064 -0.352474 -0.850654
vn 0.474675 -0.185306 -0.860433
vn 0.503831 -0.000001 -0.863802
vn 0.494667 0.420460 -0.760604
vn 0.595599 0.221048 -0.772269
vn 0.337459 0.578713 -0.742437
vn 0.139367 0.680316 -0.719546
vn -0.080220 0.715327 -0.694170
vn -0.299807 0.680317 -0.668793
vn -0.497899 0.578713 -0.645901
vn -0.655106 0.420459 -0.627734
vn -0.756040 0.221048 -0.616069
vn -0.790819 0.000000 -0.612050
vn -0.756039 -0.221048 -0.616070
vn -0.655106 -0.420459 -0.627734
vn -0.497899 -0.578712 -0.645901
vn -0.299808 -0.680317 -0.668793
vn -0.080220 -0.715327 -0.694170
vn 0.139368 -0.680317 -0.719545
vn 0.337460 -0.578713 -0.742437
vn 0.494666 -0.420460 -0.760604
vn 0.595599 -0.221048 -0.772269
vn 0.630379 -0.000000 -0.776288
vn 0.587823 0.478652 -0.652193
vn 0.702726 0.251642 -0.665471
vn 0.408858 0.658808 -0.631512
vn 0.183350 0.774476 -0.605451
vn -0.066629 0.814332 -0.576562
vn -0.316608 0.774476 -0.547673
vn -0.542117 0.658809 -0.521613
vn -0.721082 0.478652 -0.500932
vn -0.835984 0.251643 -0.487654
vn -0.875577 0.000000 -0.483078
vn -0.835984 -0.251642 -0.487655
vn -0.721080 -0.478652 -0.500935
vn -0.542116 -0.658807 -0.521616
vn -0.316608 -0.774474 -0.547677
vn -0.066629 -0.814331 -0.576564
vn 0.183350 -0.774474 -0.605452
vn 0.408858 -0.658806 -0.631514
vn 0.587822 -0.478651 -0.652196
vn 0.702725 -0.251642 -0.665473
vn 0.742319 -0.000001 -0.670047
vn 0.667080 0.525502 -0.528065
vn 0.793230 0.276271 -0.542642
vn 0.470598 0.723291 -0.505360
vn 0.223018 0.850280 -0.476746
vn -0.051429 0.894038 -0.445030
vn -0.325875 0.850280 -0.413315
vn -0.573457 0.723291 -0.384705
vn -0.769938 0.525502 -0.361999
vn -0.896088 0.276272 -0.347420
vn -0.939555 -0.000000 -0.342397
vn -0.896087 -0.276272 -0.347420
vn -0.769938 -0.525502 -0.361998
vn -0.573456 -0.723291 -0.384705
vn -0.325875 -0.850279 -0.413317
vn -0.051429 -0.894037 -0.445030
vn 0.223018 -0.850280 -0.476746
vn 0.470598 -0.723291 -0.505359
vn 0.667080 -0.525502 -0.528065
vn 0.793229 -0.276273 -0.542643
vn 0.836698 -0.000002 -0.547665
vn 0.730440 0.559818 -0.391231
vn 0.864827 0.294313 -0.406760
vn 0.521127 0.770523 -0.367044
vn 0.257378 0.905804 -0.336563
vn -0.034990 0.952419 -0.302776
vn -0.327358 0.905805 -0.268989
vn -0.591107 0.770523 -0.238509
vn -0.800419 0.559818 -0.214319
vn -0.934806 0.294314 -0.198789
vn -0.981113 -0.000000 -0.193437
vn -0.934806 -0.294314 -0.198787
vn -0.800419 -0.559819 -0.214317
vn -0.591107 -0.770524 -0.238506
vn -0.327358 -0.905806 -0.268986
vn -0.034989 -0.952420 -0.302772
vn 0.257379 -0.905805 -0.336560
vn 0.521129 -0.770525 -0.367038
vn 0.730441 -0.559819 -0.391227
vn 0.864828 -0.294315 -0.406758
vn 0.911134 -0.000001 -0.412110
vn 0.776342 0.580751 -0.244992
vn 0.915754 0.305319 -0.261102
vn 0.559203 0.799335 -0.219900
vn 0.285592 0.939674 -0.188281
vn -0.017708 0.988032 -0.153232
vn -0.321008 0.939674 -0.118182
vn -0.594618 0.799335 -0.086559
vn -0.811758 0.580751 -0.061465
vn -0.951169 0.305319 -0.045356
vn -0.999207 0.000000 -0.039805
vn -0.951169 -0.305319 -0.045356
vn -0.811757 -0.580751 -0.061468
vn -0.594619 -0.799334 -0.086561
vn -0.321008 -0.939674 -0.118178
vn -0.017707 -0.988032 -0.153228
vn 0.285594 -0.939674 -0.188278
vn 0.559205 -0.799334 -0.219897
vn 0.776343 -0.580751 -0.244990
vn 0.915754 -0.305318 -0.261102
vn 0.963792 -0.000001 -0.266654
vn 0.803669 0.587785 -0.092874
vn 0.944769 0.309016 -0.109180
vn 0.583899 0.809017 -0.067476
vn 0.306974 0.951056 -0.035474
vn 0.000000 1.000000 -0.000000
vn -0.306974 0.951056 0.035476
vn -0.583899 0.809017 0.067478
vn -0.803669 0.587785 0.092874
vn -0.944769 0.309017 0.109180
vn -0.993389 0.000000 0.114798
vn -0.944769 -0.309017 0.109180
vn -0.803668 -0.587785 0.092873
vn -0.583899 -0.809017 0.067476
vn -0.306974 -0.951057 0.035475
vn -0.000000 -1.000000 0.000000
vn 0.306975 -0.951056 -0.035475
vn 0.583900 -0.809017 -0.067478
vn 0.803668 -0.587785 -0.092875
vn 0.944769 -0.309017 -0.109180
vn 0.993389 -0.000001 -0.114799
vn 0.811758 0.580750 0.061467
vn 0.951170 0.305317 0.045355
vn 0.594618 0.799335 0.086558
vn 0.321008 0.939675 0.118176
vn 0.017707 0.988032 0.153227
vn -0.285593 0.939674 0.188278
vn -0.559205 0.799335 0.219896
vn -0.776344 0.580750 0.244989
vn -0.915755 0.305318 0.261102
vn -0.963792 -0.000001 0.266654
vn -0.915754 -0.305319 0.261104
vn -0.776342 -0.580750 0.244994
vn -0.559203 -0.799335 0.219900
vn -0.285593 -0.939674 0.188278
vn 0.017708 -0.988032 0.153229
vn 0.321008 -0.939674 0.118180
vn 0.594618 -0.799335 0.086559
vn 0.811757 -0.580751 0.061466
vn 0.951169 -0.305319 0.045356
vn 0.999207 -0.000001 0.039804
vn 0.800419 0.559818 0.214319
vn 0.934807 0.294313 0.198788
vn 0.591107 0.770525 0.238505
vn 0.327357 0.905806 0.268984
vn 0.034989 0.952420 0.302772
vn -0.257379 0.905806 0.336559
vn -0.521129 0.770524 0.367039
vn -0.730440 0.559819 0.391228
vn -0.864827 0.294314 0.406759
vn -0.911134 0.000000 0.412110
vn -0.864827 -0.294314 0.406760
vn -0.730440 -0.559818 0.391231
vn -0.521127 -0.770524 0.367042
vn -0.257379 -0.905805 0.336560
vn 0.034990 -0.952420 0.302772
vn 0.327358 -0.905805 0.268987
vn 0.591106 -0.770524 0.238509
vn 0.800419 -0.559818 0.214320
vn 0.934806 -0.294314 0.198790
vn 0.981113 -0.000001 0.193437
vn 0.769938 0.525502 0.362000
vn 0.896088 0.276272 0.347420
vn 0.573456 0.723290 0.384707
vn 0.325875 0.850278 0.413318
vn 0.051429 0.894036 0.445033
vn -0.223016 0.850278 0.476750
vn -0.470597 0.723290 0.505362
vn -0.667079 0.525501 0.528067
vn -0.793228 0.276273 0.542644
vn -0.836697 0.000000 0.547665
vn -0.793230 -0.276272 0.542642
vn -0.667081 -0.525502 0.528063
vn -0.470598 -0.723291 0.505359
vn -0.223017 -0.850279 0.476748
vn 0.051430 -0.894038 0.445029
vn 0.325876 -0.850281 0.413313
vn 0.573456 -0.723291 0.384705
vn 0.769938 -0.525502 0.361999
vn 0.896087 -0.276272 0.347421
vn 0.939555 -0.000001 0.342397
vn 0.721081 0.478652 0.500934
vn 0.835984 0.251642 0.487655
vn 0.542116 0.658807 0.521617
vn 0.316608 0.774474 0.547677
vn 0.066629 0.814331 0.576563
vn -0.183349 0.774474 0.605452
vn -0.408857 0.658806 0.631514
vn -0.587822 0.478651 0.652195
vn -0.702725 0.251643 0.665472
vn -0.742319 0.000000 0.670047
vn -0.702727 -0.251643 0.665471
vn -0.587824 -0.478653 0.652192
vn -0.408859 -0.658809 0.631510
vn -0.183350 -0.774476 0.605450
vn 0.066630 -0.814332 0.576562
vn 0.316609 -0.774476 0.547673
vn 0.542118 -0.658808 0.521613
vn 0.721082 -0.478652 0.500932
vn 0.835984 -0.251642 0.487654
vn 0.875576 -0.000001 0.483080
vn 0.655108 0.420460 0.627731
vn 0.756041 0.221048 0.616068
vn 0.497900 0.578714 0.645899
vn 0.299807 0.680318 0.668792
vn 0.080220 0.715328 0.694169
vn -0.139367 0.680318 0.719545
vn -0.337460 0.578712 0.742437
vn -0.494667 0.420459 0.760604
vn -0.595600 0.221049 0.772268
vn -0.630379 -0.000001 0.776288
vn -0.595599 -0.221048 0.772269
vn -0.494666 -0.420458 0.760605
vn -0.337460 -0.578712 0.742437
vn -0.139368 -0.680318 0.719545
vn 0.080220 -0.715327 0.694170
vn 0.299808 -0.680317 0.668793
vn 0.497901 -0.578713 0.645899
vn 0.655107 -0.420460 0.627732
vn 0.756039 -0.221049 0.616070
vn 0.790819 -0.000001 0.612051
vn 0.573801 0.352474 0.739266
vn 0.658414 0.185306 0.729488
vn 0.442010 0.485138 0.754498
vn 0.275949 0.570314 0.773689
vn 0.091868 0.599664 0.794961
vn -0.092213 0.570314 0.816235
vn -0.258275 0.485138 0.835425
vn -0.390063 0.352474 0.850654
vn -0.474676 0.185306 0.860433
vn -0.503830 -0.000000 0.863803
vn -0.474677 -0.185307 0.860432
vn -0.390063 -0.352474 0.850654
vn -0.258275 -0.485138 0.835425
vn -0.092213 -0.570315 0.816234
vn 0.091868 -0.599664 0.794962
vn 0.275948 -0.570314 0.773689
vn 0.442011 -0.485138 0.754498
vn 0.573799 -0.352474 0.739268
vn 0.658411 -0.185306 0.729490
vn 0.687567 -0.000000 0.726121
vn 0.540105 0.325067 0.776285
vn 0.618138 0.170898 0.767268
vn 0.418562 0.447416 0.790332
vn 0.265413 0.525969 0.808030
vn 0.095646 0.553037 0.827648
vn -0.074123 0.525970 0.847267
vn -0.227272 0.447417 0.864966
vn -0.348814 0.325067 0.879011
vn -0.426847 0.170898 0.888029
vn -0.453736 -0.000000 0.891136
vn -0.426849 -0.170898 0.888028
vn -0.348815 -0.325068 0.879010
vn -0.227273 -0.447417 0.864965
vn -0.074122 -0.525970 0.847267
vn 0.095646 -0.553037 0.827648
vn 0.265413 -0.525970 0.808030
vn 0.418562 -0.447418 0.790331
vn 0.540105 -0.325068 0.776285
vn 0.618139 -0.170898 0.767267
vn 0.645026 -0.000001 0.764161
vn 0.410761 0.222720 0.884121
vn 0.464227 0.117092 0.877942
vn 0.327488 0.306550 0.893744
vn 0.222556 0.360372 0.905870
vn 0.106238 0.378915 0.919313
vn -0.010081 0.360372 0.932754
vn -0.115011 0.306550 0.944881
vn -0.198285 0.222721 0.954504
vn -0.251752 0.117092 0.960682
vn -0.270173 0.000000 0.962812
vn -0.251749 -0.117091 0.960683
vn -0.198284 -0.222721 0.954504
vn -0.115011 -0.306549 0.944881
vn -0.010080 -0.360369 0.932755
vn 0.106238 -0.378916 0.919313
vn 0.222556 -0.360369 0.905871
vn 0.327487 -0.306550 0.893745
vn 0.410759 -0.222721 0.884122
vn 0.464225 -0.117090 0.877944
vn 0.482650 0.000000 0.875813
vn 0.234578 0.088560 0.968055
vn 0.255839 0.046561 0.965598
vn 0.201464 0.121895 0.971882
vn 0.159742 0.143297 0.976703
vn 0.113488 0.150671 0.982048
vn 0.067234 0.143296 0.987393
vn 0.025512 0.121896 0.992215
vn -0.007602 0.088562 0.996042
vn -0.028863 0.046560 0.998498
vn -0.036187 0.000001 0.999345
vn -0.028861 -0.046560 0.998498
vn -0.007601 -0.088562 0.996042
vn 0.025511 -0.121896 0.992215
vn 0.067234 -0.143297 0.987393
vn 0.113487 -0.150671 0.982048
vn 0.159741 -0.143296 0.976703
vn 0.201465 -0.121895 0.971881
vn 0.234576 -0.088562 0.968055
vn 0.255836 -0.046560 0.965598
vn 0.263164 0.000000 0.964751
vn -0.114799 -0.000000 -0.993389
vn 0.114799 0.000000 0.993389
s 1
g group1 eyes_lid1:blue_eyes:pSphere1
usemtl eyes_lid1:blue_eyes:lambert10SG
f 338/407/338 339/408/339 359/429/340 358/428/341
f 339/408/339 340/409/342 360/430/343 359/429/340
f 340/409/342 341/410/344 361/431/345 360/430/343
f 341/410/344 342/411/346 362/432/347 361/431/345
f 342/411/346 343/412/348 363/433/349 362/432/347
f 343/412/348 344/413/350 364/434/351 363/433/349
f 344/413/350 345/414/352 365/435/353 364/434/351
f 345/414/352 346/415/354 366/436/355 365/435/353
f 346/415/354 347/416/356 367/437/357 366/436/355
f 347/416/356 348/417/358 368/438/359 367/437/357
f 348/417/358 349/418/360 369/439/361 368/438/359
f 349/418/360 350/419/362 370/440/363 369/439/361
f 350/419/362 351/420/364 371/441/365 370/440/363
f 351/420/364 352/421/366 372/442/367 371/441/365
f 352/421/366 353/422/368 373/443/369 372/442/367
f 353/422/368 354/423/370 374/444/371 373/443/369
f 354/423/370 355/424/372 375/445/373 374/444/371
f 355/424/372 356/425/374 376/446/375 375/445/373
f 356/425/374 357/426/376 377/447/377 376/446/375
f 357/426/376 338/427/338 358/448/341 377/447/377
f 358/428/341 359/429/340 379/450/378 378/449/379
f 359/429/340 360/430/343 380/451/380 379/450/378
f 360/430/343 361/431/345 381/452/381 380/451/380
f 361/431/345 362/432/347 382/453/382 381/452/381
f 362/432/347 363/433/349 383/454/383 382/453/382
f 363/433/349 364/434/351 384/455/384 383/454/383
f 364/434/351 365/435/353 385/456/385 384/455/384
f 365/435/353 366/436/355 386/457/386 385/456/385
f 366/436/355 367/437/357 387/458/387 386/457/386
f 367/437/357 368/438/359 388/459/388 387/458/387
f 368/438/359 369/439/361 389/460/389 388/459/388
f 369/439/361 370/440/363 390/461/390 389/460/389
f 370/440/363 371/441/365 391/462/391 390/461/390
f 371/441/365 372/442/367 392/463/392 391/462/391
f 372/442/367 373/443/369 393/464/393 392/463/392
f 373/443/369 374/444/371 394/465/394 393/464/393
f 374/444/371 375/445/373 395/466/395 394/465/394
f 375/445/373 376/446/375 396/467/396 395/466/395
f 376/446/375 377/447/377 397/468/397 396/467/396
f 377/447/377 358/448/341 378/469/379 397/468/397
f 378/449/379 379/450/378 399/471/398 398/470/399
f 379/450/378 380/451/380 400/472/400 399/471/398
f 380/451/380 381/452/381 401/473/401 400/472/400
f 381/452/381 382/453/382 402/474/402 401/473/401
f 382/453/382 383/454/383 403/475/403 402/474/402
f 383/454/383 384/455/384 404/476/404 403/475/403
f 384/455/384 385/456/385 405/477/405 404/476/404
f 385/456/385 386/457/386 406/478/406 405/477/405
f 386/457/386 387/458/387 407/479/407 406/478/406
f 387/458/387 388/459/388 408/480/408 407/479/407
f 388/459/388 389/460/389 409/481/409 408/480/408
f 389/460/389 390/461/390 410/482/410 409/481/409
f 390/461/390 391/462/391 411/483/411 410/482/410
f 391/462/391 392/463/392 412/484/412 411/483/411
f 392/463/392 393/464/393 413/485/413 412/484/412
f 393/464/393 394/465/394 414/486/414 413/485/413
f 394/465/394 395/466/395 415/487/415 414/486/414
f 395/466/395 396/467/396 416/488/416 415/487/415
f 396/467/396 397/468/397 417/489/417 416/488/416
f 397/468/397 378/469/379 398/490/399 417/489/417
f 398/470/399 399/471/398 419/492/418 418/491/419
f 399/471/398 400/472/400 420/493/420 419/492/418
f 400/472/400 401/473/401 421/494/421 420/493/420
f 401/473/401 402/474/402 422/495/422 421/494/421
f 402/474/402 403/475/403 423/496/423 422/495/422
f 403/475/403 404/476/404 424/497/424 423/496/423
f 404/476/404 405/477/405 425/498/425 424/497/424
f 405/477/405 406/478/406 426/499/426 425/498/425
f 406/478/406 407/479/407 427/500/427 426/499/426
f 407/479/407 408/480/408 428/501/428 427/500/427
f 408/480/408 409/481/409 429/502/429 428/501/428
f 409/481/409 410/482/410 430/503/430 429/502/429
f 410/482/410 411/483/411 431/504/431 430/503/430
f 411/483/411 412/484/412 432/505/432 431/504/431
f 412/484/412 413/485/413 433/506/433 432/505/432
f 413/485/413 414/486/414 434/507/434 433/506/433
f 414/486/414 415/487/415 435/508/435 434/507/434
f 415/487/415 416/488/416 436/509/436 435/508/435
f 416/488/416 417/489/417 437/510/437 436/509/436
f 417/489/417 398/490/399 418/511/419 437/510/437
f 418/491/419 419/492/418 439/513/438 438/512/439
f 419/492/418 420/493/420 440/514/440 439/513/438
f 420/493/420 421/494/421 441/515/441 440/514/440
f 421/494/421 422/495/422 442/516/442 441/515/441
f 422/495/422 423/496/423 443/517/443 442/516/442
f 423/496/423 424/497/424 444/518/444 443/517/443
f 424/497/424 425/498/425 445/519/445 444/518/444
f 425/498/425 426/499/426 446/520/446 445/519/445
f 426/499/426 427/500/427 447/521/447 446/520/446
f 427/500/427 428/501/428 448/522/448 447/521/447
f 428/501/428 429/502/429 449/523/449 448/522/448
f 429/502/429 430/503/430 450/524/450 449/523/449
f 430/503/430 431/504/431 451/525/451 450/524/450
f 431/504/431 432/505/432 452/526/452 451/525/451
f 432/505/432 433/506/433 453/527/453 452/526/452
f 433/506/433 434/507/434 454/528/454 453/527/453
f 434/507/434 435/508/435 455/529/455 454/528/454
f 435/508/435 436/509/436 456/530/456 455/529/455
f 436/509/436 437/510/437 457/531/457 456/530/456
f 437/510/437 418/511/419 438/532/439 457/531/457
f 438/512/439 439/513/438 459/534/458 458/533/459
f 439/513/438 440/514/440 460/535/460 459/534/458
f 440/514/440 441/515/441 461/536/461 460/535/460
f 441/515/441 442/516/442 462/537/462 461/536/461
f 442/516/442 443/517/443 463/538/463 462/537/462
f 443/517/443 444/518/444 464/539/464 463/538/463
f 444/518/444 445/519/445 465/540/465 464/539/464
f 445/519/445 446/520/446 466/541/466 465/540/465
f 446/520/446 447/521/447 467/542/467 466/541/466
f 447/521/447 448/522/448 468/543/468 467/542/467
f 448/522/448 449/523/449 469/544/469 468/543/468
f 449/523/449 450/524/450 470/545/470 469/544/469
f 450/524/450 451/525/451 471/546/471 470/545/470
f 451/525/451 452/526/452 472/547/472 471/546/471
f 452/526/452 453/527/453 473/548/473 472/547/472
f 453/527/453 454/528/454 474/549/474 473/548/473
f 454/528/454 455/529/455 475/550/475 474/549/474
f 455/529/455 456/530/456 476/551/476 475/550/475
f 456/530/456 457/531/457 477/552/477 476/551/476
f 457/531/457 438/532/439 458/553/459 477/552/477
f 458/533/459 459/534/458 479/555/478 478/554/479
f 459/534/458 460/535/460 480/556/480 479/555/478
f 460/535/460 461/536/461 481/557/481 480/556/480
f 461/536/461 462/537/462 482/558/482 481/557/481
f 462/537/462 463/538/463 483/559/483 482/558/482
f 463/538/463 464/539/464 484/560/484 483/559/483
f 464/539/464 465/540/465 485/561/485 484/560/484
f 465/540/465 466/541/466 486/562/486 485/561/485
f 466/541/466 467/542/467 487/563/487 486/562/486
f 467/542/467 468/543/468 488/564/488 487/563/487
f 468/543/468 469/544/469 489/565/489 488/564/488
f 469/544/469 470/545/470 490/566/490 489/565/489
f 470/545/470 471/546/471 491/567/491 490/566/490
f 471/546/471 472/547/472 492/568/492 491/567/491
f 472/547/472 473/548/473 493/569/493 492/568/492
f 473/548/473 474/549/474 494/570/494 493/569/493
f 474/549/474 475/550/475 495/571/495 494/570/494
f 475/550/475 476/551/476 496/572/496 495/571/495
f 476/551/476 477/552/477 497/573/497 496/572/496
f 477/552/477 458/553/459 478/574/479 497/573/497
f 478/554/479 479/555/478 499/576/498 498/575/499
f 479/555/478 480/556/480 500/577/500 499/576/498
f 480/556/480 481/557/481 501/578/501 500/577/500
f 481/557/481 482/558/482 502/579/502 501/578/501
f 482/558/482 483/559/483 503/580/503 502/579/502
f 483/559/483 484/560/484 504/581/504 503/580/503
f 484/560/484 485/561/485 505/582/505 504/581/504
f 485/561/485 486/562/486 506/583/506 505/582/505
f 486/562/486 487/563/487 507/584/507 506/583/506
f 487/563/487 488/564/488 508/585/508 507/584/507
f 488/564/488 489/565/489 509/586/509 508/585/508
f 489/565/489 490/566/490 510/587/510 509/586/509
f 490/566/490 491/567/491 511/588/511 510/587/510
f 491/567/491 492/568/492 512/589/512 511/588/511
f 492/568/492 493/569/493 513/590/513 512/589/512
f 493/569/493 494/570/494 514/591/514 513/590/513
f 494/570/494 495/571/495 515/592/515 514/591/514
f 495/571/495 496/572/496 516/593/516 515/592/515
f 496/572/496 497/573/497 517/594/517 516/593/516
f 497/573/497 478/574/479 498/595/499 517/594/517
f 498/575/499 499/576/498 519/597/518 518/596/519
f 499/576/498 500/577/500 520/598/520 519/597/518
f 500/577/500 501/578/501 521/599/521 520/598/520
f 501/578/501 502/579/502 522/600/522 521/599/521
f 502/579/502 503/580/503 523/601/523 522/600/522
f 503/580/503 504/581/504 524/602/524 523/601/523
f 504/581/504 505/582/505 525/603/525 524/602/524
f 505/582/505 506/583/506 526/604/526 525/603/525
f 506/583/506 507/584/507 527/605/527 526/604/526
f 507/584/507 508/585/508 528/606/528 527/605/527
f 508/585/508 509/586/509 529/607/529 528/606/528
f 509/586/509 510/587/510 530/608/530 529/607/529
f 510/587/510 511/588/511 531/609/531 530/608/530
f 511/588/511 512/589/512 532/610/532 531/609/531
f 512/589/512 513/590/513 533/611/533 532/610/532
f 513/590/513 514/591/514 534/612/534 533/611/533
f 514/591/514 515/592/515 535/613/535 534/612/534
f 515/592/515 516/593/516 536/614/536 535/613/535
f 516/593/516 517/594/517 537/615/537 536/614/536
f 517/594/517 498/595/499 518/616/519 537/615/537
f 518/596/519 519/597/518 539/618/538 538/617/539
f 519/597/518 520/598/520 540/619/540 539/618/538
f 520/598/520 521/599/521 541/620/541 540/619/540
f 521/599/521 522/600/522 542/621/542 541/620/541
f 522/600/522 523/601/523 543/622/543 542/621/542
f 523/601/523 524/602/524 544/623/544 543/622/543
f 524/602/524 525/603/525 545/624/545 544/623/544
f 525/603/525 526/604/526 546/625/546 545/624/545
f 526/604/526 527/605/527 547/626/547 546/625/546
f 527/605/527 528/606/528 548/627/548 547/626/547
f 528/606/528 529/607/529 549/628/549 548/627/548
f 529/607/529 530/608/530 550/629/550 549/628/549
f 530/608/530 531/609/531 551/630/551 550/629/550
f 531/609/531 532/610/532 552/631/552 551/630/551
f 532/610/532 533/611/533 553/632/553 552/631/552
f 533/611/533 534/612/534 554/633/554 553/632/553
f 534/612/534 535/613/535 555/634/555 554/633/554
f 535/613/535 536/614/536 556/635/556 555/634/555
f 536/614/536 537/615/537 557/636/557 556/635/556
f 537/615/537 518/616/519 538/637/539 557/636/557
f 538/617/539 539/618/538 559/639/558 558/638/559
f 539/618/538 540/619/540 560/640/560 559/639/558
f 540/619/540 541/620/541 561/641/561 560/640/560
f 541/620/541 542/621/542 562/642/562 561/641/561
f 542/621/542 543/622/543 563/643/563 562/642/562
f 543/622/543 544/623/544 564/644/564 563/643/563
f 544/623/544 545/624/545 565/645/565 564/644/564
f 545/624/545 546/625/546 566/646/566 565/645/565
f 546/625/546 547/626/547 567/647/567 566/646/566
f 547/626/547 548/627/548 568/648/568 567/647/567
f 548/627/548 549/628/549 569/649/569 568/648/568
f 549/628/549 550/629/550 570/650/570 569/649/569
f 550/629/550 551/630/551 571/651/571 570/650/570
f 551/630/551 552/631/552 572/652/572 571/651/571
f 552/631/552 553/632/553 573/653/573 572/652/572
f 553/632/553 554/633/554 574/654/574 573/653/573
f 554/633/554 555/634/555 575/655/575 574/654/574
f 555/634/555 556/635/556 576/656/576 575/655/575
f 556/635/556 557/636/557 577/657/577 576/656/576
f 557/636/557 538/637/539 558/658/559 577/657/577
f 558/638/559 559/639/558 579/660/578 578/659/579
f 559/639/558 560/640/560 580/661/580 579/660/578
f 560/640/560 561/641/561 581/662/581 580/661/580
f 561/641/561 562/642/562 582/663/582 581/662/581
f 562/642/562 563/643/563 583/664/583 582/663/582
f 563/643/563 564/644/564 584/665/584 583/664/583
f 564/644/564 565/645/565 585/666/585 584/665/584
f 565/645/565 566/646/566 586/667/586 585/666/585
f 566/646/566 567/647/567 587/668/587 586/667/586
f 567/647/567 568/648/568 588/669/588 587/668/587
f 568/648/568 569/649/569 589/670/589 588/669/588
f 569/649/569 570/650/570 590/671/590 589/670/589
f 570/650/570 571/651/571 591/672/591 590/671/590
f 571/651/571 572/652/572 592/673/592 591/672/591
f 572/652/572 573/653/573 593/674/593 592/673/592
f 573/653/573 574/654/574 594/675/594 593/674/593
f 574/654/574 575/655/575 595/676/595 594/675/594
f 575/655/575 576/656/576 596/677/596 595/676/595
f 576/656/576 577/657/577 597/678/597 596/677/596
f 577/657/577 558/658/559 578/679/579 597/678/597
f 578/659/579 579/660/578 599/681/598 598/680/599
f 579/660/578 580/661/580 600/682/600 599/681/598
f 580/661/580 581/662/581 601/683/601 600/682/600
f 581/662/581 582/663/582 602/684/602 601/683/601
f 582/663/582 583/664/583 603/685/603 602/684/602
f 583/664/583 584/665/584 604/686/604 603/685/603
f 584/665/584 585/666/585 605/687/605 604/686/604
f 585/666/585 586/667/586 606/688/606 605/687/605
f 586/667/586 587/668/587 607/689/607 606/688/606
f 587/668/587 588/669/588 608/690/608 607/689/607
f 588/669/588 589/670/589 609/691/609 608/690/608
f 589/670/589 590/671/590 610/692/610 609/691/609
f 590/671/590 591/672/591 611/693/611 610/692/610
f 591/672/591 592/673/592 612/694/612 611/693/611
f 592/673/592 593/674/593 613/695/613 612/694/612
f 593/674/593 594/675/594 614/696/614 613/695/613
f 594/675/594 595/676/595 615/697/615 614/696/614
f 595/676/595 596/677/596 616/698/616 615/697/615
f 596/677/596 597/678/597 617/699/617 616/698/616
f 597/678/597 578/679/579 598/700/599 617/699/617
f 598/680/599 599/681/598 619/702/618 618/701/619
f 599/681/598 600/682/600 620/703/620 619/702/618
f 600/682/600 601/683/601 621/704/621 620/703/620
f 601/683/601 602/684/602 622/705/622 621/704/621
f 602/684/602 603/685/603 623/706/623 622/705/622
f 603/685/603 604/686/604 624/707/624 623/706/623
f 604/686/604 605/687/605 625/708/625 624/707/624
f 605/687/605 606/688/606 626/709/626 625/708/625
f 606/688/606 607/689/607 627/710/627 626/709/626
f 607/689/607 608/690/608 628/711/628 627/710/627
f 608/690/608 609/691/609 629/712/629 628/711/628
f 609/691/609 610/692/610 630/713/630 629/712/629
f 610/692/610 611/693/611 631/714/631 630/713/630
f 611/693/611 612/694/612 632/715/632 631/714/631
f 612/694/612 613/695/613 633/716/633 632/715/632
f 613/695/613 614/696/614 634/717/634 633/716/633
f 614/696/614 615/697/615 635/718/635 634/717/634
f 615/697/615 616/698/616 636/719/636 635/718/635
f 616/698/616 617/699/617 637/720/637 636/719/636
f 617/699/617 598/700/599 618/721/619 637/720/637
f 618/701/619 619/702/618 639/723/638 638/722/639
f 619/702/618 620/703/620 640/724/640 639/723/638
f 620/703/620 621/704/621 641/725/641 640/724/640
f 621/704/621 622/705/622 642/726/642 641/725/641
f 622/705/622 623/706/623 643/727/643 642/726/642
f 623/706/623 624/707/624 644/728/644 643/727/643
f 624/707/624 625/708/625 645/729/645 644/728/644
f 625/708/625 626/709/626 646/730/646 645/729/645
f 626/709/626 627/710/627 647/731/647 646/730/646
f 627/710/627 628/711/628 648/732/648 647/731/647
f 628/711/628 629/712/629 649/733/649 648/732/648
f 629/712/629 630/713/630 650/734/650 649/733/649
f 630/713/630 631/714/631 651/735/651 650/734/650
f 631/714/631 632/715/632 652/736/652 651/735/651
f 632/715/632 633/716/633 653/737/653 652/736/652
f 633/716/633 634/717/634 654/738/654 653/737/653
f 634/717/634 635/718/635 655/739/655 654/738/654
f 635/718/635 636/719/636 656/740/656 655/739/655
f 636/719/636 637/720/637 657/741/657 656/740/656
f 637/720/637 618/721/619 638/742/639 657/741/657
f 638/722/639 639/723/638 659/744/658 658/743/659
f 639/723/638 640/724/640 660/745/660 659/744/658
f 640/724/640 641/725/641 661/746/661 660/745/660
f 641/725/641 642/726/642 662/747/662 661/746/661
f 642/726/642 643/727/643 663/748/663 662/747/662
f 643/727/643 644/728/644 664/749/664 663/748/663
f 644/728/644 645/729/645 665/750/665 664/749/664
f 645/729/645 646/730/646 666/751/666 665/750/665
f 646/730/646 647/731/647 667/752/667 666/751/666
f 647/731/647 648/732/648 668/753/668 667/752/667
f 648/732/648 649/733/649 669/754/669 668/753/668
f 649/733/649 650/734/650 670/755/670 669/754/669
f 650/734/650 651/735/651 671/756/671 670/755/670
f 651/735/651 652/736/652 672/757/672 671/756/671
f 652/736/652 653/737/653 673/758/673 672/757/672
f 653/737/653 654/738/654 674/759/674 673/758/673
f 654/738/654 655/739/655 675/760/675 674/759/674
f 655/739/655 656/740/656 676/761/676 675/760/675
f 656/740/656 657/741/657 677/762/677 676/761/676
f 657/741/657 638/742/639 658/763/659 677/762/677
f 658/743/659 659/744/658 679/765/678 678/764/679
f 659/744/658 660/745/660 680/766/680 679/765/678
f 660/745/660 661/746/661 681/767/681 680/766/680
f 661/746/661 662/747/662 682/768/682 681/767/681
f 662/747/662 663/748/663 683/769/683 682/768/682
f 663/748/663 664/749/664 684/770/684 683/769/683
f 664/749/664 665/750/665 685/771/685 684/770/684
f 665/750/665 666/751/666 686/772/686 685/771/685
f 666/751/666 667/752/667 687/773/687 686/772/686
f 667/752/667 668/753/668 688/774/688 687/773/687
f 668/753/668 669/754/669 689/775/689 688/774/688
f 669/754/669 670/755/670 690/776/690 689/775/689
f 670/755/670 671/756/671 691/777/691 690/776/690
f 671/756/671 672/757/672 692/778/692 691/777/691
f 672/757/672 673/758/673 693/779/693 692/778/692
f 673/758/673 674/759/674 694/780/694 693/779/693
f 674/759/674 675/760/675 695/781/695 694/780/694
f 675/760/675 676/761/676 696/782/696 695/781/695
f 676/761/676 677/762/677 697/783/697 696/782/696
f 677/762/677 658/763/659 678/784/679 697/783/697
usemtl eyes_lid1:blue_eyes:lambert11SG
f 678/764/679 679/765/678 699/786/698 698/785/699
f 679/765/678 680/766/680 700/787/700 699/786/698
f 680/766/680 681/767/681 701/788/701 700/787/700
f 681/767/681 682/768/682 702/789/702 701/788/701
f 682/768/682 683/769/683 703/790/703 702/789/702
f 683/769/683 684/770/684 704/791/704 703/790/703
f 684/770/684 685/771/685 705/792/705 704/791/704
f 685/771/685 686/772/686 706/793/706 705/792/705
f 686/772/686 687/773/687 707/794/707 706/793/706
f 687/773/687 688/774/688 708/795/708 707/794/707
f 688/774/688 689/775/689 709/796/709 708/795/708
f 689/775/689 690/776/690 710/797/710 709/796/709
f 690/776/690 691/777/691 711/798/711 710/797/710
f 691/777/691 692/778/692 712/799/712 711/798/711
f 692/778/692 693/779/693 713/800/713 712/799/712
f 693/779/693 694/780/694 714/801/714 713/800/713
f 694/780/694 695/781/695 715/802/715 714/801/714
f 695/781/695 696/782/696 716/803/716 715/802/715
f 696/782/696 697/783/697 717/804/717 716/803/716
f 697/783/697 678/784/679 698/805/699 717/804/717
usemtl eyes_lid1:blue_eyes:lambert10SG
f 339/408/339 338/407/338 718/806/718
f 340/409/342 339/408/339 718/807/718
f 341/410/344 340/409/342 718/808/718
f 342/411/346 341/410/344 718/809/718
f 343/412/348 342/411/346 718/810/718
f 344/413/350 343/412/348 718/811/718
f 345/414/352 344/413/350 718/812/718
f 346/415/354 345/414/352 718/813/718
f 347/416/356 346/415/354 718/814/718
f 348/417/358 347/416/356 718/815/718
f 349/418/360 348/417/358 718/816/718
f 350/419/362 349/418/360 718/817/718
f 351/420/364 350/419/362 718/818/718
f 352/421/366 351/420/364 718/819/718
f 353/422/368 352/421/366 718/820/718
f 354/423/370 353/422/368 718/821/718
f 355/424/372 354/423/370 718/822/718
f 356/425/374 355/424/372 718/823/718
f 357/426/376 356/425/374 718/824/718
f 338/427/338 357/426/376 718/825/718
usemtl eyes_lid1:blue_eyes:lambert12SG
f 698/785/699 699/786/698 719/826/719
f 699/786/698 700/787/700 719/827/719
f 700/787/700 701/788/701 719/828/719
f 701/788/701 702/789/702 719/829/719
f 702/789/702 703/790/703 719/830/719
f 703/790/703 704/791/704 719/831/719
f 704/791/704 705/792/705 719/832/719
f 705/792/705 706/793/706 719/833/719
f 706/793/706 707/794/707 719/834/719
f 707/794/707 708/795/708 719/835/719
f 708/795/708 709/796/709 719/836/719
f 709/796/709 710/797/710 719/837/719
f 710/797/710 711/798/711 719/838/719
f 711/798/711 712/799/712 719/839/719
f 712/799/712 713/800/713 719/840/719
f 713/800/713 714/801/714 719/841/719
f 714/801/714 715/802/715 719/842/719
f 715/802/715 716/803/716 719/843/719
f 716/803/716 717/804/717 719/844/719
f 717/804/717 698/805/699 719/845/719
g default
v -1.142844 13.275254 2.474304
v -1.168110 13.325363 2.470629
v -1.207462 13.365130 2.464905
v -1.257049 13.390661 2.457692
v -1.312017 13.399459 2.449697
v -1.366984 13.390661 2.441701
v -1.416571 13.365130 2.434489
v -1.455924 13.325363 2.428765
v -1.481190 13.275254 2.425089
v -1.489896 13.219708 2.423823
v -1.481190 13.164162 2.425089
v -1.455924 13.114054 2.428765
v -1.416571 13.074287 2.434489
v -1.366984 13.048755 2.441701
v -1.312017 13.039958 2.449697
v -1.257049 13.048755 2.457692
v -1.207462 13.074287 2.464905
v -1.168110 13.114054 2.470629
v -1.142844 13.164162 2.474304
v -1.134138 13.219708 2.475571
v -0.983895 13.329432 2.539959
v -1.033805 13.428417 2.532699
v -1.111541 13.506970 2.521392
v -1.209494 13.557405 2.507144
v -1.318076 13.574783 2.491350
v -1.426657 13.557405 2.475556
v -1.524610 13.506970 2.461308
v -1.602346 13.428417 2.450001
v -1.652256 13.329432 2.442741
v -1.669453 13.219708 2.440240
v -1.652256 13.109984 2.442741
v -1.602346 13.011000 2.450001
v -1.524610 12.932447 2.461308
v -1.426657 12.882011 2.475556
v -1.318076 12.864633 2.491350
v -1.209494 12.882011 2.507144
v -1.111541 12.932447 2.521392
v -1.033805 13.011000 2.532699
v -0.983895 13.109984 2.539959
v -0.966698 13.219708 2.542461
v -0.837049 13.380909 2.631045
v -0.910373 13.526331 2.620380
v -1.024578 13.641738 2.603768
v -1.168485 13.715834 2.582836
v -1.328008 13.741366 2.559632
v -1.487530 13.715834 2.536428
v -1.631437 13.641738 2.515496
v -1.745642 13.526331 2.498884
v -1.818967 13.380909 2.488219
v -1.844232 13.219708 2.484543
v -1.818967 13.058508 2.488219
v -1.745642 12.913086 2.498884
v -1.631437 12.797678 2.515496
v -1.487530 12.723583 2.536428
v -1.328008 12.698051 2.559632
v -1.168486 12.723583 2.582836
v -1.024578 12.797678 2.603768
v -0.910373 12.913086 2.620380
v -0.837049 13.058508 2.631045
v -0.811783 13.219708 2.634721
v -0.705920 13.428416 2.745320
v -0.800853 13.616695 2.731512
v -0.948716 13.766114 2.710004
v -1.135034 13.862046 2.682903
v -1.341568 13.895102 2.652861
v -1.548103 13.862046 2.622819
v -1.734421 13.766113 2.595718
v -1.882283 13.616694 2.574210
v -1.977217 13.428416 2.560401
v -2.009929 13.219708 2.555643
v -1.977217 13.011000 2.560401
v -1.882283 12.822721 2.574210
v -1.734421 12.673303 2.595718
v -1.548103 12.577370 2.622819
v -1.341568 12.544315 2.652861
v -1.135034 12.577370 2.682903
v -0.948716 12.673303 2.710004
v -0.800854 12.822721 2.731512
v -0.705920 13.011000 2.745320
v -0.673208 13.219708 2.750079
v -0.593738 13.470785 2.879970
v -0.707943 13.697284 2.863358
v -0.885822 13.877034 2.837484
v -1.109962 13.992442 2.804882
v -1.358424 14.032209 2.768741
v -1.606886 13.992442 2.732601
v -1.831026 13.877034 2.699998
v -2.008905 13.697284 2.674124
v -2.123110 13.470785 2.657512
v -2.162463 13.219708 2.651788
v -2.123110 12.968632 2.657512
v -2.008905 12.742133 2.674124
v -1.831026 12.562382 2.699998
v -1.606886 12.446975 2.732601
v -1.358424 12.407209 2.768741
v -1.109963 12.446975 2.804882
v -0.885822 12.562382 2.837485
v -0.707943 12.742133 2.863358
v -0.593738 12.968632 2.879970
v -0.554386 13.219708 2.885694
v -0.503264 13.506971 3.031679
v -0.633929 13.766113 3.012673
v -0.837444 13.971770 2.983070
v -1.093889 14.103809 2.945769
v -1.378159 14.149309 2.904419
v -1.662430 14.103809 2.863070
v -1.918874 13.971770 2.825769
v -2.122390 13.766113 2.796166
v -2.253055 13.506971 2.777160
v -2.298079 13.219708 2.770611
v -2.253055 12.932445 2.777160
v -2.122390 12.673304 2.796166
v -1.918874 12.467646 2.825769
v -1.662430 12.335607 2.863070
v -1.378159 12.290108 2.904420
v -1.093889 12.335607 2.945769
v -0.837445 12.467646 2.983070
v -0.633929 12.673304 3.012673
v -0.503265 12.932445 3.031679
v -0.458241 13.219708 3.038228
v -0.436727 13.536082 3.196712
v -0.580634 13.821489 3.175780
v -0.804775 14.047987 3.143177
v -1.087209 14.193408 3.102095
v -1.400289 14.243517 3.056555
v -1.713369 14.193408 3.011015
v -1.995802 14.047987 2.969933
v -2.219943 13.821488 2.937331
v -2.363850 13.536082 2.916398
v -2.413437 13.219707 2.909186
v -2.363850 12.903333 2.916398
v -2.219943 12.617927 2.937331
v -1.995802 12.391428 2.969934
v -1.713368 12.246007 3.011015
v -1.400289 12.195898 3.056555
v -1.087209 12.246007 3.102095
v -0.804775 12.391428 3.143177
v -0.580635 12.617928 3.175780
v -0.436728 12.903333 3.196712
v -0.387141 13.219707 3.203925
v -0.395766 13.557405 3.371005
v -0.549371 13.862046 3.348662
v -0.788618 14.103810 3.313862
v -1.090087 14.259032 3.270011
v -1.424267 14.312518 3.221402
v -1.758447 14.259032 3.172793
v -2.059915 14.103810 3.128942
v -2.299162 13.862045 3.094142
v -2.452768 13.557405 3.071799
v -2.505697 13.219708 3.064100
v -2.452768 12.882011 3.071799
v -2.299162 12.577370 3.094142
v -2.059915 12.335606 3.128942
v -1.758447 12.180383 3.172793
v -1.424267 12.126897 3.221402
v -1.090087 12.180383 3.270011
v -0.788619 12.335606 3.313862
v -0.549372 12.577370 3.348662
v -0.395766 12.882011 3.371005
v -0.342837 13.219708 3.378704
v -0.381388 13.570413 3.550266
v -0.540910 13.886787 3.527062
v -0.789372 14.137864 3.490922
v -1.102452 14.299064 3.445382
v -1.449503 14.354611 3.394901
v -1.796555 14.299064 3.344420
v -2.109635 14.137864 3.298880
v -2.358097 13.886787 3.262740
v -2.517619 13.570413 3.239536
v -2.572587 13.219708 3.231540
v -2.517619 12.869005 3.239536
v -2.358097 12.552630 3.262739
v -2.109635 12.301554 3.298880
v -1.796555 12.140352 3.344420
v -1.449503 12.084806 3.394901
v -1.102452 12.140352 3.445382
v -0.789372 12.301554 3.490922
v -0.540910 12.552630 3.527062
v -0.381388 12.869005 3.550266
v -0.326421 13.219708 3.558261
v -0.393947 13.574783 3.730081
v -0.555458 13.895102 3.706588
v -0.807017 14.149308 3.669998
v -1.123999 14.312518 3.623890
v -1.475377 14.368757 3.572780
v -1.826755 14.312518 3.521669
v -2.143738 14.149308 3.475562
v -2.395296 13.895102 3.438971
v -2.556807 13.574783 3.415478
v -2.612460 13.219708 3.407383
v -2.556807 12.864633 3.415478
v -2.395296 12.544315 3.438971
v -2.143738 12.290109 3.475562
v -1.826755 12.126898 3.521669
v -1.475377 12.070659 3.572780
v -1.124000 12.126898 3.623890
v -0.807017 12.290109 3.669997
v -0.555458 12.544315 3.706588
v -0.393948 12.864633 3.730081
v -0.338295 13.219708 3.738176
v -0.433135 13.570412 3.906023
v -0.592657 13.886787 3.882820
v -0.841119 14.137863 3.846680
v -1.154199 14.299064 3.801140
v -1.501251 14.354610 3.750659
v -1.848303 14.299064 3.700177
v -2.161383 14.137863 3.654637
v -2.409844 13.886787 3.618497
v -2.569367 13.570412 3.595294
v -2.624334 13.219708 3.587298
v -2.569367 12.869004 3.595293
v -2.409844 12.552630 3.618497
v -2.161383 12.301553 3.654638
v -1.848303 12.140352 3.700177
v -1.501251 12.084806 3.750658
v -1.154199 12.140352 3.801140
v -0.841119 12.301553 3.846679
v -0.592658 12.552630 3.882820
v -0.433136 12.869004 3.906023
v -0.378168 13.219708 3.914019
v -0.497986 13.557405 4.073760
v -0.651592 13.862046 4.051417
v -0.890839 14.103810 4.016617
v -1.192307 14.259033 3.972766
v -1.526488 14.312519 3.924157
v -1.860668 14.259033 3.875549
v -2.162136 14.103810 3.831698
v -2.401383 13.862046 3.796898
v -2.554988 13.557405 3.774555
v -2.607917 13.219708 3.766856
v -2.554988 12.882011 3.774554
v -2.401383 12.577370 3.796898
v -2.162136 12.335606 3.831698
v -1.860668 12.180384 3.875549
v -1.526488 12.126898 3.924157
v -1.192308 12.180384 3.972766
v -0.890839 12.335606 4.016617
v -0.651593 12.577370 4.051417
v -0.497987 12.882011 4.073760
v -0.445058 13.219708 4.081459
v -0.586904 13.536083 4.229161
v -0.730811 13.821489 4.208229
v -0.954952 14.047988 4.175626
v -1.237386 14.193410 4.134544
v -1.550466 14.243518 4.089004
v -1.863546 14.193410 4.043464
v -2.145979 14.047988 4.002383
v -2.370120 13.821489 3.969780
v -2.514027 13.536083 3.948847
v -2.563614 13.219708 3.941635
v -2.514027 12.903334 3.948847
v -2.370120 12.617928 3.969780
v -2.145979 12.391429 4.002383
v -1.863546 12.246008 4.043465
v -1.550466 12.195899 4.089004
v -1.237386 12.246008 4.134544
v -0.954952 12.391429 4.175626
v -0.730812 12.617928 4.208229
v -0.586905 12.903334 4.229161
v -0.537318 13.219708 4.236374
v -0.697700 13.506971 4.368400
v -0.828365 13.766113 4.349393
v -1.031880 13.971770 4.319791
v -1.288324 14.103809 4.282489
v -1.572595 14.149309 4.241140
v -1.856866 14.103809 4.199791
v -2.113310 13.971770 4.162489
v -2.316825 13.766113 4.132886
v -2.447490 13.506971 4.113880
v -2.492514 13.219708 4.107331
v -2.447490 12.932445 4.113880
v -2.316825 12.673304 4.132887
v -2.113310 12.467646 4.162489
v -1.856866 12.335607 4.199791
v -1.572595 12.290108 4.241140
v -1.288325 12.335607 4.282489
v -1.031880 12.467646 4.319791
v -0.828365 12.673304 4.349393
v -0.697700 12.932445 4.368400
v -0.652676 13.219708 4.374949
v -0.827644 13.470784 4.488047
v -0.941849 13.697284 4.471435
v -1.119728 13.877034 4.445562
v -1.343869 13.992442 4.412959
v -1.592330 14.032208 4.376818
v -1.840792 13.992442 4.340678
v -2.064933 13.877034 4.308075
v -2.242811 13.697284 4.282201
v -2.357017 13.470784 4.265589
v -2.396369 13.219708 4.259865
v -2.357017 12.968631 4.265589
v -2.242811 12.742133 4.282201
v -2.064933 12.562382 4.308075
v -1.840792 12.446975 4.340678
v -1.592330 12.407209 4.376818
v -1.343869 12.446975 4.412959
v -1.119728 12.562382 4.445562
v -0.941849 12.742133 4.471435
v -0.827644 12.968631 4.488047
v -0.788292 13.219708 4.493771
v -0.973537 13.428417 4.585158
v -1.068471 13.616695 4.571349
v -1.216333 13.766114 4.549842
v -1.402651 13.862046 4.522740
v -1.609186 13.895102 4.492699
v -1.815721 13.862046 4.462657
v -2.002038 13.766114 4.435555
v -2.149901 13.616695 4.414048
v -2.244834 13.428417 4.400239
v -2.277546 13.219708 4.395481
v -2.244834 13.011001 4.400239
v -2.149901 12.822721 4.414048
v -2.002038 12.673303 4.435555
v -1.815721 12.577370 4.462656
v -1.609186 12.544315 4.492699
v -1.402651 12.577370 4.522740
v -1.216334 12.673304 4.549842
v -1.068471 12.822721 4.571349
v -0.973538 13.011001 4.585158
v -0.940826 13.219708 4.589916
v -1.131788 13.380909 4.657341
v -1.205112 13.526331 4.646675
v -1.319317 13.641738 4.630063
v -1.463225 13.715834 4.609131
v -1.622747 13.741366 4.585927
v -1.782269 13.715834 4.562724
v -1.926176 13.641738 4.541791
v -2.040381 13.526331 4.525180
v -2.113706 13.380909 4.514514
v -2.138971 13.219708 4.510839
v -2.113706 13.058507 4.514514
v -2.040381 12.913086 4.525180
v -1.926176 12.797678 4.541792
v -1.782269 12.723583 4.562724
v -1.622747 12.698051 4.585927
v -1.463225 12.723583 4.609131
v -1.319318 12.797678 4.630063
v -1.205112 12.913086 4.646675
v -1.131788 13.058507 4.657341
v -1.106522 13.219708 4.661016
v -1.223186 13.354160 4.713773
v -1.284343 13.475452 4.704877
v -1.379598 13.571709 4.691022
v -1.499627 13.633511 4.673563
v -1.632679 13.654805 4.654209
v -1.765731 13.633511 4.634856
v -1.885759 13.571709 4.617397
v -1.981014 13.475452 4.603541
v -2.042172 13.354160 4.594645
v -2.063245 13.219708 4.591580
v -2.042172 13.085256 4.594646
v -1.981014 12.963964 4.603541
v -1.885759 12.867707 4.617397
v -1.765731 12.805906 4.634856
v -1.632679 12.784610 4.654209
v -1.499627 12.805906 4.673563
v -1.379598 12.867707 4.691021
v -1.284343 12.963965 4.704877
v -1.223186 13.085256 4.713773
v -1.202112 13.219708 4.716838
v -1.469565 13.275254 4.720470
v -1.494831 13.325363 4.716795
v -1.534183 13.365129 4.711071
v -1.583770 13.390661 4.703858
v -1.638738 13.399459 4.695863
v -1.693705 13.390661 4.687867
v -1.743292 13.365129 4.680654
v -1.782645 13.325363 4.674930
v -1.807910 13.275254 4.671255
v -1.816617 13.219708 4.669989
v -1.807911 13.164161 4.671255
v -1.782645 13.114053 4.674930
v -1.743292 13.074286 4.680654
v -1.693705 13.048754 4.687867
v -1.638738 13.039957 4.695863
v -1.583770 13.048754 4.703858
v -1.534183 13.074286 4.711071
v -1.494831 13.114053 4.716795
v -1.469565 13.164161 4.720470
v -1.460859 13.219708 4.721736
v -1.309980 13.219708 2.435697
v -1.640774 13.219708 4.709862
vt 0.000000 0.050000
vt 0.050000 0.050000
vt 0.100000 0.050000
vt 0.150000 0.050000
vt 0.200000 0.050000
vt 0.250000 0.050000
vt 0.300000 0.050000
vt 0.350000 0.050000
vt 0.400000 0.050000
vt 0.450000 0.050000
vt 0.500000 0.050000
vt 0.550000 0.050000
vt 0.600000 0.050000
vt 0.650000 0.050000
vt 0.700000 0.050000
vt 0.750000 0.050000
vt 0.800000 0.050000
vt 0.850000 0.050000
vt 0.900000 0.050000
vt 0.950000 0.050000
vt 1.000000 0.050000
vt 0.000000 0.100000
vt 0.050000 0.100000
vt 0.100000 0.100000
vt 0.150000 0.100000
vt 0.200000 0.100000
vt 0.250000 0.100000
vt 0.300000 0.100000
vt 0.350000 0.100000
vt 0.400000 0.100000
vt 0.450000 0.100000
vt 0.500000 0.100000
vt 0.550000 0.100000
vt 0.600000 0.100000
vt 0.650000 0.100000
vt 0.700000 0.100000
vt 0.750000 0.100000
vt 0.800000 0.100000
vt 0.850000 0.100000
vt 0.900000 0.100000
vt 0.950000 0.100000
vt 1.000000 0.100000
vt 0.000000 0.150000
vt 0.050000 0.150000
vt 0.100000 0.150000
vt 0.150000 0.150000
vt 0.200000 0.150000
vt 0.250000 0.150000
vt 0.300000 0.150000
vt 0.350000 0.150000
vt 0.400000 0.150000
vt 0.450000 0.150000
vt 0.500000 0.150000
vt 0.550000 0.150000
vt 0.600000 0.150000
vt 0.650000 0.150000
vt 0.700000 0.150000
vt 0.750000 0.150000
vt 0.800000 0.150000
vt 0.850000 0.150000
vt 0.900000 0.150000
vt 0.950000 0.150000
vt 1.000000 0.150000
vt 0.000000 0.200000
vt 0.050000 0.200000
vt 0.100000 0.200000
vt 0.150000 0.200000
vt 0.200000 0.200000
vt 0.250000 0.200000
vt 0.300000 0.200000
vt 0.350000 0.200000
vt 0.400000 0.200000
vt 0.450000 0.200000
vt 0.500000 0.200000
vt 0.550000 0.200000
vt 0.600000 0.200000
vt 0.650000 0.200000
vt 0.700000 0.200000
vt 0.750000 0.200000
vt 0.800000 0.200000
vt 0.850000 0.200000
vt 0.900000 0.200000
vt 0.950000 0.200000
vt 1.000000 0.200000
vt 0.000000 0.250000
vt 0.050000 0.250000
vt 0.100000 0.250000
vt 0.150000 0.250000
vt 0.200000 0.250000
vt 0.250000 0.250000
vt 0.300000 0.250000
vt 0.350000 0.250000
vt 0.400000 0.250000
vt 0.450000 0.250000
vt 0.500000 0.250000
vt 0.550000 0.250000
vt 0.600000 0.250000
vt 0.650000 0.250000
vt 0.700000 0.250000
vt 0.750000 0.250000
vt 0.800000 0.250000
vt 0.850000 0.250000
vt 0.900000 0.250000
vt 0.950000 0.250000
vt 1.000000 0.250000
vt 0.000000 0.300000
vt 0.050000 0.300000
vt 0.100000 0.300000
vt 0.150000 0.300000
vt 0.200000 0.300000
vt 0.250000 0.300000
vt 0.300000 0.300000
vt 0.350000 0.300000
vt 0.400000 0.300000
vt 0.450000 0.300000
vt 0.500000 0.300000
vt 0.550000 0.300000
vt 0.600000 0.300000
vt 0.650000 0.300000
vt 0.700000 0.300000
vt 0.750000 0.300000
vt 0.800000 0.300000
vt 0.850000 0.300000
vt 0.900000 0.300000
vt 0.950000 0.300000
vt 1.000000 0.300000
vt 0.000000 0.350000
vt 0.050000 0.350000
vt 0.100000 0.350000
vt 0.150000 0.350000
vt 0.200000 0.350000
vt 0.250000 0.350000
vt 0.300000 0.350000
vt 0.350000 0.350000
vt 0.400000 0.350000
vt 0.450000 0.350000
vt 0.500000 0.350000
vt 0.550000 0.350000
vt 0.600000 0.350000
vt 0.650000 0.350000
vt 0.700000 0.350000
vt 0.750000 0.350000
vt 0.800000 0.350000
vt 0.850000 0.350000
vt 0.900000 0.350000
vt 0.950000 0.350000
vt 1.000000 0.350000
vt 0.000000 0.400000
vt 0.050000 0.400000
vt 0.100000 0.400000
vt 0.150000 0.400000
vt 0.200000 0.400000
vt 0.250000 0.400000
vt 0.300000 0.400000
vt 0.350000 0.400000
vt 0.400000 0.400000
vt 0.450000 0.400000
vt 0.500000 0.400000
vt 0.550000 0.400000
vt 0.600000 0.400000
vt 0.650000 0.400000
vt 0.700000 0.400000
vt 0.750000 0.400000
vt 0.800000 0.400000
vt 0.850000 0.400000
vt 0.900000 0.400000
vt 0.950000 0.400000
vt 1.000000 0.400000
vt 0.000000 0.450000
vt 0.050000 0.450000
vt 0.100000 0.450000
vt 0.150000 0.450000
vt 0.200000 0.450000
vt 0.250000 0.450000
vt 0.300000 0.450000
vt 0.350000 0.450000
vt 0.400000 0.450000
vt 0.450000 0.450000
vt 0.500000 0.450000
vt 0.550000 0.450000
vt 0.600000 0.450000
vt 0.650000 0.450000
vt 0.700000 0.450000
vt 0.750000 0.450000
vt 0.800000 0.450000
vt 0.850000 0.450000
vt 0.900000 0.450000
vt 0.950000 0.450000
vt 1.000000 0.450000
vt 0.000000 0.500000
vt 0.050000 0.500000
vt 0.100000 0.500000
vt 0.150000 0.500000
vt 0.200000 0.500000
vt 0.250000 0.500000
vt 0.300000 0.500000
vt 0.350000 0.500000
vt 0.400000 0.500000
vt 0.450000 0.500000
vt 0.500000 0.500000
vt 0.550000 0.500000
vt 0.600000 0.500000
vt 0.650000 0.500000
vt 0.700000 0.500000
vt 0.750000 0.500000
vt 0.800000 0.500000
vt 0.850000 0.500000
vt 0.900000 0.500000
vt 0.950000 0.500000
vt 1.000000 0.500000
vt 0.000000 0.550000
vt 0.050000 0.550000
vt 0.100000 0.550000
vt 0.150000 0.550000
vt 0.200000 0.550000
vt 0.250000 0.550000
vt 0.300000 0.550000
vt 0.350000 0.550000
vt 0.400000 0.550000
vt 0.450000 0.550000
vt 0.500000 0.550000
vt 0.550000 0.550000
vt 0.600000 0.550000
vt 0.650000 0.550000
vt 0.700000 0.550000
vt 0.750000 0.550000
vt 0.800000 0.550000
vt 0.850000 0.550000
vt 0.900000 0.550000
vt 0.950000 0.550000
vt 1.000000 0.550000
vt 0.000000 0.600000
vt 0.050000 0.600000
vt 0.100000 0.600000
vt 0.150000 0.600000
vt 0.200000 0.600000
vt 0.250000 0.600000
vt 0.300000 0.600000
vt 0.350000 0.600000
vt 0.400000 0.600000
vt 0.450000 0.600000
vt 0.500000 0.600000
vt 0.550000 0.600000
vt 0.600000 0.600000
vt 0.650000 0.600000
vt 0.700000 0.600000
vt 0.750000 0.600000
vt 0.800000 0.600000
vt 0.850000 0.600000
vt 0.900000 0.600000
vt 0.950000 0.600000
vt 1.000000 0.600000
vt 0.000000 0.650000
vt 0.050000 0.650000
vt 0.100000 0.650000
vt 0.150000 0.650000
vt 0.200000 0.650000
vt 0.250000 0.650000
vt 0.300000 0.650000
vt 0.350000 0.650000
vt 0.400000 0.650000
vt 0.450000 0.650000
vt 0.500000 0.650000
vt 0.550000 0.650000
vt 0.600000 0.650000
vt 0.650000 0.650000
vt 0.700000 0.650000
vt 0.750000 0.650000
vt 0.800000 0.650000
vt 0.850000 0.650000
vt 0.900000 0.650000
vt 0.950000 0.650000
vt 1.000000 0.650000
vt 0.000000 0.700000
vt 0.050000 0.700000
vt 0.100000 0.700000
vt 0.150000 0.700000
vt 0.200000 0.700000
vt 0.250000 0.700000
vt 0.300000 0.700000
vt 0.350000 0.700000
vt 0.400000 0.700000
vt 0.450000 0.700000
vt 0.500000 0.700000
vt 0.550000 0.700000
vt 0.600000 0.700000
vt 0.650000 0.700000
vt 0.700000 0.700000
vt 0.750000 0.700000
vt 0.800000 0.700000
vt 0.850000 0.700000
vt 0.900000 0.700000
vt 0.950000 0.700000
vt 1.000000 0.700000
vt 0.000000 0.750000
vt 0.050000 0.750000
vt 0.100000 0.750000
vt 0.150000 0.750000
vt 0.200000 0.750000
vt 0.250000 0.750000
vt 0.300000 0.750000
vt 0.350000 0.750000
vt 0.400000 0.750000
vt 0.450000 0.750000
vt 0.500000 0.750000
vt 0.550000 0.750000
vt 0.600000 0.750000
vt 0.650000 0.750000
vt 0.700000 0.750000
vt 0.750000 0.750000
vt 0.800000 0.750000
vt 0.850000 0.750000
vt 0.900000 0.750000
vt 0.950000 0.750000
vt 1.000000 0.750000
vt 0.000000 0.800000
vt 0.050000 0.800000
vt 0.100000 0.800000
vt 0.150000 0.800000
vt 0.200000 0.800000
vt 0.250000 0.800000
vt 0.300000 0.800000
vt 0.350000 0.800000
vt 0.400000 0.800000
vt 0.450000 0.800000
vt 0.500000 0.800000
vt 0.550000 0.800000
vt 0.600000 0.800000
vt 0.650000 0.800000
vt 0.700000 0.800000
vt 0.750000 0.800000
vt 0.800000 0.800000
vt 0.850000 0.800000
vt 0.900000 0.800000
vt 0.950000 0.800000
vt 1.000000 0.800000
vt 0.000000 0.850000
vt 0.050000 0.850000
vt 0.100000 0.850000
vt 0.150000 0.850000
vt 0.200000 0.850000
vt 0.250000 0.850000
vt 0.300000 0.850000
vt 0.350000 0.850000
vt 0.400000 0.850000
vt 0.450000 0.850000
vt 0.500000 0.850000
vt 0.550000 0.850000
vt 0.600000 0.850000
vt 0.650000 0.850000
vt 0.700000 0.850000
vt 0.750000 0.850000
vt 0.800000 0.850000
vt 0.850000 0.850000
vt 0.900000 0.850000
vt 0.950000 0.850000
vt 1.000000 0.850000
vt 0.000000 0.900000
vt 0.050000 0.900000
vt 0.100000 0.900000
vt 0.150000 0.900000
vt 0.200000 0.900000
vt 0.250000 0.900000
vt 0.300000 0.900000
vt 0.350000 0.900000
vt 0.400000 0.900000
vt 0.450000 0.900000
vt 0.500000 0.900000
vt 0.550000 0.900000
vt 0.600000 0.900000
vt 0.650000 0.900000
vt 0.700000 0.900000
vt 0.750000 0.900000
vt 0.800000 0.900000
vt 0.850000 0.900000
vt 0.900000 0.900000
vt 0.950000 0.900000
vt 1.000000 0.900000
vt 0.000000 0.950000
vt 0.050000 0.950000
vt 0.100000 0.950000
vt 0.150000 0.950000
vt 0.200000 0.950000
vt 0.250000 0.950000
vt 0.300000 0.950000
vt 0.350000 0.950000
vt 0.400000 0.950000
vt 0.450000 0.950000
vt 0.500000 0.950000
vt 0.550000 0.950000
vt 0.600000 0.950000
vt 0.650000 0.950000
vt 0.700000 0.950000
vt 0.750000 0.950000
vt 0.800000 0.950000
vt 0.850000 0.950000
vt 0.900000 0.950000
vt 0.950000 0.950000
vt 1.000000 0.950000
vt 0.025000 0.000000
vt 0.075000 0.000000
vt 0.125000 0.000000
vt 0.175000 0.000000
vt 0.225000 0.000000
vt 0.275000 0.000000
vt 0.325000 0.000000
vt 0.375000 0.000000
vt 0.425000 0.000000
vt 0.475000 0.000000
vt 0.525000 0.000000
vt 0.575000 0.000000
vt 0.625000 0.000000
vt 0.675000 0.000000
vt 0.725000 0.000000
vt 0.775000 0.000000
vt 0.825000 0.000000
vt 0.875000 0.000000
vt 0.925000 0.000000
vt 0.975000 0.000000
vt 0.025000 1.000000
vt 0.075000 1.000000
vt 0.125000 1.000000
vt 0.175000 1.000000
vt 0.225000 1.000000
vt 0.275000 1.000000
vt 0.325000 1.000000
vt 0.375000 1.000000
vt 0.425000 1.000000
vt 0.475000 1.000000
vt 0.525000 1.000000
vt 0.575000 1.000000
vt 0.625000 1.000000
vt 0.675000 1.000000
vt 0.725000 1.000000
vt 0.775000 1.000000
vt 0.825000 1.000000
vt 0.875000 1.000000
vt 0.925000 1.000000
vt 0.975000 1.000000
vn 0.329594 0.061915 -0.942090
vn 0.301431 0.117769 -0.946187
vn 0.402757 0.196072 -0.894060
vn 0.449645 0.103081 -0.887239
vn 0.257565 0.162096 -0.952568
vn 0.329727 0.269870 -0.904682
vn 0.202293 0.190555 -0.960607
vn 0.237705 0.317251 -0.918067
vn 0.141024 0.200361 -0.969519
vn 0.135698 0.333577 -0.932905
vn 0.079755 0.190555 -0.978431
vn 0.033690 0.317251 -0.947743
vn 0.024480 0.162097 -0.986471
vn -0.058333 0.269871 -0.961128
vn -0.019385 0.117769 -0.992852
vn -0.131363 0.196072 -0.971751
vn -0.047546 0.061914 -0.996948
vn -0.178249 0.103081 -0.978571
vn -0.057251 -0.000000 -0.998360
vn -0.194405 -0.000001 -0.980921
vn -0.047550 -0.061916 -0.996948
vn -0.178251 -0.103081 -0.978571
vn -0.019385 -0.117770 -0.992852
vn -0.131361 -0.196072 -0.971751
vn 0.024481 -0.162096 -0.986471
vn -0.058332 -0.269870 -0.961128
vn 0.079753 -0.190555 -0.978431
vn 0.033690 -0.317251 -0.947743
vn 0.141023 -0.200361 -0.969519
vn 0.135698 -0.333576 -0.932906
vn 0.202294 -0.190555 -0.960607
vn 0.237705 -0.317251 -0.918067
vn 0.257565 -0.162094 -0.952568
vn 0.329726 -0.269869 -0.904683
vn 0.301429 -0.117768 -0.946188
vn 0.402756 -0.196071 -0.894060
vn 0.329595 -0.061915 -0.942090
vn 0.449646 -0.103081 -0.887239
vn 0.339299 0.000000 -0.940679
vn 0.465802 -0.000000 -0.884889
vn 0.503876 0.276701 -0.818258
vn 0.570045 0.145470 -0.808633
vn 0.400814 0.380846 -0.833249
vn 0.270950 0.447710 -0.852140
vn 0.126995 0.470751 -0.873078
vn -0.016960 0.447711 -0.894017
vn -0.146824 0.380846 -0.912907
vn -0.249885 0.276701 -0.927898
vn -0.316053 0.145470 -0.937523
vn -0.338854 -0.000000 -0.940839
vn -0.316054 -0.145469 -0.937523
vn -0.249884 -0.276701 -0.927898
vn -0.146824 -0.380847 -0.912907
vn -0.016960 -0.447711 -0.894018
vn 0.126996 -0.470751 -0.873078
vn 0.270951 -0.447711 -0.852139
vn 0.400814 -0.380846 -0.833249
vn 0.503875 -0.276700 -0.818258
vn 0.570044 -0.145470 -0.808634
vn 0.592844 -0.000000 -0.805317
vn 0.595277 0.352474 -0.722085
vn 0.679566 0.185306 -0.709825
vn 0.463993 0.485138 -0.741183
vn 0.298567 0.570314 -0.765245
vn 0.115190 0.599664 -0.791918
vn -0.068187 0.570314 -0.818591
vn -0.233614 0.485139 -0.842653
vn -0.364898 0.352474 -0.861749
vn -0.449185 0.185306 -0.874011
vn -0.478228 0.000000 -0.878236
vn -0.449185 -0.185307 -0.874010
vn -0.364896 -0.352474 -0.861750
vn -0.233613 -0.485138 -0.842654
vn -0.068186 -0.570315 -0.818591
vn 0.115190 -0.599665 -0.791917
vn 0.298567 -0.570316 -0.765244
vn 0.463993 -0.485139 -0.741182
vn 0.595278 -0.352475 -0.722085
vn 0.679566 -0.185307 -0.709824
vn 0.708609 -0.000000 -0.705601
vn 0.673271 0.420460 -0.608210
vn 0.773818 0.221048 -0.593585
vn 0.516667 0.578714 -0.630988
vn 0.319333 0.680319 -0.659691
vn 0.100585 0.715329 -0.691511
vn -0.118162 0.680317 -0.723330
vn -0.315496 0.578713 -0.752033
vn -0.472100 0.420459 -0.774813
vn -0.572648 0.221050 -0.789438
vn -0.607294 0.000000 -0.794477
vn -0.572647 -0.221049 -0.789438
vn -0.472100 -0.420459 -0.774813
vn -0.315496 -0.578713 -0.752033
vn -0.118162 -0.680320 -0.723328
vn 0.100585 -0.715329 -0.691511
vn 0.319332 -0.680319 -0.659692
vn 0.516666 -0.578713 -0.630989
vn 0.673272 -0.420460 -0.608209
vn 0.773819 -0.221048 -0.593584
vn 0.808463 -0.000001 -0.588547
vn 0.735491 0.478652 -0.479526
vn 0.849955 0.251642 -0.462875
vn 0.557211 0.658808 -0.505458
vn 0.332566 0.774476 -0.538133
vn 0.083544 0.814331 -0.574356
vn -0.165477 0.774474 -0.610579
vn -0.390123 0.658808 -0.643255
vn -0.568403 0.478652 -0.669186
vn -0.682866 0.251643 -0.685835
vn -0.722307 0.000000 -0.691573
vn -0.682864 -0.251642 -0.685837
vn -0.568402 -0.478651 -0.669188
vn -0.390123 -0.658808 -0.643255
vn -0.165478 -0.774475 -0.610578
vn 0.083545 -0.814330 -0.574358
vn 0.332566 -0.774474 -0.538136
vn 0.557211 -0.658807 -0.505459
vn 0.735491 -0.478651 -0.479527
vn 0.849953 -0.251642 -0.462878
vn 0.889395 -0.000000 -0.457140
vn 0.780244 0.525502 -0.339216
vn 0.905911 0.276271 -0.320936
vn 0.584514 0.723291 -0.367688
vn 0.337881 0.850279 -0.403561
vn 0.064485 0.894037 -0.443329
vn -0.208910 0.850279 -0.483097
vn -0.455544 0.723291 -0.518969
vn -0.651274 0.525502 -0.547439
vn -0.776940 0.276272 -0.565719
vn -0.820241 -0.000001 -0.572018
vn -0.776939 -0.276273 -0.565720
vn -0.651273 -0.525502 -0.547440
vn -0.455543 -0.723291 -0.518971
vn -0.208910 -0.850279 -0.483097
vn 0.064486 -0.894036 -0.443329
vn 0.337881 -0.850279 -0.403562
vn 0.584514 -0.723291 -0.367687
vn 0.780244 -0.525502 -0.339216
vn 0.905910 -0.276273 -0.320938
vn 0.949212 -0.000001 -0.314638
vn 0.806372 0.559819 -0.190703
vn 0.940244 0.294313 -0.171232
vn 0.597860 0.770525 -0.221033
vn 0.335121 0.905805 -0.259252
vn 0.043872 0.952420 -0.301614
vn -0.247376 0.905805 -0.343979
vn -0.510116 0.770523 -0.382199
vn -0.718628 0.559818 -0.412526
vn -0.852500 0.294314 -0.431998
vn -0.898630 0.000000 -0.438708
vn -0.852500 -0.294314 -0.431998
vn -0.718628 -0.559819 -0.412525
vn -0.510117 -0.770524 -0.382196
vn -0.247378 -0.905805 -0.343978
vn 0.043872 -0.952420 -0.301613
vn 0.335121 -0.905805 -0.259249
vn 0.597861 -0.770524 -0.221032
vn 0.806372 -0.559818 -0.190704
vn 0.940244 -0.294314 -0.171231
vn 0.986373 -0.000001 -0.164521
vn 0.813213 0.580751 -0.037584
vn 0.952092 0.305318 -0.017384
vn 0.596905 0.799335 -0.069046
vn 0.324343 0.939674 -0.108697
vn 0.022203 0.988032 -0.152645
vn -0.279936 0.939674 -0.196592
vn -0.552499 0.799334 -0.236240
vn -0.768807 0.580751 -0.267702
vn -0.907685 0.305319 -0.287902
vn -0.955540 0.000000 -0.294862
vn -0.907686 -0.305319 -0.287901
vn -0.768807 -0.580751 -0.267701
vn -0.552500 -0.799335 -0.236237
vn -0.279937 -0.939674 -0.196590
vn 0.022203 -0.988032 -0.152643
vn 0.324343 -0.939674 -0.108693
vn 0.596906 -0.799335 -0.069046
vn 0.813213 -0.580751 -0.037584
vn 0.952092 -0.305318 -0.017383
vn 0.999946 -0.000001 -0.010423
vn 0.800592 0.587785 0.116452
vn 0.941153 0.309016 0.136897
vn 0.581664 0.809017 0.084607
vn 0.305800 0.951056 0.044481
vn -0.000000 1.000000 -0.000000
vn -0.305800 0.951056 -0.044481
vn -0.581664 0.809017 -0.084608
vn -0.800592 0.587785 -0.116453
vn -0.941152 0.309017 -0.136898
vn -0.989586 0.000000 -0.143942
vn -0.941152 -0.309017 -0.136897
vn -0.800592 -0.587785 -0.116452
vn -0.581664 -0.809017 -0.084607
vn -0.305799 -0.951056 -0.044481
vn -0.000000 -1.000000 -0.000000
vn 0.305799 -0.951056 0.044481
vn 0.581664 -0.809017 0.084607
vn 0.800592 -0.587785 0.116452
vn 0.941152 -0.309017 0.136897
vn 0.989586 -0.000001 0.143942
vn 0.768808 0.580751 0.267700
vn 0.907686 0.305318 0.287902
vn 0.552501 0.799335 0.236234
vn 0.279937 0.939674 0.196590
vn -0.022203 0.988032 0.152643
vn -0.324342 0.939674 0.108692
vn -0.596906 0.799335 0.069046
vn -0.813213 0.580751 0.037583
vn -0.952092 0.305319 0.017383
vn -0.999946 0.000000 0.010423
vn -0.952091 -0.305319 0.017383
vn -0.813213 -0.580751 0.037584
vn -0.596905 -0.799335 0.069048
vn -0.324342 -0.939674 0.108695
vn -0.022203 -0.988032 0.152645
vn 0.279936 -0.939674 0.196592
vn 0.552500 -0.799335 0.236236
vn 0.768808 -0.580751 0.267700
vn 0.907686 -0.305319 0.287901
vn 0.955540 -0.000001 0.294862
vn 0.718628 0.559819 0.412524
vn 0.852500 0.294313 0.431999
vn 0.510117 0.770525 0.382194
vn 0.247377 0.905805 0.343978
vn -0.043872 0.952421 0.301611
vn -0.335121 0.905806 0.259247
vn -0.597861 0.770524 0.221031
vn -0.806372 0.559818 0.190703
vn -0.940244 0.294314 0.171231
vn -0.986374 -0.000000 0.164521
vn -0.940244 -0.294314 0.171231
vn -0.806372 -0.559818 0.190704
vn -0.597860 -0.770524 0.221034
vn -0.335121 -0.905805 0.259252
vn -0.043872 -0.952420 0.301615
vn 0.247376 -0.905805 0.343980
vn 0.510116 -0.770524 0.382197
vn 0.718628 -0.559818 0.412527
vn 0.852500 -0.294314 0.431999
vn 0.898630 -0.000001 0.438708
vn 0.651274 0.525502 0.547440
vn 0.776940 0.276272 0.565719
vn 0.455543 0.723290 0.518972
vn 0.208909 0.850278 0.483099
vn -0.064485 0.894037 0.443329
vn -0.337881 0.850279 0.403561
vn -0.584514 0.723291 0.367687
vn -0.780244 0.525501 0.339216
vn -0.905910 0.276272 0.320937
vn -0.949212 -0.000000 0.314638
vn -0.905910 -0.276272 0.320937
vn -0.780244 -0.525501 0.339216
vn -0.584514 -0.723291 0.367687
vn -0.337881 -0.850279 0.403561
vn -0.064485 -0.894037 0.443328
vn 0.208911 -0.850280 0.483095
vn 0.455544 -0.723291 0.518970
vn 0.651273 -0.525501 0.547441
vn 0.776940 -0.276272 0.565719
vn 0.820242 -0.000001 0.572017
vn 0.568403 0.478652 0.669187
vn 0.682866 0.251642 0.685836
vn 0.390122 0.658807 0.643256
vn 0.165477 0.774474 0.610579
vn -0.083544 0.814331 0.574357
vn -0.332566 0.774474 0.538135
vn -0.557211 0.658807 0.505460
vn -0.735491 0.478651 0.479527
vn -0.849954 0.251643 0.462876
vn -0.889395 0.000000 0.457139
vn -0.849954 -0.251643 0.462877
vn -0.735490 -0.478652 0.479527
vn -0.557211 -0.658807 0.505459
vn -0.332566 -0.774475 0.538134
vn -0.083544 -0.814332 0.574356
vn 0.165478 -0.774475 0.610578
vn 0.390123 -0.658809 0.643254
vn 0.568403 -0.478652 0.669186
vn 0.682866 -0.251643 0.685836
vn 0.722306 -0.000001 0.691574
vn 0.472101 0.420460 0.774812
vn 0.572647 0.221048 0.789438
vn 0.315496 0.578714 0.752032
vn 0.118162 0.680319 0.723328
vn -0.100584 0.715329 0.691510
vn -0.319332 0.680318 0.659693
vn -0.516666 0.578712 0.630990
vn -0.673272 0.420459 0.608210
vn -0.773819 0.221049 0.593584
vn -0.808464 0.000000 0.588545
vn -0.773818 -0.221049 0.593585
vn -0.673270 -0.420459 0.608212
vn -0.516665 -0.578712 0.630991
vn -0.319332 -0.680318 0.659692
vn -0.100585 -0.715329 0.691511
vn 0.118162 -0.680318 0.723329
vn 0.315495 -0.578713 0.752034
vn 0.472101 -0.420460 0.774813
vn 0.572647 -0.221049 0.789438
vn 0.607292 -0.000001 0.794479
vn 0.364897 0.352474 0.861750
vn 0.449185 0.185306 0.874011
vn 0.233612 0.485138 0.842654
vn 0.068186 0.570314 0.818592
vn -0.115189 0.599665 0.791918
vn -0.298566 0.570315 0.765244
vn -0.463993 0.485139 0.741182
vn -0.595277 0.352473 0.722086
vn -0.679565 0.185307 0.709825
vn -0.708609 -0.000000 0.705601
vn -0.679565 -0.185306 0.709827
vn -0.595275 -0.352473 0.722087
vn -0.463993 -0.485138 0.741183
vn -0.298567 -0.570314 0.765245
vn -0.115190 -0.599665 0.791917
vn 0.068187 -0.570315 0.818591
vn 0.233612 -0.485138 0.842654
vn 0.364896 -0.352474 0.861750
vn 0.449184 -0.185306 0.874011
vn 0.478228 -0.000000 0.878236
vn 0.322831 0.325066 0.888882
vn 0.400567 0.170897 0.900189
vn 0.201756 0.447417 0.871271
vn 0.049192 0.525969 0.849080
vn -0.119926 0.553036 0.824481
vn -0.289044 0.525969 0.799881
vn -0.441608 0.447416 0.777689
vn -0.562682 0.325066 0.760079
vn -0.640418 0.170898 0.748771
vn -0.667205 -0.000000 0.744874
vn -0.640419 -0.170898 0.748771
vn -0.562685 -0.325068 0.760077
vn -0.441609 -0.447417 0.777689
vn -0.289045 -0.525968 0.799882
vn -0.119926 -0.553037 0.824481
vn 0.049192 -0.525970 0.849079
vn 0.201756 -0.447417 0.871270
vn 0.322831 -0.325067 0.888882
vn 0.400565 -0.170898 0.900190
vn 0.427352 -0.000000 0.904085
vn 0.170149 0.222720 0.959919
vn 0.223410 0.117092 0.967666
vn 0.087192 0.306549 0.947853
vn -0.017336 0.360370 0.932648
vn -0.133209 0.378913 0.915795
vn -0.249080 0.360368 0.898941
vn -0.353608 0.306546 0.883737
vn -0.436564 0.222719 0.871670
vn -0.489824 0.117091 0.863923
vn -0.508177 0.000001 0.861253
vn -0.489826 -0.117091 0.863921
vn -0.436565 -0.222722 0.871668
vn -0.353610 -0.306548 0.883735
vn -0.249080 -0.360368 0.898940
vn -0.133209 -0.378915 0.915794
vn -0.017337 -0.360370 0.932648
vn 0.087193 -0.306548 0.947853
vn 0.170147 -0.222720 0.959920
vn 0.223409 -0.117091 0.967666
vn 0.241760 0.000000 0.970336
vn -0.021673 0.088563 0.995835
vn -0.000494 0.046561 0.998915
vn -0.054660 0.121894 0.991037
vn -0.096223 0.143296 0.984991
vn -0.142299 0.150671 0.978289
vn -0.188375 0.143296 0.971587
vn -0.229939 0.121894 0.965541
vn -0.262926 0.088562 0.960743
vn -0.284104 0.046560 0.957662
vn -0.291401 0.000002 0.956601
vn -0.284102 -0.046560 0.957663
vn -0.262924 -0.088563 0.960743
vn -0.229940 -0.121896 0.965541
vn -0.188375 -0.143297 0.971587
vn -0.142299 -0.150672 0.978289
vn -0.096223 -0.143297 0.984991
vn -0.054659 -0.121895 0.991037
vn -0.021674 -0.088562 0.995835
vn -0.000495 -0.046560 0.998915
vn 0.006802 0.000000 0.999977
vn 0.143942 0.000000 -0.989586
vn -0.143944 0.000000 0.989586
s 1
g group1 eyes_lid1:blue_eyes:pSphere2
usemtl eyes_lid1:blue_eyes:lambert10SG
f 720/846/720 721/847/721 741/868/722 740/867/723
f 721/847/721 722/848/724 742/869/725 741/868/722
f 722/848/724 723/849/726 743/870/727 742/869/725
f 723/849/726 724/850/728 744/871/729 743/870/727
f 724/850/728 725/851/730 745/872/731 744/871/729
f 725/851/730 726/852/732 746/873/733 745/872/731
f 726/852/732 727/853/734 747/874/735 746/873/733
f 727/853/734 728/854/736 748/875/737 747/874/735
f 728/854/736 729/855/738 749/876/739 748/875/737
f 729/855/738 730/856/740 750/877/741 749/876/739
f 730/856/740 731/857/742 751/878/743 750/877/741
f 731/857/742 732/858/744 752/879/745 751/878/743
f 732/858/744 733/859/746 753/880/747 752/879/745
f 733/859/746 734/860/748 754/881/749 753/880/747
f 734/860/748 735/861/750 755/882/751 754/881/749
f 735/861/750 736/862/752 756/883/753 755/882/751
f 736/862/752 737/863/754 757/884/755 756/883/753
f 737/863/754 738/864/756 758/885/757 757/884/755
f 738/864/756 739/865/758 759/886/759 758/885/757
f 739/865/758 720/866/720 740/887/723 759/886/759
f 740/867/723 741/868/722 761/889/760 760/888/761
f 741/868/722 742/869/725 762/890/762 761/889/760
f 742/869/725 743/870/727 763/891/763 762/890/762
f 743/870/727 744/871/729 764/892/764 763/891/763
f 744/871/729 745/872/731 765/893/765 764/892/764
f 745/872/731 746/873/733 766/894/766 765/893/765
f 746/873/733 747/874/735 767/895/767 766/894/766
f 747/874/735 748/875/737 768/896/768 767/895/767
f 748/875/737 749/876/739 769/897/769 768/896/768
f 749/876/739 750/877/741 770/898/770 769/897/769
f 750/877/741 751/878/743 771/899/771 770/898/770
f 751/878/743 752/879/745 772/900/772 771/899/771
f 752/879/745 753/880/747 773/901/773 772/900/772
f 753/880/747 754/881/749 774/902/774 773/901/773
f 754/881/749 755/882/751 775/903/775 774/902/774
f 755/882/751 756/883/753 776/904/776 775/903/775
f 756/883/753 757/884/755 777/905/777 776/904/776
f 757/884/755 758/885/757 778/906/778 777/905/777
f 758/885/757 759/886/759 779/907/779 778/906/778
f 759/886/759 740/887/723 760/908/761 779/907/779
f 760/888/761 761/889/760 781/910/780 780/909/781
f 761/889/760 762/890/762 782/911/782 781/910/780
f 762/890/762 763/891/763 783/912/783 782/911/782
f 763/891/763 764/892/764 784/913/784 783/912/783
f 764/892/764 765/893/765 785/914/785 784/913/784
f 765/893/765 766/894/766 786/915/786 785/914/785
f 766/894/766 767/895/767 787/916/787 786/915/786
f 767/895/767 768/896/768 788/917/788 787/916/787
f 768/896/768 769/897/769 789/918/789 788/917/788
f 769/897/769 770/898/770 790/919/790 789/918/789
f 770/898/770 771/899/771 791/920/791 790/919/790
f 771/899/771 772/900/772 792/921/792 791/920/791
f 772/900/772 773/901/773 793/922/793 792/921/792
f 773/901/773 774/902/774 794/923/794 793/922/793
f 774/902/774 775/903/775 795/924/795 794/923/794
f 775/903/775 776/904/776 796/925/796 795/924/795
f 776/904/776 777/905/777 797/926/797 796/925/796
f 777/905/777 778/906/778 798/927/798 797/926/797
f 778/906/778 779/907/779 799/928/799 798/927/798
f 779/907/779 760/908/761 780/929/781 799/928/799
f 780/909/781 781/910/780 801/931/800 800/930/801
f 781/910/780 782/911/782 802/932/802 801/931/800
f 782/911/782 783/912/783 803/933/803 802/932/802
f 783/912/783 784/913/784 804/934/804 803/933/803
f 784/913/784 785/914/785 805/935/805 804/934/804
f 785/914/785 786/915/786 806/936/806 805/935/805
f 786/915/786 787/916/787 807/937/807 806/936/806
f 787/916/787 788/917/788 808/938/808 807/937/807
f 788/917/788 789/918/789 809/939/809 808/938/808
f 789/918/789 790/919/790 810/940/810 809/939/809
f 790/919/790 791/920/791 811/941/811 810/940/810
f 791/920/791 792/921/792 812/942/812 811/941/811
f 792/921/792 793/922/793 813/943/813 812/942/812
f 793/922/793 794/923/794 814/944/814 813/943/813
f 794/923/794 795/924/795 815/945/815 814/944/814
f 795/924/795 796/925/796 816/946/816 815/945/815
f 796/925/796 797/926/797 817/947/817 816/946/816
f 797/926/797 798/927/798 818/948/818 817/947/817
f 798/927/798 799/928/799 819/949/819 818/948/818
f 799/928/799 780/929/781 800/950/801 819/949/819
f 800/930/801 801/931/800 821/952/820 820/951/821
f 801/931/800 802/932/802 822/953/822 821/952/820
f 802/932/802 803/933/803 823/954/823 822/953/822
f 803/933/803 804/934/804 824/955/824 823/954/823
f 804/934/804 805/935/805 825/956/825 824/955/824
f 805/935/805 806/936/806 826/957/826 825/956/825
f 806/936/806 807/937/807 827/958/827 826/957/826
f 807/937/807 808/938/808 828/959/828 827/958/827
f 808/938/808 809/939/809 829/960/829 828/959/828
f 809/939/809 810/940/810 830/961/830 829/960/829
f 810/940/810 811/941/811 831/962/831 830/961/830
f 811/941/811 812/942/812 832/963/832 831/962/831
f 812/942/812 813/943/813 833/964/833 832/963/832
f 813/943/813 814/944/814 834/965/834 833/964/833
f 814/944/814 815/945/815 835/966/835 834/965/834
f 815/945/815 816/946/816 836/967/836 835/966/835
f 816/946/816 817/947/817 837/968/837 836/967/836
f 817/947/817 818/948/818 838/969/838 837/968/837
f 818/948/818 819/949/819 839/970/839 838/969/838
f 819/949/819 800/950/801 820/971/821 839/970/839
f 820/951/821 821/952/820 841/973/840 840/972/841
f 821/952/820 822/953/822 842/974/842 841/973/840
f 822/953/822 823/954/823 843/975/843 842/974/842
f 823/954/823 824/955/824 844/976/844 843/975/843
f 824/955/824 825/956/825 845/977/845 844/976/844
f 825/956/825 826/957/826 846/978/846 845/977/845
f 826/957/826 827/958/827 847/979/847 846/978/846
f 827/958/827 828/959/828 848/980/848 847/979/847
f 828/959/828 829/960/829 849/981/849 848/980/848
f 829/960/829 830/961/830 850/982/850 849/981/849
f 830/961/830 831/962/831 851/983/851 850/982/850
f 831/962/831 832/963/832 852/984/852 851/983/851
f 832/963/832 833/964/833 853/985/853 852/984/852
f 833/964/833 834/965/834 854/986/854 853/985/853
f 834/965/834 835/966/835 855/987/855 854/986/854
f 835/966/835 836/967/836 856/988/856 855/987/855
f 836/967/836 837/968/837 857/989/857 856/988/856
f 837/968/837 838/969/838 858/990/858 857/989/857
f 838/969/838 839/970/839 859/991/859 858/990/858
f 839/970/839 820/971/821 840/992/841 859/991/859
f 840/972/841 841/973/840 861/994/860 860/993/861
f 841/973/840 842/974/842 862/995/862 861/994/860
f 842/974/842 843/975/843 863/996/863 862/995/862
f 843/975/843 844/976/844 864/997/864 863/996/863
f 844/976/844 845/977/845 865/998/865 864/997/864
f 845/977/845 846/978/846 866/999/866 865/998/865
f 846/978/846 847/979/847 867/1000/867 866/999/866
f 847/979/847 848/980/848 868/1001/868 867/1000/867
f 848/980/848 849/981/849 869/1002/869 868/1001/868
f 849/981/849 850/982/850 870/1003/870 869/1002/869
f 850/982/850 851/983/851 871/1004/871 870/1003/870
f 851/983/851 852/984/852 872/1005/872 871/1004/871
f 852/984/852 853/985/853 873/1006/873 872/1005/872
f 853/985/853 854/986/854 874/1007/874 873/1006/873
f 854/986/854 855/987/855 875/1008/875 874/1007/874
f 855/987/855 856/988/856 876/1009/876 875/1008/875
f 856/988/856 857/989/857 877/1010/877 876/1009/876
f 857/989/857 858/990/858 878/1011/878 877/1010/877
f 858/990/858 859/991/859 879/1012/879 878/1011/878
f 859/991/859 840/992/841 860/1013/861 879/1012/879
f 860/993/861 861/994/860 881/1015/880 880/1014/881
f 861/994/860 862/995/862 882/1016/882 881/1015/880
f 862/995/862 863/996/863 883/1017/883 882/1016/882
f 863/996/863 864/997/864 884/1018/884 883/1017/883
f 864/997/864 865/998/865 885/1019/885 884/1018/884
f 865/998/865 866/999/866 886/1020/886 885/1019/885
f 866/999/866 867/1000/867 887/1021/887 886/1020/886
f 867/1000/867 868/1001/868 888/1022/888 887/1021/887
f 868/1001/868 869/1002/869 889/1023/889 888/1022/888
f 869/1002/869 870/1003/870 890/1024/890 889/1023/889
f 870/1003/870 871/1004/871 891/1025/891 890/1024/890
f 871/1004/871 872/1005/872 892/1026/892 891/1025/891
f 872/1005/872 873/1006/873 893/1027/893 892/1026/892
f 873/1006/873 874/1007/874 894/1028/894 893/1027/893
f 874/1007/874 875/1008/875 895/1029/895 894/1028/894
f 875/1008/875 876/1009/876 896/1030/896 895/1029/895
f 876/1009/876 877/1010/877 897/1031/897 896/1030/896
f 877/1010/877 878/1011/878 898/1032/898 897/1031/897
f 878/1011/878 879/1012/879 899/1033/899 898/1032/898
f 879/1012/879 860/1013/861 880/1034/881 899/1033/899
f 880/1014/881 881/1015/880 901/1036/900 900/1035/901
f 881/1015/880 882/1016/882 902/1037/902 901/1036/900
f 882/1016/882 883/1017/883 903/1038/903 902/1037/902
f 883/1017/883 884/1018/884 904/1039/904 903/1038/903
f 884/1018/884 885/1019/885 905/1040/905 904/1039/904
f 885/1019/885 886/1020/886 906/1041/906 905/1040/905
f 886/1020/886 887/1021/887 907/1042/907 906/1041/906
f 887/1021/887 888/1022/888 908/1043/908 907/1042/907
f 888/1022/888 889/1023/889 909/1044/909 908/1043/908
f 889/1023/889 890/1024/890 910/1045/910 909/1044/909
f 890/1024/890 891/1025/891 911/1046/911 910/1045/910
f 891/1025/891 892/1026/892 912/1047/912 911/1046/911
f 892/1026/892 893/1027/893 913/1048/913 912/1047/912
f 893/1027/893 894/1028/894 914/1049/914 913/1048/913
f 894/1028/894 895/1029/895 915/1050/915 914/1049/914
f 895/1029/895 896/1030/896 916/1051/916 915/1050/915
f 896/1030/896 897/1031/897 917/1052/917 916/1051/916
f 897/1031/897 898/1032/898 918/1053/918 917/1052/917
f 898/1032/898 899/1033/899 919/1054/919 918/1053/918
f 899/1033/899 880/1034/881 900/1055/901 919/1054/919
f 900/1035/901 901/1036/900 921/1057/920 920/1056/921
f 901/1036/900 902/1037/902 922/1058/922 921/1057/920
f 902/1037/902 903/1038/903 923/1059/923 922/1058/922
f 903/1038/903 904/1039/904 924/1060/924 923/1059/923
f 904/1039/904 905/1040/905 925/1061/925 924/1060/924
f 905/1040/905 906/1041/906 926/1062/926 925/1061/925
f 906/1041/906 907/1042/907 927/1063/927 926/1062/926
f 907/1042/907 908/1043/908 928/1064/928 927/1063/927
f 908/1043/908 909/1044/909 929/1065/929 928/1064/928
f 909/1044/909 910/1045/910 930/1066/930 929/1065/929
f 910/1045/910 911/1046/911 931/1067/931 930/1066/930
f 911/1046/911 912/1047/912 932/1068/932 931/1067/931
f 912/1047/912 913/1048/913 933/1069/933 932/1068/932
f 913/1048/913 914/1049/914 934/1070/934 933/1069/933
f 914/1049/914 915/1050/915 935/1071/935 934/1070/934
f 915/1050/915 916/1051/916 936/1072/936 935/1071/935
f 916/1051/916 917/1052/917 937/1073/937 936/1072/936
f 917/1052/917 918/1053/918 938/1074/938 937/1073/937
f 918/1053/918 919/1054/919 939/1075/939 938/1074/938
f 919/1054/919 900/1055/901 920/1076/921 939/1075/939
f 920/1056/921 921/1057/920 941/1078/940 940/1077/941
f 921/1057/920 922/1058/922 942/1079/942 941/1078/940
f 922/1058/922 923/1059/923 943/1080/943 942/1079/942
f 923/1059/923 924/1060/924 944/1081/944 943/1080/943
f 924/1060/924 925/1061/925 945/1082/945 944/1081/944
f 925/1061/925 926/1062/926 946/1083/946 945/1082/945
f 926/1062/926 927/1063/927 947/1084/947 946/1083/946
f 927/1063/927 928/1064/928 948/1085/948 947/1084/947
f 928/1064/928 929/1065/929 949/1086/949 948/1085/948
f 929/1065/929 930/1066/930 950/1087/950 949/1086/949
f 930/1066/930 931/1067/931 951/1088/951 950/1087/950
f 931/1067/931 932/1068/932 952/1089/952 951/1088/951
f 932/1068/932 933/1069/933 953/1090/953 952/1089/952
f 933/1069/933 934/1070/934 954/1091/954 953/1090/953
f 934/1070/934 935/1071/935 955/1092/955 954/1091/954
f 935/1071/935 936/1072/936 956/1093/956 955/1092/955
f 936/1072/936 937/1073/937 957/1094/957 956/1093/956
f 937/1073/937 938/1074/938 958/1095/958 957/1094/957
f 938/1074/938 939/1075/939 959/1096/959 958/1095/958
f 939/1075/939 920/1076/921 940/1097/941 959/1096/959
f 940/1077/941 941/1078/940 961/1099/960 960/1098/961
f 941/1078/940 942/1079/942 962/1100/962 961/1099/960
f 942/1079/942 943/1080/943 963/1101/963 962/1100/962
f 943/1080/943 944/1081/944 964/1102/964 963/1101/963
f 944/1081/944 945/1082/945 965/1103/965 964/1102/964
f 945/1082/945 946/1083/946 966/1104/966 965/1103/965
f 946/1083/946 947/1084/947 967/1105/967 966/1104/966
f 947/1084/947 948/1085/948 968/1106/968 967/1105/967
f 948/1085/948 949/1086/949 969/1107/969 968/1106/968
f 949/1086/949 950/1087/950 970/1108/970 969/1107/969
f 950/1087/950 951/1088/951 971/1109/971 970/1108/970
f 951/1088/951 952/1089/952 972/1110/972 971/1109/971
f 952/1089/952 953/1090/953 973/1111/973 972/1110/972
f 953/1090/953 954/1091/954 974/1112/974 973/1111/973
f 954/1091/954 955/1092/955 975/1113/975 974/1112/974
f 955/1092/955 956/1093/956 976/1114/976 975/1113/975
f 956/1093/956 957/1094/957 977/1115/977 976/1114/976
f 957/1094/957 958/1095/958 978/1116/978 977/1115/977
f 958/1095/958 959/1096/959 979/1117/979 978/1116/978
f 959/1096/959 940/1097/941 960/1118/961 979/1117/979
f 960/1098/961 961/1099/960 981/1120/980 980/1119/981
f 961/1099/960 962/1100/962 982/1121/982 981/1120/980
f 962/1100/962 963/1101/963 983/1122/983 982/1121/982
f 963/1101/963 964/1102/964 984/1123/984 983/1122/983
f 964/1102/964 965/1103/965 985/1124/985 984/1123/984
f 965/1103/965 966/1104/966 986/1125/986 985/1124/985
f 966/1104/966 967/1105/967 987/1126/987 986/1125/986
f 967/1105/967 968/1106/968 988/1127/988 987/1126/987
f 968/1106/968 969/1107/969 989/1128/989 988/1127/988
f 969/1107/969 970/1108/970 990/1129/990 989/1128/989
f 970/1108/970 971/1109/971 991/1130/991 990/1129/990
f 971/1109/971 972/1110/972 992/1131/992 991/1130/991
f 972/1110/972 973/1111/973 993/1132/993 992/1131/992
f 973/1111/973 974/1112/974 994/1133/994 993/1132/993
f 974/1112/974 975/1113/975 995/1134/995 994/1133/994
f 975/1113/975 976/1114/976 996/1135/996 995/1134/995
f 976/1114/976 977/1115/977 997/1136/997 996/1135/996
f 977/1115/977 978/1116/978 998/1137/998 997/1136/997
f 978/1116/978 979/1117/979 999/1138/999 998/1137/998
f 979/1117/979 960/1118/961 980/1139/981 999/1138/999
f 980/1119/981 981/1120/980 1001/1141/1000 1000/1140/1001
f 981/1120/980 982/1121/982 1002/1142/1002 1001/1141/1000
f 982/1121/982 983/1122/983 1003/1143/1003 1002/1142/1002
f 983/1122/983 984/1123/984 1004/1144/1004 1003/1143/1003
f 984/1123/984 985/1124/985 1005/1145/1005 1004/1144/1004
f 985/1124/985 986/1125/986 1006/1146/1006 1005/1145/1005
f 986/1125/986 987/1126/987 1007/1147/1007 1006/1146/1006
f 987/1126/987 988/1127/988 1008/1148/1008 1007/1147/1007
f 988/1127/988 989/1128/989 1009/1149/1009 1008/1148/1008
f 989/1128/989 990/1129/990 1010/1150/1010 1009/1149/1009
f 990/1129/990 991/1130/991 1011/1151/1011 1010/1150/1010
f 991/1130/991 992/1131/992 1012/1152/1012 1011/1151/1011
f 992/1131/992 993/1132/993 1013/1153/1013 1012/1152/1012
f 993/1132/993 994/1133/994 1014/1154/1014 1013/1153/1013
f 994/1133/994 995/1134/995 1015/1155/1015 1014/1154/1014
f 995/1134/995 996/1135/996 1016/1156/1016 1015/1155/1015
f 996/1135/996 997/1136/997 1017/1157/1017 1016/1156/1016
f 997/1136/997 998/1137/998 1018/1158/1018 1017/1157/1017
f 998/1137/998 999/1138/999 1019/1159/1019 1018/1158/1018
f 999/1138/999 980/1139/981 1000/1160/1001 1019/1159/1019
f 1000/1140/1001 1001/1141/1000 1021/1162/1020 1020/1161/1021
f 1001/1141/1000 1002/1142/1002 1022/1163/1022 1021/1162/1020
f 1002/1142/1002 1003/1143/1003 1023/1164/1023 1022/1163/1022
f 1003/1143/1003 1004/1144/1004 1024/1165/1024 1023/1164/1023
f 1004/1144/1004 1005/1145/1005 1025/1166/1025 1024/1165/1024
f 1005/1145/1005 1006/1146/1006 1026/1167/1026 1025/1166/1025
f 1006/1146/1006 1007/1147/1007 1027/1168/1027 1026/1167/1026
f 1007/1147/1007 1008/1148/1008 1028/1169/1028 1027/1168/1027
f 1008/1148/1008 1009/1149/1009 1029/1170/1029 1028/1169/1028
f 1009/1149/1009 1010/1150/1010 1030/1171/1030 1029/1170/1029
f 1010/1150/1010 1011/1151/1011 1031/1172/1031 1030/1171/1030
f 1011/1151/1011 1012/1152/1012 1032/1173/1032 1031/1172/1031
f 1012/1152/1012 1013/1153/1013 1033/1174/1033 1032/1173/1032
f 1013/1153/1013 1014/1154/1014 1034/1175/1034 1033/1174/1033
f 1014/1154/1014 1015/1155/1015 1035/1176/1035 1034/1175/1034
f 1015/1155/1015 1016/1156/1016 1036/1177/1036 1035/1176/1035
f 1016/1156/1016 1017/1157/1017 1037/1178/1037 1036/1177/1036
f 1017/1157/1017 1018/1158/1018 1038/1179/1038 1037/1178/1037
f 1018/1158/1018 1019/1159/1019 1039/1180/1039 1038/1179/1038
f 1019/1159/1019 1000/1160/1001 1020/1181/1021 1039/1180/1039
f 1020/1161/1021 1021/1162/1020 1041/1183/1040 1040/1182/1041
f 1021/1162/1020 1022/1163/1022 1042/1184/1042 1041/1183/1040
f 1022/1163/1022 1023/1164/1023 1043/1185/1043 1042/1184/1042
f 1023/1164/1023 1024/1165/1024 1044/1186/1044 1043/1185/1043
f 1024/1165/1024 1025/1166/1025 1045/1187/1045 1044/1186/1044
f 1025/1166/1025 1026/1167/1026 1046/1188/1046 1045/1187/1045
f 1026/1167/1026 1027/1168/1027 1047/1189/1047 1046/1188/1046
f 1027/1168/1027 1028/1169/1028 1048/1190/1048 1047/1189/1047
f 1028/1169/1028 1029/1170/1029 1049/1191/1049 1048/1190/1048
f 1029/1170/1029 1030/1171/1030 1050/1192/1050 1049/1191/1049
f 1030/1171/1030 1031/1172/1031 1051/1193/1051 1050/1192/1050
f 1031/1172/1031 1032/1173/1032 1052/1194/1052 1051/1193/1051
f 1032/1173/1032 1033/1174/1033 1053/1195/1053 1052/1194/1052
f 1033/1174/1033 1034/1175/1034 1054/1196/1054 1053/1195/1053
f 1034/1175/1034 1035/1176/1035 1055/1197/1055 1054/1196/1054
f 1035/1176/1035 1036/1177/1036 1056/1198/1056 1055/1197/1055
f 1036/1177/1036 1037/1178/1037 1057/1199/1057 1056/1198/1056
f 1037/1178/1037 1038/1179/1038 1058/1200/1058 1057/1199/1057
f 1038/1179/1038 1039/1180/1039 1059/1201/1059 1058/1200/1058
f 1039/1180/1039 1020/1181/1021 1040/1202/1041 1059/1201/1059
f 1040/1182/1041 1041/1183/1040 1061/1204/1060 1060/1203/1061
f 1041/1183/1040 1042/1184/1042 1062/1205/1062 1061/1204/1060
f 1042/1184/1042 1043/1185/1043 1063/1206/1063 1062/1205/1062
f 1043/1185/1043 1044/1186/1044 1064/1207/1064 1063/1206/1063
f 1044/1186/1044 1045/1187/1045 1065/1208/1065 1064/1207/1064
f 1045/1187/1045 1046/1188/1046 1066/1209/1066 1065/1208/1065
f 1046/1188/1046 1047/1189/1047 1067/1210/1067 1066/1209/1066
f 1047/1189/1047 1048/1190/1048 1068/1211/1068 1067/1210/1067
f 1048/1190/1048 1049/1191/1049 1069/1212/1069 1068/1211/1068
f 1049/1191/1049 1050/1192/1050 1070/1213/1070 1069/1212/1069
f 1050/1192/1050 1051/1193/1051 1071/1214/1071 1070/1213/1070
f 1051/1193/1051 1052/1194/1052 1072/1215/1072 1071/1214/1071
f 1052/1194/1052 1053/1195/1053 1073/1216/1073 1072/1215/1072
f 1053/1195/1053 1054/1196/1054 1074/1217/1074 1073/1216/1073
f 1054/1196/1054 1055/1197/1055 1075/1218/1075 1074/1217/1074
f 1055/1197/1055 1056/1198/1056 1076/1219/1076 1075/1218/1075
f 1056/1198/1056 1057/1199/1057 1077/1220/1077 1076/1219/1076
f 1057/1199/1057 1058/1200/1058 1078/1221/1078 1077/1220/1077
f 1058/1200/1058 1059/1201/1059 1079/1222/1079 1078/1221/1078
f 1059/1201/1059 1040/1202/1041 1060/1223/1061 1079/1222/1079
usemtl eyes_lid1:blue_eyes:lambert11SG
f 1060/1203/1061 1061/1204/1060 1081/1225/1080 1080/1224/1081
f 1061/1204/1060 1062/1205/1062 1082/1226/1082 1081/1225/1080
f 1062/1205/1062 1063/1206/1063 1083/1227/1083 1082/1226/1082
f 1063/1206/1063 1064/1207/1064 1084/1228/1084 1083/1227/1083
f 1064/1207/1064 1065/1208/1065 1085/1229/1085 1084/1228/1084
f 1065/1208/1065 1066/1209/1066 1086/1230/1086 1085/1229/1085
f 1066/1209/1066 1067/1210/1067 1087/1231/1087 1086/1230/1086
f 1067/1210/1067 1068/1211/1068 1088/1232/1088 1087/1231/1087
f 1068/1211/1068 1069/1212/1069 1089/1233/1089 1088/1232/1088
f 1069/1212/1069 1070/1213/1070 1090/1234/1090 1089/1233/1089
f 1070/1213/1070 1071/1214/1071 1091/1235/1091 1090/1234/1090
f 1071/1214/1071 1072/1215/1072 1092/1236/1092 1091/1235/1091
f 1072/1215/1072 1073/1216/1073 1093/1237/1093 1092/1236/1092
f 1073/1216/1073 1074/1217/1074 1094/1238/1094 1093/1237/1093
f 1074/1217/1074 1075/1218/1075 1095/1239/1095 1094/1238/1094
f 1075/1218/1075 1076/1219/1076 1096/1240/1096 1095/1239/1095
f 1076/1219/1076 1077/1220/1077 1097/1241/1097 1096/1240/1096
f 1077/1220/1077 1078/1221/1078 1098/1242/1098 1097/1241/1097
f 1078/1221/1078 1079/1222/1079 1099/1243/1099 1098/1242/1098
f 1079/1222/1079 1060/1223/1061 1080/1244/1081 1099/1243/1099
usemtl eyes_lid1:blue_eyes:lambert10SG
f 721/847/721 720/846/720 1100/1245/1100
f 722/848/724 721/847/721 1100/1246/1100
f 723/849/726 722/848/724 1100/1247/1100
f 724/850/728 723/849/726 1100/1248/1100
f 725/851/730 724/850/728 1100/1249/1100
f 726/852/732 725/851/730 1100/1250/1100
f 727/853/734 726/852/732 1100/1251/1100
f 728/854/736 727/853/734 1100/1252/1100
f 729/855/738 728/854/736 1100/1253/1100
f 730/856/740 729/855/738 1100/1254/1100
f 731/857/742 730/856/740 1100/1255/1100
f 732/858/744 731/857/742 1100/1256/1100
f 733/859/746 732/858/744 1100/1257/1100
f 734/860/748 733/859/746 1100/1258/1100
f 735/861/750 734/860/748 1100/1259/1100
f 736/862/752 735/861/750 1100/1260/1100
f 737/863/754 736/862/752 1100/1261/1100
f 738/864/756 737/863/754 1100/1262/1100
f 739/865/758 738/864/756 1100/1263/1100
f 720/866/720 739/865/758 1100/1264/1100
usemtl eyes_lid1:blue_eyes:lambert12SG
f 1080/1224/1081 1081/1225/1080 1101/1265/1101
f 1081/1225/1080 1082/1226/1082 1101/1266/1101
f 1082/1226/1082 1083/1227/1083 1101/1267/1101
f 1083/1227/1083 1084/1228/1084 1101/1268/1101
f 1084/1228/1084 1085/1229/1085 1101/1269/1101
f 1085/1229/1085 1086/1230/1086 1101/1270/1101
f 1086/1230/1086 1087/1231/1087 1101/1271/1101
f 1087/1231/1087 1088/1232/1088 1101/1272/1101
f 1088/1232/1088 1089/1233/1089 1101/1273/1101
f 1089/1233/1089 1090/1234/1090 1101/1274/1101
f 1090/1234/1090 1091/1235/1091 1101/1275/1101
f 1091/1235/1091 1092/1236/1092 1101/1276/1101
f 1092/1236/1092 1093/1237/1093 1101/1277/1101
f 1093/1237/1093 1094/1238/1094 1101/1278/1101
f 1094/1238/1094 1095/1239/1095 1101/1279/1101
f 1095/1239/1095 1096/1240/1096 1101/1280/1101
f 1096/1240/1096 1097/1241/1097 1101/1281/1101
f 1097/1241/1097 1098/1242/1098 1101/1282/1101
f 1098/1242/1098 1099/1243/1099 1101/1283/1101
f 1099/1243/1099 1080/1244/1081 1101/1284/1101
g default
v -0.363762 13.214642 4.141634
v -2.591712 13.214642 2.999104
v -1.771355 12.929416 4.752802
v -0.676437 13.087981 2.617695
v -1.193393 11.997354 3.625766
v -0.716977 13.087865 4.552995
v -0.460083 12.673580 4.052049
v -0.623008 12.777830 4.369755
v -0.682487 12.915944 4.485739
v -0.515144 13.150147 4.365419
v -0.497598 13.062688 4.331204
v -0.467340 12.992426 4.272200
v -0.545671 12.694204 4.218945
v -0.427997 12.949883 4.195480
v -0.384457 12.939392 4.110576
v -1.559943 12.231897 4.340544
v -1.217755 12.985725 4.773539
v -1.048079 12.425908 4.442669
v -1.155477 12.675294 4.652096
v -0.954511 13.032079 4.691896
v -0.904844 12.784509 4.595045
v -0.819194 12.585623 4.428025
v -1.693759 12.542626 4.601487
v -1.495029 12.951047 4.793417
v -1.423317 12.593589 4.653577
v -1.299650 12.306425 4.412423
v -0.753892 12.237667 3.869000
v -0.908434 12.274908 4.170359
v -0.707826 12.465200 4.210856
v -0.584578 12.435501 3.970521
v -1.385948 12.043756 4.001252
v -1.138850 12.132549 4.098862
v -0.960897 12.089668 3.751851
v -0.230306 13.158343 3.603980
v -0.304791 12.824014 3.749226
v -0.376444 12.719124 3.888951
v -0.341907 12.962561 4.027604
v -0.305456 13.015921 3.956523
v -0.254211 12.976883 3.650594
v -0.279725 13.093688 3.906347
v -0.267564 13.186002 3.882633
v -0.844014 12.335802 2.944472
v -0.473486 12.509300 3.322205
v -0.602867 12.319904 3.574499
v -0.464136 12.501084 3.735656
v -0.360954 12.652129 3.534450
v -1.005220 12.099820 3.258825
v -0.786994 12.184363 3.412737
v -0.638013 12.402450 3.122223
v -0.338992 13.112986 3.059939
v -0.382156 12.785328 3.144108
v -0.288117 12.872263 3.392417
v -0.253694 13.133571 3.325292
v -0.730218 12.679728 2.722568
v -0.532847 12.720294 2.917147
v -0.483145 13.097586 2.820228
v -2.606513 12.985725 4.061361
v -2.142650 12.237667 3.156821
v -2.436837 12.425908 3.730490
v -2.266616 12.929416 4.498824
v -2.055203 12.231897 4.086566
v -2.189019 12.542626 4.347509
v -2.033169 12.921943 4.653470
v -1.953538 12.525016 4.498190
v -1.816216 12.206145 4.230409
v -2.544235 12.675294 3.939918
v -2.460850 12.951047 4.298128
v -2.389138 12.593589 4.158288
v -2.265470 12.306425 3.917134
v -1.688653 11.997354 3.371788
v -1.881209 12.043756 3.747274
v -1.637662 12.013073 3.882227
v -1.440061 11.965456 3.496901
v -2.297192 12.274908 3.458180
v -2.104670 12.132549 3.603573
v -1.926717 12.089668 3.256562
v -2.719646 13.087865 3.525993
v -2.625678 12.777830 3.342752
v -2.685156 12.915944 3.458736
v -2.693829 13.032079 3.799944
v -2.644163 12.784509 3.703093
v -2.558512 12.585623 3.536073
v -2.685101 13.150147 3.252629
v -2.667555 13.062688 3.218414
v -2.637297 12.992426 3.159410
v -2.462753 12.673580 3.025047
v -2.548340 12.694204 3.191943
v -2.447145 12.465200 3.318905
v -2.323897 12.435501 3.078570
v -2.597954 12.949883 3.082690
v -2.554414 12.939392 2.997786
v -1.727750 13.112986 2.347761
v -1.862244 12.509300 2.610026
v -1.339274 12.335802 2.690494
v -1.500480 12.099820 3.004848
v -1.246957 12.070605 3.120345
v -1.081527 12.312773 2.797754
v -1.991625 12.319904 2.862321
v -1.752815 12.184363 2.917449
v -1.603834 12.402450 2.626934
v -1.171698 13.087981 2.363717
v -1.225478 12.679728 2.468590
v -0.964749 12.665711 2.570035
v -0.909559 13.084662 2.462415
v -1.770914 12.785328 2.431930
v -1.498668 12.720294 2.421858
v -1.448966 13.097586 2.324939
v -2.307460 12.824014 2.722224
v -2.379113 12.719124 2.861949
v -2.203454 12.501084 2.843705
v -2.100272 12.652129 2.642499
v -2.511864 12.962561 2.914814
v -2.475413 13.015921 2.843733
v -2.232976 13.158343 2.576978
v -2.256880 12.976883 2.623592
v -2.027435 12.872263 2.500466
v -1.993013 13.133571 2.433341
v -2.449681 13.093688 2.793557
v -2.437521 13.186002 2.769843
v -1.732806 13.738689 4.677630
v -1.079465 14.389070 3.403605
v -0.409445 13.736653 3.953302
v -0.271677 13.519177 3.684654
v -0.236594 13.346712 3.616241
v -0.270763 13.281829 3.888871
v -0.288610 13.369566 3.923674
v -0.331900 13.654236 3.802090
v -0.319247 13.438274 3.983416
v -0.358696 13.480201 4.060341
v -0.769514 13.899788 2.799196
v -0.413694 13.764528 3.205609
v -0.350346 13.453115 3.082079
v -0.262749 13.404825 3.342949
v -0.313269 13.653179 3.441464
v -0.690584 13.511773 2.645281
v -0.496219 13.489240 2.845721
v -0.569164 13.847829 2.987965
v -0.662455 14.157217 3.690697
v -0.522437 14.008399 3.417659
v -0.399992 13.847668 3.610575
v -0.511657 13.966350 3.828324
v -0.905005 14.203646 3.063405
v -0.694379 14.128644 3.232137
v -0.855609 14.300007 3.546537
v -0.699843 13.447571 4.519583
v -0.578681 13.708391 4.283317
v -0.495130 13.755210 4.120391
v -0.402286 13.489641 4.145343
v -0.444790 13.465823 4.228227
v -0.649894 13.600175 4.422182
v -0.481018 13.410771 4.298871
v -0.506428 13.333138 4.348421
v -1.460216 14.325483 4.146075
v -0.968040 14.106185 4.286591
v -0.817175 14.190725 3.992402
v -0.635047 13.993073 4.068936
v -0.755362 13.925651 4.303552
v -1.272242 14.430820 3.779523
v -1.033767 14.338590 3.893947
v -1.207486 14.241242 4.232702
v -1.186816 13.635233 4.713208
v -1.096625 13.910784 4.537334
v -0.857910 13.769818 4.503521
v -0.929837 13.550066 4.643781
v -1.620430 14.082020 4.458496
v -1.355550 14.016242 4.521430
v -1.459404 13.698946 4.723946
v -2.051213 14.157217 2.978518
v -1.802452 13.764528 2.493431
v -1.264775 13.899788 2.545219
v -1.185844 13.511773 2.391303
v -0.924076 13.519560 2.490723
v -1.005075 13.917741 2.648672
v -1.739104 13.453115 2.369901
v -1.462039 13.489240 2.350433
v -1.534984 13.847829 2.492676
v -1.574725 14.389070 3.149627
v -1.400266 14.203646 2.809428
v -1.144116 14.229562 2.919804
v -1.323148 14.419845 3.268918
v -1.911195 14.008399 2.705481
v -1.660200 14.128644 2.736848
v -1.821429 14.300007 3.051248
v -2.274347 13.519177 2.657652
v -2.239264 13.346712 2.589239
v -2.002067 13.404825 2.450997
v -2.052588 13.653179 2.549513
v -2.440720 13.281829 2.776081
v -2.458567 13.369566 2.810884
v -2.412114 13.736653 2.926300
v -2.334570 13.654236 2.775088
v -2.139310 13.847668 2.718624
v -2.250976 13.966350 2.936373
v -2.489204 13.438274 2.870626
v -2.528652 13.480201 2.947551
v -2.575574 13.635233 4.001030
v -2.356798 14.106185 3.574413
v -1.955477 14.325483 3.892098
v -1.767503 14.430820 3.525545
v -1.520976 14.462688 3.654687
v -1.713876 14.354592 4.030845
v -2.205933 14.190725 3.280224
v -1.999587 14.338590 3.398659
v -2.173306 14.241242 3.737414
v -2.228067 13.738689 4.423652
v -2.115691 14.082020 4.204518
v -1.878289 14.104749 4.351452
v -1.993609 13.752420 4.576328
v -2.485383 13.910784 3.825156
v -2.321370 14.016242 4.026141
v -2.425224 13.698946 4.228657
v -2.581351 13.708391 3.256315
v -2.497800 13.755210 3.093389
v -2.374365 13.993073 3.176984
v -2.494681 13.925651 3.411601
v -2.572243 13.489641 3.032553
v -2.614747 13.465823 3.115437
v -2.702512 13.447571 3.492581
v -2.652563 13.600175 3.395180
v -2.597228 13.769818 3.611570
v -2.669155 13.550066 3.751830
v -2.650974 13.410771 3.186081
v -2.676385 13.333138 3.235631
vt 0.806543 0.007955
vt 0.989409 0.190822
vt 0.884903 0.007955
vt 0.884903 0.099388
vt 0.884903 0.053672
vt 0.832806 0.007955
vt 0.832806 0.053672
vt 0.832806 0.030821
vt 0.832806 0.019388
vt 0.819675 0.007955
vt 0.819675 0.019388
vt 0.819675 0.030821
vt 0.832806 0.042247
vt 0.819675 0.042247
vt 0.819675 0.053672
vt 0.884903 0.030821
vt 0.858802 0.007955
vt 0.858802 0.030821
vt 0.858802 0.019388
vt 0.845804 0.007955
vt 0.845804 0.019388
vt 0.845804 0.030821
vt 0.884903 0.019388
vt 0.871852 0.007955
vt 0.871852 0.019388
vt 0.871852 0.030821
vt 0.858802 0.053672
vt 0.858802 0.042247
vt 0.845804 0.042247
vt 0.845804 0.053672
vt 0.884903 0.042247
vt 0.871852 0.042247
vt 0.871852 0.053672
vt 0.832806 0.099388
vt 0.832806 0.076531
vt 0.832806 0.065102
vt 0.819675 0.065102
vt 0.819675 0.076531
vt 0.832806 0.087960
vt 0.819675 0.087960
vt 0.819675 0.099388
vt 0.884903 0.076531
vt 0.858802 0.076531
vt 0.858802 0.065102
vt 0.845804 0.065102
vt 0.845804 0.076531
vt 0.884903 0.065102
vt 0.871852 0.065102
vt 0.871852 0.076531
vt 0.858802 0.099388
vt 0.858802 0.087960
vt 0.845804 0.087960
vt 0.845804 0.099388
vt 0.884903 0.087960
vt 0.871852 0.087960
vt 0.871852 0.099388
vt 0.937150 0.007955
vt 0.937150 0.053672
vt 0.937150 0.030821
vt 0.911049 0.007955
vt 0.911049 0.030821
vt 0.911049 0.019388
vt 0.897976 0.007955
vt 0.897976 0.019388
vt 0.897976 0.030821
vt 0.937150 0.019388
vt 0.924100 0.007955
vt 0.924100 0.019388
vt 0.924100 0.030821
vt 0.911049 0.053672
vt 0.911049 0.042247
vt 0.897976 0.042247
vt 0.897976 0.053672
vt 0.937150 0.042247
vt 0.924100 0.042247
vt 0.924100 0.053672
vt 0.963146 0.007955
vt 0.963146 0.030821
vt 0.963146 0.019388
vt 0.950148 0.007955
vt 0.950148 0.019388
vt 0.950148 0.030821
vt 0.976277 0.007955
vt 0.976277 0.019388
vt 0.976277 0.030821
vt 0.963146 0.053672
vt 0.963146 0.042247
vt 0.950148 0.042247
vt 0.950148 0.053672
vt 0.976277 0.042247
vt 0.976277 0.053672
vt 0.937150 0.099388
vt 0.937150 0.076531
vt 0.911049 0.076531
vt 0.911049 0.065102
vt 0.897976 0.065102
vt 0.897976 0.076531
vt 0.937150 0.065102
vt 0.924100 0.065102
vt 0.924100 0.076531
vt 0.911049 0.099388
vt 0.911049 0.087960
vt 0.897976 0.087960
vt 0.897976 0.099388
vt 0.937150 0.087960
vt 0.924100 0.087960
vt 0.924100 0.099388
vt 0.963146 0.076531
vt 0.963146 0.065102
vt 0.950148 0.065102
vt 0.950148 0.076531
vt 0.976277 0.065102
vt 0.976277 0.076531
vt 0.963146 0.099388
vt 0.963146 0.087960
vt 0.950148 0.087960
vt 0.950148 0.099388
vt 0.976277 0.087960
vt 0.976277 0.099388
vt 0.884903 0.190822
vt 0.884903 0.145105
vt 0.832806 0.145105
vt 0.832806 0.122245
vt 0.832806 0.110817
vt 0.819675 0.110817
vt 0.819675 0.122245
vt 0.832806 0.133675
vt 0.819675 0.133675
vt 0.819675 0.145105
vt 0.884903 0.122245
vt 0.858802 0.122245
vt 0.858802 0.110817
vt 0.845804 0.110817
vt 0.845804 0.122245
vt 0.884903 0.110817
vt 0.871852 0.110817
vt 0.871852 0.122245
vt 0.858802 0.145105
vt 0.858802 0.133675
vt 0.845804 0.133675
vt 0.845804 0.145105
vt 0.884903 0.133675
vt 0.871852 0.133675
vt 0.871852 0.145105
vt 0.832806 0.190822
vt 0.832806 0.167955
vt 0.832806 0.156530
vt 0.819675 0.156530
vt 0.819675 0.167955
vt 0.832806 0.179388
vt 0.819675 0.179388
vt 0.819675 0.190822
vt 0.884903 0.167955
vt 0.858802 0.167955
vt 0.858802 0.156530
vt 0.845804 0.156530
vt 0.845804 0.167955
vt 0.884903 0.156530
vt 0.871852 0.156530
vt 0.871852 0.167955
vt 0.858802 0.190822
vt 0.858802 0.179388
vt 0.845804 0.179388
vt 0.845804 0.190822
vt 0.884903 0.179388
vt 0.871852 0.179388
vt 0.871852 0.190822
vt 0.937150 0.145105
vt 0.937150 0.122245
vt 0.911049 0.122245
vt 0.911049 0.110817
vt 0.897976 0.110817
vt 0.897976 0.122245
vt 0.937150 0.110817
vt 0.924100 0.110817
vt 0.924100 0.122245
vt 0.911049 0.145105
vt 0.911049 0.133675
vt 0.897976 0.133675
vt 0.897976 0.145105
vt 0.937150 0.133675
vt 0.924100 0.133675
vt 0.924100 0.145105
vt 0.963146 0.122245
vt 0.963146 0.110817
vt 0.950148 0.110817
vt 0.950148 0.122245
vt 0.976277 0.110817
vt 0.976277 0.122245
vt 0.963146 0.145105
vt 0.963146 0.133675
vt 0.950148 0.133675
vt 0.950148 0.145105
vt 0.976277 0.133675
vt 0.976277 0.145105
vt 0.937150 0.190822
vt 0.937150 0.167955
vt 0.911049 0.167955
vt 0.911049 0.156530
vt 0.897976 0.156530
vt 0.897976 0.167955
vt 0.937150 0.156530
vt 0.924100 0.156530
vt 0.924100 0.167955
vt 0.911049 0.190822
vt 0.911049 0.179388
vt 0.897976 0.179388
vt 0.897976 0.190822
vt 0.937150 0.179388
vt 0.924100 0.179388
vt 0.924100 0.190822
vt 0.963146 0.167955
vt 0.963146 0.156530
vt 0.950148 0.156530
vt 0.950148 0.167955
vt 0.976277 0.156530
vt 0.976277 0.167955
vt 0.963146 0.190822
vt 0.963146 0.179388
vt 0.950148 0.179388
vt 0.950148 0.190822
vt 0.976277 0.179388
vt 0.976277 0.190822
vt 0.989409 0.099388
vt 0.806543 0.019388
vt 0.806543 0.030821
vt 0.806543 0.042247
vt 0.806543 0.053672
vt 0.806543 0.065102
vt 0.806543 0.076531
vt 0.806543 0.087960
vt 0.989409 0.053672
vt 0.989409 0.030821
vt 0.989409 0.019388
vt 0.989409 0.042247
vt 0.989409 0.076531
vt 0.989409 0.065102
vt 0.989409 0.087960
vt 0.806543 0.099388
vt 0.806543 0.110817
vt 0.806543 0.122245
vt 0.806543 0.133675
vt 0.806543 0.145105
vt 0.806543 0.156530
vt 0.806543 0.167955
vt 0.806543 0.179388
vt 0.989409 0.145105
vt 0.989409 0.122245
vt 0.989409 0.110817
vt 0.989409 0.133675
vt 0.989409 0.167955
vt 0.989409 0.156530
vt 0.989409 0.179388
vn -0.883205 -0.001492 -0.468984
vn -0.959403 0.170747 -0.224481
vn -0.944243 0.206015 -0.256833
vn -0.720945 -0.029968 -0.692344
vn -0.733581 -0.126643 -0.667698
vn 0.594119 -0.428189 -0.680938
vn 0.636926 -0.101328 -0.764237
vn 0.787094 -0.094118 -0.609611
vn 0.747303 -0.397741 -0.532297
vn 0.069174 -0.936830 0.342878
vn 0.223854 -0.973748 0.041276
vn 0.403420 -0.904459 0.138586
vn 0.259739 -0.870173 0.418731
vn 0.728882 -0.445414 0.519940
vn 0.802420 -0.462993 0.376511
vn 0.860791 -0.287969 0.419657
vn 0.815051 -0.277018 0.508874
vn 0.611625 -0.256898 0.748276
vn 0.662240 -0.373129 0.649779
vn 0.773588 -0.232078 0.589663
vn 0.742161 -0.159785 0.650896
vn 0.728409 -0.117902 0.674922
vn 0.589124 -0.189141 0.785594
vn 0.896249 -0.001492 0.443549
vn -0.177165 -0.539994 0.822811
vn -0.070812 -0.784690 0.615830
vn 0.129694 -0.728859 0.672268
vn 0.030761 -0.501637 0.864531
vn 0.239980 -0.439007 0.865842
vn 0.326610 -0.637760 0.697558
vn 0.510166 -0.514468 0.689242
vn 0.440295 -0.354189 0.825040
vn 0.409472 -0.259963 0.874501
vn 0.203082 -0.321126 0.925006
vn -0.009003 -0.365871 0.930622
vn -0.216935 -0.393082 0.893547
vn 0.566151 -0.791399 0.230566
vn 0.703420 -0.638389 0.312506
vn 0.602016 -0.614177 0.510258
vn 0.440434 -0.761397 0.475702
vn 0.998817 -0.048182 -0.006496
vn 0.982945 -0.029968 0.181441
vn 0.970305 -0.126641 0.206083
vn 0.978490 -0.203625 0.033080
vn 0.905193 -0.264032 0.333035
vn 0.873791 -0.424531 0.237199
vn 0.935028 -0.334405 0.117880
vn 0.943269 -0.208001 0.258802
vn 0.373954 -0.892648 -0.251672
vn 0.502780 -0.703242 -0.502656
vn 0.662489 -0.653207 -0.366645
vn 0.542777 -0.829187 -0.133572
vn 0.792828 -0.571564 -0.211514
vn 0.886267 -0.461070 -0.044105
vn 0.801793 -0.585351 0.120387
vn 0.688076 -0.725599 -0.007600
vn 0.901859 -0.082354 -0.424108
vn 0.974220 -0.066433 -0.215596
vn 0.946166 -0.280765 -0.161061
vn 0.867051 -0.348044 -0.356494
vn -0.843112 -0.287970 -0.454132
vn -0.888871 -0.277018 -0.364924
vn -0.643323 -0.761397 -0.080066
vn -0.517616 -0.791399 -0.325209
vn -0.347960 -0.904459 -0.246734
vn -0.491612 -0.870173 0.033426
vn -0.843169 -0.439007 0.310385
vn -0.757064 -0.637760 0.141833
vn -0.621614 -0.728859 0.286985
vn -0.720014 -0.501637 0.479522
vn -0.564798 -0.539994 0.624027
vn -0.458777 -0.784690 0.416876
vn -0.271318 -0.804031 0.529075
vn -0.380108 -0.553277 0.741217
vn -0.417725 -0.402468 0.814570
vn -0.599032 -0.393082 0.697601
vn -0.750480 -0.365871 0.550380
vn -0.869682 -0.321126 0.374874
vn -0.164151 -0.973748 -0.157699
vn 0.030587 -0.997751 -0.059644
vn -0.127893 -0.959920 0.249394
vn -0.318809 -0.936830 0.143914
vn -0.930280 -0.232078 -0.284109
vn -0.961667 -0.159785 -0.222855
vn -0.964573 -0.256898 -0.060024
vn -0.914122 -0.373129 -0.158606
vn -0.857425 -0.514468 -0.012081
vn -0.926929 -0.354189 0.123904
vn -0.949109 -0.259963 0.177797
vn -0.981747 -0.189141 -0.019974
vn -0.973153 -0.117902 -0.197667
vn -0.774011 -0.462993 -0.431908
vn -0.664262 -0.638389 -0.388865
vn -0.765676 -0.614177 -0.191117
vn -0.847573 -0.445414 -0.288491
vn -0.181878 -0.082354 -0.979866
vn 0.035736 -0.094118 -0.994919
vn -0.003829 -0.397741 -0.917490
vn -0.216473 -0.348044 -0.912143
vn -0.395358 -0.725598 -0.563204
vn -0.290894 -0.571565 -0.767264
vn -0.088857 -0.653207 -0.751948
vn -0.208270 -0.829187 -0.518722
vn 0.184487 -0.914627 -0.359752
vn -0.013847 -0.892647 -0.450543
vn 0.114794 -0.703242 -0.701622
vn 0.316398 -0.720574 -0.616981
vn 0.248935 -0.101328 -0.963205
vn 0.453848 -0.103826 -0.885010
vn 0.410051 -0.438735 -0.799606
vn 0.206270 -0.428189 -0.879833
vn -0.760615 -0.208001 -0.614980
vn -0.798679 -0.264032 -0.540740
vn -0.641368 -0.334405 -0.690522
vn -0.481370 -0.461070 -0.745451
vn -0.565653 -0.585351 -0.580862
vn -0.702528 -0.424531 -0.571163
vn -0.577590 -0.048182 -0.814904
vn -0.393431 -0.066433 -0.916951
vn -0.421347 -0.280765 -0.862344
vn -0.597866 -0.203625 -0.775302
vn -0.171093 0.569262 0.804157
vn 0.033666 0.529855 0.847420
vn 0.085467 0.646801 0.757855
vn -0.118276 0.696260 0.707978
vn 0.454196 0.791909 -0.408149
vn 0.314978 0.939244 -0.136417
vn 0.488061 0.872408 -0.026462
vn 0.617316 0.735610 -0.278924
vn 0.928928 0.234235 0.286752
vn 0.911953 0.376621 0.162783
vn 0.845746 0.446582 0.292023
vn 0.887739 0.277760 0.367107
vn 0.979688 0.070340 0.187786
vn 0.993577 0.113099 0.003659
vn 0.963378 0.260739 0.062598
vn 0.960903 0.162181 0.224417
vn 0.625845 0.237829 -0.742803
vn 0.562397 0.548323 -0.618912
vn 0.717866 0.509311 -0.474628
vn 0.776772 0.220917 -0.589763
vn 0.892838 0.193314 -0.406780
vn 0.841282 0.445654 -0.306000
vn 0.925354 0.359501 -0.120326
vn 0.966968 0.155945 -0.201626
vn 0.640211 0.763354 0.086149
vn 0.763160 0.615765 0.196010
vn 0.854411 0.519293 0.017778
vn 0.753303 0.643712 -0.134793
vn 0.611184 0.273915 0.742580
vn 0.742161 0.170746 0.648107
vn 0.759586 0.206014 0.616918
vn 0.639641 0.331232 0.693646
vn 0.841954 0.287750 0.456414
vn 0.772138 0.462671 0.435590
vn 0.700119 0.422086 0.575914
vn 0.797148 0.262534 0.543720
vn 0.160153 0.973125 0.165468
vn 0.008847 0.887619 0.460493
vn 0.203686 0.824468 0.527982
vn 0.344244 0.903885 0.253945
vn 0.661661 0.637973 0.393948
vn 0.514375 0.790896 0.331514
vn 0.391354 0.721423 0.571306
vn 0.562393 0.581961 0.587397
vn 0.240532 0.465056 0.851979
vn 0.439789 0.376480 0.815382
vn 0.478920 0.456679 0.749720
vn 0.287856 0.566045 0.772484
vn -0.816163 0.277761 -0.506682
vn -0.774944 0.234236 -0.587022
vn -0.443558 0.763354 -0.469625
vn -0.263322 0.872408 -0.411783
vn -0.133732 0.735610 -0.664073
vn -0.330132 0.643712 -0.690397
vn -0.190685 0.193314 -0.962429
vn -0.242441 0.445654 -0.861751
vn -0.033482 0.509311 -0.859931
vn 0.025641 0.220917 -0.974955
vn 0.442558 0.243687 -0.862994
vn 0.237995 0.237829 -0.941698
vn 0.174412 0.548323 -0.817877
vn 0.377485 0.561837 -0.736101
vn -0.073027 0.939244 -0.335392
vn 0.123956 0.962397 -0.241717
vn 0.266706 0.811408 -0.520081
vn 0.066398 0.791909 -0.607018
vn -0.742982 0.162181 -0.649365
vn -0.724197 0.070341 -0.685996
vn -0.613018 0.260739 -0.745804
vn -0.442282 0.359501 -0.821672
vn -0.400544 0.155945 -0.902909
vn -0.582778 0.113099 -0.804722
vn -0.730684 0.446582 -0.516396
vn -0.604521 0.615764 -0.505360
vn -0.513033 0.519293 -0.683470
vn -0.664366 0.376621 -0.645580
vn -0.832233 0.465055 0.301846
vn -0.707814 0.529855 0.467176
vn -0.665309 0.646801 0.372844
vn -0.795294 0.566045 0.217027
vn -0.569380 0.790896 -0.224254
vn -0.692320 0.721423 0.015580
vn -0.547623 0.824467 0.142700
vn -0.407108 0.903885 -0.131361
vn -0.034672 0.997109 0.067612
vn -0.227831 0.973124 -0.033495
vn -0.379117 0.887619 0.261539
vn -0.189696 0.909496 0.369909
vn -0.553192 0.569263 0.608209
vn -0.370789 0.582856 0.723045
vn -0.319771 0.713387 0.623559
vn -0.505909 0.696260 0.509193
vn -0.906721 0.262534 -0.330050
vn -0.861968 0.287750 -0.417386
vn -0.876242 0.422086 -0.232470
vn -0.805197 0.581961 -0.113926
vn -0.706031 0.637973 -0.307427
vn -0.804316 0.462671 -0.372841
vn -0.959689 0.273915 -0.062987
vn -0.918792 0.376479 0.118680
vn -0.888304 0.456679 0.048584
vn -0.936557 0.331232 -0.114654
s 1
g group1 eyes_lid1:nurbsToPoly2
usemtl lambert17SG
f 1103/1286/1102 1324/1507/1103 1323/1506/1104
f 1103/1508/1102 1220/1403/1105 1219/1402/1106
f 1155/1338/1107 1105/1288/1108 1157/1340/1109 1156/1339/1110
f 1132/1315/1111 1106/1289/1112 1134/1317/1113 1133/1316/1114
f 1114/1297/1115 1108/1291/1116 1116/1299/1117 1115/1298/1118
f 1110/1293/1119 1109/1292/1120 1113/1296/1121 1112/1295/1122
f 1111/1294/1123 1107/1290/1124 1110/1293/1119 1112/1295/1122
f 1102/1285/1125 1111/1294/1123 1112/1295/1122
f 1113/1296/1121 1102/1509/1125 1112/1295/1122
f 1109/1292/1120 1114/1297/1115 1115/1298/1118 1113/1296/1121
f 1115/1298/1118 1102/1510/1125 1113/1296/1121
f 1116/1299/1117 1102/1511/1125 1115/1298/1118
f 1124/1307/1126 1117/1300/1127 1127/1310/1128 1126/1309/1129
f 1120/1303/1130 1119/1302/1131 1123/1306/1132 1122/1305/1133
f 1121/1304/1134 1118/1301/1135 1120/1303/1130 1122/1305/1133
f 1107/1290/1124 1121/1304/1134 1122/1305/1133 1110/1293/1119
f 1123/1306/1132 1109/1292/1120 1110/1293/1119 1122/1305/1133
f 1125/1308/1136 1104/1287/1137 1124/1307/1126 1126/1309/1129
f 1118/1301/1135 1125/1308/1136 1126/1309/1129 1120/1303/1130
f 1127/1310/1128 1119/1302/1131 1120/1303/1130 1126/1309/1129
f 1128/1311/1138 1131/1314/1139 1130/1313/1140 1129/1312/1141
f 1123/1306/1132 1119/1302/1131 1129/1312/1141 1130/1313/1140
f 1114/1297/1115 1109/1292/1120 1123/1306/1132 1130/1313/1140
f 1131/1314/1139 1108/1291/1116 1114/1297/1115 1130/1313/1140
f 1117/1300/1127 1132/1315/1111 1133/1316/1114 1127/1310/1128
f 1133/1316/1114 1129/1312/1141 1119/1302/1131 1127/1310/1128
f 1134/1317/1113 1128/1311/1138 1129/1312/1141 1133/1316/1114
f 1135/1318/1142 1142/1325/1143 1141/1324/1144 1140/1323/1145
f 1138/1321/1146 1137/1320/1147 1136/1319/1148 1139/1322/1149
f 1116/1299/1117 1108/1291/1116 1137/1320/1147 1138/1321/1146
f 1102/1512/1125 1116/1299/1117 1138/1321/1146
f 1102/1513/1125 1138/1321/1146 1139/1322/1149
f 1139/1322/1149 1136/1319/1148 1140/1323/1145 1141/1324/1144
f 1102/1514/1125 1139/1322/1149 1141/1324/1144
f 1142/1325/1143 1102/1515/1125 1141/1324/1144
f 1148/1331/1150 1143/1326/1151 1150/1333/1152 1149/1332/1153
f 1144/1327/1154 1147/1330/1155 1146/1329/1156 1145/1328/1157
f 1131/1314/1139 1128/1311/1138 1145/1328/1157 1146/1329/1156
f 1137/1320/1147 1108/1291/1116 1131/1314/1139 1146/1329/1156
f 1147/1330/1155 1136/1319/1148 1137/1320/1147 1146/1329/1156
f 1106/1289/1112 1148/1331/1150 1149/1332/1153 1134/1317/1113
f 1149/1332/1153 1145/1328/1157 1128/1311/1138 1134/1317/1113
f 1150/1333/1152 1144/1327/1154 1145/1328/1157 1149/1332/1153
f 1151/1334/1158 1154/1337/1159 1153/1336/1160 1152/1335/1161
f 1147/1330/1155 1144/1327/1154 1152/1335/1161 1153/1336/1160
f 1140/1323/1145 1136/1319/1148 1147/1330/1155 1153/1336/1160
f 1154/1337/1159 1135/1318/1142 1140/1323/1145 1153/1336/1160
f 1143/1326/1151 1155/1338/1107 1156/1339/1110 1150/1333/1152
f 1156/1339/1110 1152/1335/1161 1144/1327/1154 1150/1333/1152
f 1157/1340/1109 1151/1334/1158 1152/1335/1161 1156/1339/1110
f 1103/1516/1102 1192/1375/1162 1191/1374/1163
f 1175/1358/1164 1159/1342/1165 1177/1360/1166 1176/1359/1167
f 1167/1350/1168 1160/1343/1169 1170/1353/1170 1169/1352/1171
f 1163/1346/1172 1162/1345/1173 1166/1349/1174 1165/1348/1175
f 1164/1347/1176 1161/1344/1177 1163/1346/1172 1165/1348/1175
f 1104/1287/1137 1164/1347/1176 1165/1348/1175 1124/1307/1126
f 1166/1349/1174 1117/1300/1127 1124/1307/1126 1165/1348/1175
f 1168/1351/1178 1158/1341/1179 1167/1350/1168 1169/1352/1171
f 1161/1344/1177 1168/1351/1178 1169/1352/1171 1163/1346/1172
f 1170/1353/1170 1162/1345/1173 1163/1346/1172 1169/1352/1171
f 1171/1354/1180 1174/1357/1181 1173/1356/1182 1172/1355/1183
f 1166/1349/1174 1162/1345/1173 1172/1355/1183 1173/1356/1182
f 1132/1315/1111 1117/1300/1127 1166/1349/1174 1173/1356/1182
f 1174/1357/1181 1106/1289/1112 1132/1315/1111 1173/1356/1182
f 1160/1343/1169 1175/1358/1164 1176/1359/1167 1170/1353/1170
f 1176/1359/1167 1172/1355/1183 1162/1345/1173 1170/1353/1170
f 1177/1360/1166 1171/1354/1180 1172/1355/1183 1176/1359/1167
f 1103/1517/1102 1186/1369/1184 1185/1368/1185
f 1180/1363/1186 1179/1362/1187 1183/1366/1188 1182/1365/1189
f 1181/1364/1190 1178/1361/1191 1180/1363/1186 1182/1365/1189
f 1158/1341/1179 1181/1364/1190 1182/1365/1189 1167/1350/1168
f 1183/1366/1188 1160/1343/1169 1167/1350/1168 1182/1365/1189
f 1184/1367/1192 1103/1518/1102 1185/1368/1185
f 1178/1361/1191 1184/1367/1192 1185/1368/1185 1180/1363/1186
f 1186/1369/1184 1179/1362/1187 1180/1363/1186 1185/1368/1185
f 1187/1370/1193 1190/1373/1194 1189/1372/1195 1188/1371/1196
f 1183/1366/1188 1179/1362/1187 1188/1371/1196 1189/1372/1195
f 1175/1358/1164 1160/1343/1169 1183/1366/1188 1189/1372/1195
f 1190/1373/1194 1159/1342/1165 1175/1358/1164 1189/1372/1195
f 1103/1519/1102 1191/1374/1163 1186/1369/1184
f 1191/1374/1163 1188/1371/1196 1179/1362/1187 1186/1369/1184
f 1192/1375/1162 1187/1370/1193 1188/1371/1196 1191/1374/1163
f 1193/1376/1197 1208/1391/1198 1207/1390/1199 1206/1389/1200
f 1199/1382/1201 1194/1377/1202 1201/1384/1203 1200/1383/1204
f 1197/1380/1205 1196/1379/1206 1195/1378/1207 1198/1381/1208
f 1174/1357/1181 1171/1354/1180 1196/1379/1206 1197/1380/1205
f 1148/1331/1150 1106/1289/1112 1174/1357/1181 1197/1380/1205
f 1143/1326/1151 1148/1331/1150 1197/1380/1205 1198/1381/1208
f 1177/1360/1166 1159/1342/1165 1199/1382/1201 1200/1383/1204
f 1171/1354/1180 1177/1360/1166 1200/1383/1204 1196/1379/1206
f 1201/1384/1203 1195/1378/1207 1196/1379/1206 1200/1383/1204
f 1202/1385/1209 1205/1388/1210 1204/1387/1211 1203/1386/1212
f 1198/1381/1208 1195/1378/1207 1203/1386/1212 1204/1387/1211
f 1155/1338/1107 1143/1326/1151 1198/1381/1208 1204/1387/1211
f 1205/1388/1210 1105/1288/1108 1155/1338/1107 1204/1387/1211
f 1201/1384/1203 1194/1377/1202 1206/1389/1200 1207/1390/1199
f 1203/1386/1212 1195/1378/1207 1201/1384/1203 1207/1390/1199
f 1208/1391/1198 1202/1385/1209 1203/1386/1212 1207/1390/1199
f 1103/1520/1102 1214/1397/1213 1213/1396/1214
f 1209/1392/1215 1212/1395/1216 1211/1394/1217 1210/1393/1218
f 1190/1373/1194 1187/1370/1193 1210/1393/1218 1211/1394/1217
f 1199/1382/1201 1159/1342/1165 1190/1373/1194 1211/1394/1217
f 1212/1395/1216 1194/1377/1202 1199/1382/1201 1211/1394/1217
f 1103/1521/1102 1213/1396/1214 1192/1375/1162
f 1213/1396/1214 1210/1393/1218 1187/1370/1193 1192/1375/1162
f 1214/1397/1213 1209/1392/1215 1210/1393/1218 1213/1396/1214
f 1215/1398/1219 1218/1401/1220 1217/1400/1221 1216/1399/1222
f 1212/1395/1216 1209/1392/1215 1216/1399/1222 1217/1400/1221
f 1206/1389/1200 1194/1377/1202 1212/1395/1216 1217/1400/1221
f 1218/1401/1220 1193/1376/1197 1206/1389/1200 1217/1400/1221
f 1103/1522/1102 1219/1402/1106 1214/1397/1213
f 1219/1402/1106 1216/1399/1222 1209/1392/1215 1214/1397/1213
f 1220/1403/1105 1215/1398/1219 1216/1399/1222 1219/1402/1106
f 1221/1404/1223 1268/1451/1224 1267/1450/1225 1266/1449/1226
f 1243/1426/1227 1222/1405/1228 1245/1428/1229 1244/1427/1230
f 1229/1412/1231 1228/1411/1232 1223/1406/1233 1230/1413/1234
f 1226/1409/1235 1225/1408/1236 1224/1407/1237 1227/1410/1238
f 1142/1325/1143 1135/1318/1142 1225/1408/1236 1226/1409/1235
f 1102/1523/1125 1142/1325/1143 1226/1409/1235
f 1102/1524/1125 1226/1409/1235 1227/1410/1238
f 1227/1410/1238 1224/1407/1237 1228/1411/1232 1229/1412/1231
f 1102/1525/1125 1227/1410/1238 1229/1412/1231
f 1102/1526/1125 1229/1412/1231 1230/1413/1234
f 1236/1419/1239 1231/1414/1240 1238/1421/1241 1237/1420/1242
f 1233/1416/1243 1232/1415/1244 1235/1418/1245 1234/1417/1246
f 1154/1337/1159 1151/1334/1158 1233/1416/1243 1234/1417/1246
f 1135/1318/1142 1154/1337/1159 1234/1417/1246 1225/1408/1236
f 1235/1418/1245 1224/1407/1237 1225/1408/1236 1234/1417/1246
f 1157/1340/1109 1105/1288/1108 1236/1419/1239 1237/1420/1242
f 1151/1334/1158 1157/1340/1109 1237/1420/1242 1233/1416/1243
f 1238/1421/1241 1232/1415/1244 1233/1416/1243 1237/1420/1242
f 1239/1422/1247 1242/1425/1248 1241/1424/1249 1240/1423/1250
f 1235/1418/1245 1232/1415/1244 1240/1423/1250 1241/1424/1249
f 1228/1411/1232 1224/1407/1237 1235/1418/1245 1241/1424/1249
f 1242/1425/1248 1223/1406/1233 1228/1411/1232 1241/1424/1249
f 1231/1414/1240 1243/1426/1227 1244/1427/1230 1238/1421/1241
f 1244/1427/1230 1240/1423/1250 1232/1415/1244 1238/1421/1241
f 1245/1428/1229 1239/1422/1247 1240/1423/1250 1244/1427/1230
f 1246/1429/1251 1253/1436/1252 1252/1435/1253 1251/1434/1254
f 1249/1432/1255 1248/1431/1256 1247/1430/1257 1250/1433/1258
f 1230/1413/1234 1223/1406/1233 1248/1431/1256 1249/1432/1255
f 1102/1527/1125 1230/1413/1234 1249/1432/1255
f 1102/1528/1125 1249/1432/1255 1250/1433/1258
f 1250/1433/1258 1247/1430/1257 1251/1434/1254 1252/1435/1253
f 1102/1529/1125 1250/1433/1258 1252/1435/1253
f 1253/1436/1252 1102/1530/1125 1252/1435/1253
f 1259/1442/1259 1254/1437/1260 1261/1444/1261 1260/1443/1262
f 1257/1440/1263 1256/1439/1264 1255/1438/1265 1258/1441/1266
f 1242/1425/1248 1239/1422/1247 1256/1439/1264 1257/1440/1263
f 1248/1431/1256 1223/1406/1233 1242/1425/1248 1257/1440/1263
f 1247/1430/1257 1248/1431/1256 1257/1440/1263 1258/1441/1266
f 1245/1428/1229 1222/1405/1228 1259/1442/1259 1260/1443/1262
f 1239/1422/1247 1245/1428/1229 1260/1443/1262 1256/1439/1264
f 1261/1444/1261 1255/1438/1265 1256/1439/1264 1260/1443/1262
f 1262/1445/1267 1265/1448/1268 1264/1447/1269 1263/1446/1270
f 1258/1441/1266 1255/1438/1265 1263/1446/1270 1264/1447/1269
f 1251/1434/1254 1247/1430/1257 1258/1441/1266 1264/1447/1269
f 1265/1448/1268 1246/1429/1251 1251/1434/1254 1264/1447/1269
f 1261/1444/1261 1254/1437/1260 1266/1449/1226 1267/1450/1225
f 1263/1446/1270 1255/1438/1265 1261/1444/1261 1267/1450/1225
f 1268/1451/1224 1262/1445/1267 1263/1446/1270 1267/1450/1225
f 1103/1531/1102 1296/1479/1271 1295/1478/1272
f 1269/1452/1273 1284/1467/1274 1283/1466/1275 1282/1465/1276
f 1275/1458/1277 1270/1453/1278 1277/1460/1279 1276/1459/1280
f 1273/1456/1281 1272/1455/1282 1271/1454/1283 1274/1457/1284
f 1205/1388/1210 1202/1385/1209 1272/1455/1282 1273/1456/1281
f 1236/1419/1239 1105/1288/1108 1205/1388/1210 1273/1456/1281
f 1231/1414/1240 1236/1419/1239 1273/1456/1281 1274/1457/1284
f 1208/1391/1198 1193/1376/1197 1275/1458/1277 1276/1459/1280
f 1202/1385/1209 1208/1391/1198 1276/1459/1280 1272/1455/1282
f 1277/1460/1279 1271/1454/1283 1272/1455/1282 1276/1459/1280
f 1278/1461/1285 1281/1464/1286 1280/1463/1287 1279/1462/1288
f 1274/1457/1284 1271/1454/1283 1279/1462/1288 1280/1463/1287
f 1243/1426/1227 1231/1414/1240 1274/1457/1284 1280/1463/1287
f 1281/1464/1286 1222/1405/1228 1243/1426/1227 1280/1463/1287
f 1277/1460/1279 1270/1453/1278 1282/1465/1276 1283/1466/1275
f 1279/1462/1288 1271/1454/1283 1277/1460/1279 1283/1466/1275
f 1284/1467/1274 1278/1461/1285 1279/1462/1288 1283/1466/1275
f 1103/1532/1102 1290/1473/1289 1289/1472/1290
f 1285/1468/1291 1288/1471/1292 1287/1470/1293 1286/1469/1294
f 1218/1401/1220 1215/1398/1219 1286/1469/1294 1287/1470/1293
f 1275/1458/1277 1193/1376/1197 1218/1401/1220 1287/1470/1293
f 1288/1471/1292 1270/1453/1278 1275/1458/1277 1287/1470/1293
f 1103/1533/1102 1289/1472/1290 1220/1403/1105
f 1289/1472/1290 1286/1469/1294 1215/1398/1219 1220/1403/1105
f 1290/1473/1289 1285/1468/1291 1286/1469/1294 1289/1472/1290
f 1291/1474/1295 1294/1477/1296 1293/1476/1297 1292/1475/1298
f 1288/1471/1292 1285/1468/1291 1292/1475/1298 1293/1476/1297
f 1282/1465/1276 1270/1453/1278 1288/1471/1292 1293/1476/1297
f 1294/1477/1296 1269/1452/1273 1282/1465/1276 1293/1476/1297
f 1103/1534/1102 1295/1478/1272 1290/1473/1289
f 1295/1478/1272 1292/1475/1298 1285/1468/1291 1290/1473/1289
f 1296/1479/1271 1291/1474/1295 1292/1475/1298 1295/1478/1272
f 1297/1480/1299 1312/1495/1300 1311/1494/1301 1310/1493/1302
f 1303/1486/1303 1298/1481/1304 1305/1488/1305 1304/1487/1306
f 1301/1484/1307 1300/1483/1308 1299/1482/1309 1302/1485/1310
f 1281/1464/1286 1278/1461/1285 1300/1483/1308 1301/1484/1307
f 1259/1442/1259 1222/1405/1228 1281/1464/1286 1301/1484/1307
f 1254/1437/1260 1259/1442/1259 1301/1484/1307 1302/1485/1310
f 1284/1467/1274 1269/1452/1273 1303/1486/1303 1304/1487/1306
f 1278/1461/1285 1284/1467/1274 1304/1487/1306 1300/1483/1308
f 1305/1488/1305 1299/1482/1309 1300/1483/1308 1304/1487/1306
f 1306/1489/1311 1309/1492/1312 1308/1491/1313 1307/1490/1314
f 1302/1485/1310 1299/1482/1309 1307/1490/1314 1308/1491/1313
f 1266/1449/1226 1254/1437/1260 1302/1485/1310 1308/1491/1313
f 1309/1492/1312 1221/1404/1223 1266/1449/1226 1308/1491/1313
f 1305/1488/1305 1298/1481/1304 1310/1493/1302 1311/1494/1301
f 1307/1490/1314 1299/1482/1309 1305/1488/1305 1311/1494/1301
f 1312/1495/1300 1306/1489/1311 1307/1490/1314 1311/1494/1301
f 1103/1535/1102 1318/1501/1315 1317/1500/1316
f 1313/1496/1317 1316/1499/1318 1315/1498/1319 1314/1497/1320
f 1294/1477/1296 1291/1474/1295 1314/1497/1320 1315/1498/1319
f 1303/1486/1303 1269/1452/1273 1294/1477/1296 1315/1498/1319
f 1316/1499/1318 1298/1481/1304 1303/1486/1303 1315/1498/1319
f 1103/1536/1102 1317/1500/1316 1296/1479/1271
f 1317/1500/1316 1314/1497/1320 1291/1474/1295 1296/1479/1271
f 1318/1501/1315 1313/1496/1317 1314/1497/1320 1317/1500/1316
f 1319/1502/1321 1322/1505/1322 1321/1504/1323 1320/1503/1324
f 1316/1499/1318 1313/1496/1317 1320/1503/1324 1321/1504/1323
f 1310/1493/1302 1298/1481/1304 1316/1499/1318 1321/1504/1323
f 1322/1505/1322 1297/1480/1299 1310/1493/1302 1321/1504/1323
f 1103/1537/1102 1323/1506/1104 1318/1501/1315
f 1323/1506/1104 1320/1503/1324 1313/1496/1317 1318/1501/1315
f 1324/1507/1103 1319/1502/1321 1320/1503/1324 1323/1506/1104
g default
v -0.026456 10.552901 5.173524
v -0.138738 10.526510 5.137596
v -0.262904 10.570701 5.128652
v -0.036091 10.811169 5.329556
v -0.196392 10.819441 5.312145
v -0.351404 10.834907 5.269718
v -0.039389 11.054626 5.402082
v -0.198552 11.092912 5.391106
v -0.354511 11.078350 5.342279
v -0.026887 11.071629 5.342952
v -0.181675 11.115864 5.311280
v -0.342010 11.095354 5.283150
v -0.020225 10.832747 5.254510
v -0.175237 10.848214 5.212083
v -0.335537 10.856487 5.194672
v -0.018145 10.564201 5.134218
v -0.128597 10.540302 5.089630
v -0.254594 10.582003 5.089345
v -0.284711 11.123621 5.291726
v -0.181121 11.006293 5.264892
v -0.085147 10.841430 5.229179
v -0.012790 10.989584 5.310675
v -0.355078 11.015353 5.245718
v -0.265326 10.854994 5.194986
v -0.151560 10.676353 5.141877
v -0.055064 10.534765 5.103585
v -0.012058 10.662782 5.178874
v -0.295341 10.684109 5.125114
v -0.202130 10.545837 5.075675
v -0.124851 10.489635 5.090701
v -0.004368 10.523672 5.138151
v -0.262967 10.543141 5.089075
v -0.365993 10.847391 5.227921
v -0.005636 10.820261 5.296308
v -0.065205 10.520975 5.151551
v -0.168674 10.653080 5.222823
v -0.106303 10.812657 5.329241
v -0.024894 10.645326 5.239585
v -0.212271 10.532047 5.123642
v -0.308176 10.666653 5.185824
v -0.286481 10.826222 5.295048
v -0.203624 10.975690 5.371326
v -0.095516 11.085155 5.410659
v -0.029667 10.966630 5.390501
v -0.371955 10.992399 5.325543
v -0.301588 11.100669 5.371552
v -0.189361 11.142185 5.362221
v -0.078639 11.108106 5.330833
v -0.010238 11.090845 5.385329
v -0.369990 11.117929 5.317057
v -0.087736 10.646986 5.238183
v -0.249612 10.659173 5.207463
v -0.105827 10.968328 5.389886
v -0.301420 10.983053 5.352767
v -0.084579 11.134297 5.382105
v -0.294143 11.150074 5.342336
v -0.083324 10.998932 5.283452
v -0.278918 11.013657 5.246333
v -0.070622 10.670261 5.157237
v -0.232498 10.682449 5.126517
v -0.053786 10.484285 5.104187
v -0.195915 10.494986 5.077214
v -0.321993 10.676905 5.151629
v -0.387966 11.005718 5.280991
v 0.001759 10.652530 5.213069
v 0.003221 10.976267 5.355228
vt 0.238317 0.617427
vt 0.238317 0.680509
vt 0.246202 0.617427
vt 0.246202 0.680509
vt 0.254087 0.617427
vt 0.254087 0.680509
vt 0.237331 0.625313
vt 0.246202 0.625313
vt 0.255073 0.625313
vt 0.238317 0.633198
vt 0.246202 0.634184
vt 0.254087 0.633198
vt 0.238317 0.648968
vt 0.222546 0.633198
vt 0.246202 0.647983
vt 0.254087 0.648968
vt 0.269858 0.633198
vt 0.238317 0.656854
vt 0.222546 0.625313
vt 0.246202 0.656854
vt 0.254087 0.656854
vt 0.269858 0.625313
vt 0.238317 0.664739
vt 0.222546 0.617427
vt 0.246202 0.665724
vt 0.254087 0.664739
vt 0.269858 0.617427
vt 0.242259 0.621370
vt 0.250145 0.621370
vt 0.242259 0.629255
vt 0.250145 0.629255
vt 0.242259 0.641083
vt 0.250145 0.641083
vt 0.242259 0.652911
vt 0.250145 0.652911
vt 0.242259 0.660796
vt 0.250145 0.660796
vt 0.242259 0.672624
vt 0.250145 0.672624
vt 0.261973 0.621370
vt 0.261973 0.629255
vt 0.230432 0.621370
vt 0.230432 0.629255
vt 0.242259 0.617427
vt 0.242259 0.680509
vt 0.246202 0.621370
vt 0.242259 0.625313
vt 0.237331 0.621370
vt 0.250145 0.617427
vt 0.250145 0.680509
vt 0.255073 0.621370
vt 0.250145 0.625313
vt 0.246202 0.629255
vt 0.242259 0.634184
vt 0.237331 0.629255
vt 0.255073 0.629255
vt 0.250145 0.634184
vt 0.246202 0.641083
vt 0.242259 0.647983
vt 0.238317 0.641083
vt 0.230432 0.633198
vt 0.254087 0.641083
vt 0.261973 0.633198
vt 0.250145 0.647983
vt 0.246202 0.652911
vt 0.242259 0.656854
vt 0.238317 0.652911
vt 0.222546 0.629255
vt 0.254087 0.652911
vt 0.269858 0.629255
vt 0.250145 0.656854
vt 0.246202 0.660796
vt 0.242259 0.665725
vt 0.238317 0.660796
vt 0.222546 0.621370
vt 0.254087 0.660796
vt 0.269858 0.621370
vt 0.250145 0.665725
vt 0.246202 0.672624
vt 0.238317 0.672624
vt 0.230432 0.617427
vt 0.254087 0.672624
vt 0.261973 0.617427
vt 0.261973 0.625313
vt 0.230432 0.625313
vn 0.245818 -0.575573 0.779929
vn 0.286992 -0.477370 0.830514
vn -0.125462 -0.524514 0.842107
vn -0.096942 -0.659585 0.745352
vn -0.196547 -0.527891 0.826257
vn -0.189132 -0.644360 0.740965
vn -0.124097 -0.425674 0.896327
vn -0.199563 -0.424341 0.883238
vn 0.284331 -0.403152 0.869841
vn -0.264638 -0.528399 0.806698
vn -0.270375 -0.657494 0.703277
vn -0.607767 -0.509960 0.608736
vn -0.559189 -0.608831 0.562701
vn -0.277566 -0.424789 0.861691
vn -0.641423 -0.396798 0.656603
vn 0.310871 -0.277897 0.908918
vn -0.121467 -0.279275 0.952497
vn -0.199107 -0.270037 0.942038
vn -0.074118 0.085658 0.993564
vn -0.180506 0.074598 0.980741
vn 0.297936 -0.019039 0.954396
vn -0.278816 -0.271445 0.921183
vn -0.666712 -0.229391 0.709136
vn -0.281458 0.101263 0.954216
vn -0.624597 0.050410 0.779319
vn 0.811144 0.493749 0.313460
vn 0.202622 0.928925 0.309909
vn 0.019121 0.959807 0.280010
vn 0.295182 0.587906 -0.753150
vn 0.193612 0.583409 -0.788764
vn 0.634331 0.438465 -0.636689
vn -0.165059 0.956596 0.240165
vn -0.789073 0.614221 0.009787
vn 0.087843 0.603518 -0.792496
vn -0.288195 0.507922 -0.811763
vn 0.666570 0.262497 -0.697696
vn 0.276705 0.338186 -0.899480
vn 0.200007 0.345799 -0.916745
vn 0.275542 0.352663 -0.894263
vn 0.200030 0.356168 -0.912761
vn 0.651534 0.283048 -0.703837
vn 0.118865 0.345680 -0.930793
vn -0.333806 0.306883 -0.891289
vn 0.118982 0.350879 -0.928831
vn -0.319368 0.269369 -0.908540
vn 0.632927 0.327893 -0.701349
vn 0.271961 0.387721 -0.880744
vn 0.199950 0.388415 -0.899530
vn 0.296887 0.263354 -0.917880
vn 0.199470 0.290181 -0.935952
vn 0.614352 0.279796 -0.737757
vn 0.128237 0.380271 -0.915942
vn -0.271691 0.281389 -0.920328
vn 0.104851 0.262394 -0.959248
vn -0.248251 0.219958 -0.943393
vn 0.863180 -0.503986 0.030310
vn 0.252009 -0.940988 -0.225906
vn -0.019122 -0.959807 -0.280010
vn -0.214473 -0.921089 -0.324955
vn -0.762148 -0.557008 -0.329959
vn -0.945791 -0.189857 -0.263501
vn -0.970190 -0.108599 -0.216650
vn -0.982799 0.044568 -0.179223
vn 0.980684 -0.093626 0.171734
vn 0.975234 -0.098991 0.197787
vn 0.976886 -0.047489 0.208420
s 1
g group1 r_teeth:Hare_0000000000001_0001:pCube7
usemtl lambert18SG
f 1325/1538/1325 1362/1585/1326 1375/1565/1327 1359/1581/1328
f 1359/1581/1328 1375/1565/1327 1360/1583/1329 1326/1540/1330
f 1375/1565/1327 1361/1584/1331 1329/1545/1332 1360/1583/1329
f 1362/1585/1326 1328/1544/1333 1361/1584/1331 1375/1565/1327
f 1326/1540/1330 1360/1583/1329 1376/1566/1334 1363/1586/1335
f 1363/1586/1335 1376/1566/1334 1364/1588/1336 1327/1542/1337
f 1376/1566/1334 1365/1589/1338 1330/1546/1339 1364/1588/1336
f 1360/1583/1329 1329/1545/1332 1365/1589/1338 1376/1566/1334
f 1328/1544/1333 1368/1592/1340 1377/1567/1341 1361/1584/1331
f 1361/1584/1331 1377/1567/1341 1366/1590/1342 1329/1545/1332
f 1377/1567/1341 1367/1591/1343 1332/1548/1344 1366/1590/1342
f 1368/1592/1340 1331/1547/1345 1367/1591/1343 1377/1567/1341
f 1329/1545/1332 1366/1590/1342 1378/1568/1346 1365/1589/1338
f 1365/1589/1338 1378/1568/1346 1369/1593/1347 1330/1546/1339
f 1378/1568/1346 1370/1594/1348 1333/1549/1349 1369/1593/1347
f 1366/1590/1342 1332/1548/1344 1370/1594/1348 1378/1568/1346
f 1331/1547/1345 1373/1597/1350 1379/1569/1351 1367/1591/1343
f 1367/1591/1343 1379/1569/1351 1371/1595/1352 1332/1548/1344
f 1379/1569/1351 1372/1596/1353 1335/1552/1354 1371/1595/1352
f 1373/1597/1350 1334/1550/1355 1372/1596/1353 1379/1569/1351
f 1332/1548/1344 1371/1595/1352 1380/1570/1356 1370/1594/1348
f 1370/1594/1348 1380/1570/1356 1374/1599/1357 1333/1549/1349
f 1380/1570/1356 1343/1601/1358 1336/1553/1359 1374/1599/1357
f 1371/1595/1352 1335/1552/1354 1343/1601/1358 1380/1570/1356
f 1334/1550/1355 1346/1604/1360 1381/1571/1361 1372/1596/1353
f 1372/1596/1353 1381/1571/1361 1344/1602/1362 1335/1552/1354
f 1381/1571/1361 1345/1603/1363 1338/1557/1364 1344/1602/1362
f 1346/1604/1360 1337/1555/1365 1345/1603/1363 1381/1571/1361
f 1335/1552/1354 1344/1602/1362 1382/1572/1366 1343/1601/1358
f 1343/1601/1358 1382/1572/1366 1347/1606/1367 1336/1553/1359
f 1382/1572/1366 1348/1608/1368 1339/1558/1369 1347/1606/1367
f 1344/1602/1362 1338/1557/1364 1348/1608/1368 1382/1572/1366
f 1337/1555/1365 1351/1611/1370 1383/1573/1371 1345/1603/1363
f 1345/1603/1363 1383/1573/1371 1349/1609/1372 1338/1557/1364
f 1383/1573/1371 1350/1610/1373 1341/1562/1374 1349/1609/1372
f 1351/1611/1370 1340/1560/1375 1350/1610/1373 1383/1573/1371
f 1338/1557/1364 1349/1609/1372 1384/1574/1376 1348/1608/1368
f 1348/1608/1368 1384/1574/1376 1352/1613/1377 1339/1558/1369
f 1384/1574/1376 1353/1615/1378 1342/1563/1379 1352/1613/1377
f 1349/1609/1372 1341/1562/1374 1353/1615/1378 1384/1574/1376
f 1340/1560/1375 1355/1617/1380 1385/1575/1381 1350/1610/1373
f 1350/1610/1373 1385/1575/1381 1354/1616/1382 1341/1562/1374
f 1385/1575/1381 1359/1582/1328 1326/1541/1330 1354/1616/1382
f 1355/1617/1380 1325/1539/1325 1359/1582/1328 1385/1575/1381
f 1341/1562/1374 1354/1616/1382 1386/1576/1383 1353/1615/1378
f 1353/1615/1378 1386/1576/1383 1356/1619/1384 1342/1563/1379
f 1386/1576/1383 1363/1587/1335 1327/1543/1337 1356/1619/1384
f 1354/1616/1382 1326/1541/1330 1363/1587/1335 1386/1576/1383
f 1327/1542/1337 1364/1588/1336 1387/1577/1385 1356/1620/1384
f 1356/1620/1384 1387/1577/1385 1352/1614/1377 1342/1564/1379
f 1387/1577/1385 1357/1621/1386 1339/1559/1369 1352/1614/1377
f 1364/1588/1336 1330/1546/1339 1357/1621/1386 1387/1577/1385
f 1330/1546/1339 1369/1593/1347 1388/1578/1387 1357/1621/1386
f 1357/1621/1386 1388/1578/1387 1347/1607/1367 1339/1559/1369
f 1388/1578/1387 1374/1600/1357 1336/1554/1359 1347/1607/1367
f 1369/1593/1347 1333/1549/1349 1374/1600/1357 1388/1578/1387
f 1340/1561/1375 1351/1612/1370 1389/1579/1388 1355/1618/1380
f 1355/1618/1380 1389/1579/1388 1362/1585/1326 1325/1538/1325
f 1389/1579/1388 1358/1622/1389 1328/1544/1333 1362/1585/1326
f 1351/1612/1370 1337/1556/1365 1358/1622/1389 1389/1579/1388
f 1337/1556/1365 1346/1605/1360 1390/1580/1390 1358/1622/1389
f 1358/1622/1389 1390/1580/1390 1368/1592/1340 1328/1544/1333
f 1390/1580/1390 1373/1598/1350 1331/1547/1345 1368/1592/1340
f 1346/1605/1360 1334/1551/1355 1373/1598/1350 1390/1580/1390
g default
v 0.026456 10.552901 5.173524
v 0.138738 10.526511 5.137596
v 0.262904 10.570701 5.128651
v 0.036091 10.811169 5.329557
v 0.196392 10.819441 5.312145
v 0.351404 10.834907 5.269718
v 0.039389 11.054627 5.402082
v 0.198552 11.092912 5.391106
v 0.354511 11.078350 5.342279
v 0.026887 11.071628 5.342952
v 0.181675 11.115864 5.311280
v 0.342010 11.095354 5.283150
v 0.020225 10.832746 5.254510
v 0.175237 10.848214 5.212083
v 0.335537 10.856487 5.194672
v 0.018145 10.564201 5.134218
v 0.128597 10.540303 5.089630
v 0.254594 10.582003 5.089345
v 0.284711 11.123620 5.291726
v 0.181121 11.006293 5.264892
v 0.085147 10.841430 5.229179
v 0.012790 10.989584 5.310675
v 0.355078 11.015353 5.245717
v 0.265326 10.854994 5.194986
v 0.151560 10.676354 5.141877
v 0.055064 10.534766 5.103585
v 0.012058 10.662782 5.178875
v 0.295341 10.684109 5.125115
v 0.202130 10.545838 5.075675
v 0.124851 10.489636 5.090701
v 0.004368 10.523672 5.138151
v 0.262967 10.543141 5.089075
v 0.365993 10.847391 5.227920
v 0.005636 10.820261 5.296307
v 0.065205 10.520976 5.151551
v 0.168674 10.653081 5.222823
v 0.106303 10.812658 5.329241
v 0.024894 10.645326 5.239585
v 0.212271 10.532048 5.123642
v 0.308176 10.666653 5.185824
v 0.286481 10.826223 5.295048
v 0.203624 10.975690 5.371326
v 0.095516 11.085155 5.410659
v 0.029667 10.966630 5.390501
v 0.371955 10.992400 5.325543
v 0.301588 11.100669 5.371552
v 0.189361 11.142186 5.362221
v 0.078639 11.108106 5.330833
v 0.010238 11.090845 5.385329
v 0.369990 11.117930 5.317057
v 0.087736 10.646986 5.238183
v 0.249612 10.659173 5.207463
v 0.105827 10.968328 5.389886
v 0.301420 10.983054 5.352767
v 0.084579 11.134297 5.382105
v 0.294143 11.150074 5.342336
v 0.083324 10.998932 5.283452
v 0.278918 11.013657 5.246333
v 0.070622 10.670262 5.157237
v 0.232498 10.682449 5.126517
v 0.053786 10.484285 5.104187
v 0.195915 10.494985 5.077214
v 0.321993 10.676904 5.151629
v 0.387966 11.005718 5.280991
v -0.001759 10.652530 5.213069
v -0.003221 10.976267 5.355228
vt 0.238317 0.617427
vt 0.238317 0.680509
vt 0.246202 0.617427
vt 0.246202 0.680509
vt 0.254087 0.617427
vt 0.254087 0.680509
vt 0.237331 0.625313
vt 0.246202 0.625313
vt 0.255073 0.625313
vt 0.238317 0.633198
vt 0.246202 0.634184
vt 0.254087 0.633198
vt 0.238317 0.648968
vt 0.222546 0.633198
vt 0.246202 0.647983
vt 0.254087 0.648968
vt 0.269858 0.633198
vt 0.238317 0.656854
vt 0.222546 0.625313
vt 0.246202 0.656854
vt 0.254087 0.656854
vt 0.269858 0.625313
vt 0.238317 0.664739
vt 0.222546 0.617427
vt 0.246202 0.665724
vt 0.254087 0.664739
vt 0.269858 0.617427
vt 0.242259 0.621370
vt 0.250145 0.621370
vt 0.242259 0.629255
vt 0.250145 0.629255
vt 0.242259 0.641083
vt 0.250145 0.641083
vt 0.242259 0.652911
vt 0.250145 0.652911
vt 0.242259 0.660796
vt 0.250145 0.660796
vt 0.242259 0.672624
vt 0.250145 0.672624
vt 0.261973 0.621370
vt 0.261973 0.629255
vt 0.230432 0.621370
vt 0.230432 0.629255
vt 0.242259 0.617427
vt 0.242259 0.680509
vt 0.246202 0.621370
vt 0.242259 0.625313
vt 0.237331 0.621370
vt 0.250145 0.617427
vt 0.250145 0.680509
vt 0.255073 0.621370
vt 0.250145 0.625313
vt 0.246202 0.629255
vt 0.242259 0.634184
vt 0.237331 0.629255
vt 0.255073 0.629255
vt 0.250145 0.634184
vt 0.246202 0.641083
vt 0.242259 0.647983
vt 0.238317 0.641083
vt 0.230432 0.633198
vt 0.254087 0.641083
vt 0.261973 0.633198
vt 0.250145 0.647983
vt 0.246202 0.652911
vt 0.242259 0.656854
vt 0.238317 0.652911
vt 0.222546 0.629255
vt 0.254087 0.652911
vt 0.269858 0.629255
vt 0.250145 0.656854
vt 0.246202 0.660796
vt 0.242259 0.665725
vt 0.238317 0.660796
vt 0.222546 0.621370
vt 0.254087 0.660796
vt 0.269858 0.621370
vt 0.250145 0.665725
vt 0.246202 0.672624
vt 0.238317 0.672624
vt 0.230432 0.617427
vt 0.254087 0.672624
vt 0.261973 0.617427
vt 0.261973 0.625313
vt 0.230432 0.625313
vn -0.245820 -0.575576 0.779926
vn 0.096943 -0.659582 0.745354
vn 0.125465 -0.524514 0.842107
vn -0.286990 -0.477371 0.830514
vn 0.189130 -0.644358 0.740967
vn 0.196547 -0.527892 0.826256
vn 0.199566 -0.424343 0.883236
vn 0.124099 -0.425674 0.896326
vn -0.284330 -0.403152 0.869842
vn 0.270374 -0.657492 0.703279
vn 0.264638 -0.528400 0.806697
vn 0.559189 -0.608824 0.562709
vn 0.607767 -0.509959 0.608738
vn 0.641421 -0.396800 0.656604
vn 0.277565 -0.424791 0.861690
vn 0.121465 -0.279276 0.952497
vn -0.310872 -0.277897 0.908918
vn 0.199107 -0.270038 0.942038
vn 0.180503 0.074597 0.980742
vn 0.074115 0.085655 0.993564
vn -0.297937 -0.019039 0.954396
vn 0.278813 -0.271446 0.921184
vn 0.666709 -0.229391 0.709139
vn 0.624597 0.050414 0.779318
vn 0.281456 0.101265 0.954216
vn -0.202624 0.928920 0.309920
vn -0.811141 0.493749 0.313469
vn -0.019121 0.959808 0.280004
vn -0.193611 0.583406 -0.788766
vn -0.295181 0.587904 -0.753151
vn -0.634330 0.438466 -0.636689
vn 0.165061 0.956600 0.240149
vn 0.789067 0.614229 0.009777
vn 0.288196 0.507920 -0.811764
vn -0.087842 0.603515 -0.792498
vn -0.276701 0.338184 -0.899482
vn -0.666570 0.262498 -0.697696
vn -0.200007 0.345798 -0.916745
vn -0.200031 0.356169 -0.912760
vn -0.275541 0.352663 -0.894263
vn -0.651536 0.283049 -0.703836
vn -0.118866 0.345682 -0.930793
vn 0.333804 0.306884 -0.891289
vn 0.319367 0.269369 -0.908540
vn -0.118983 0.350878 -0.928831
vn -0.271963 0.387721 -0.880743
vn -0.632927 0.327893 -0.701348
vn -0.199951 0.388415 -0.899530
vn -0.199470 0.290179 -0.935953
vn -0.296885 0.263352 -0.917881
vn -0.614350 0.279797 -0.737758
vn -0.128235 0.380269 -0.915943
vn 0.271693 0.281386 -0.920329
vn 0.248256 0.219953 -0.943393
vn -0.104848 0.262394 -0.959248
vn -0.252002 -0.940995 -0.225884
vn -0.863178 -0.503988 0.030318
vn 0.019121 -0.959810 -0.279997
vn 0.214471 -0.921090 -0.324953
vn 0.762145 -0.557010 -0.329963
vn 0.945791 -0.189861 -0.263500
vn 0.970191 -0.108599 -0.216648
vn 0.982800 0.044565 -0.179218
vn -0.980684 -0.093626 0.171734
vn -0.975234 -0.098992 0.197787
vn -0.976886 -0.047489 0.208420
s 1
g group1 r_teeth:Hare_0000000000001_0001:pCube2
usemtl lambert18SG
f 1391/1623/1391 1425/1666/1392 1441/1650/1393 1428/1670/1394
f 1425/1666/1392 1392/1625/1395 1426/1668/1396 1441/1650/1393
f 1441/1650/1393 1426/1668/1396 1395/1630/1397 1427/1669/1398
f 1428/1670/1394 1441/1650/1393 1427/1669/1398 1394/1629/1399
f 1392/1625/1395 1429/1671/1400 1442/1651/1401 1426/1668/1396
f 1429/1671/1400 1393/1627/1402 1430/1673/1403 1442/1651/1401
f 1442/1651/1401 1430/1673/1403 1396/1631/1404 1431/1674/1405
f 1426/1668/1396 1442/1651/1401 1431/1674/1405 1395/1630/1397
f 1394/1629/1399 1427/1669/1398 1443/1652/1406 1434/1677/1407
f 1427/1669/1398 1395/1630/1397 1432/1675/1408 1443/1652/1406
f 1443/1652/1406 1432/1675/1408 1398/1633/1409 1433/1676/1410
f 1434/1677/1407 1443/1652/1406 1433/1676/1410 1397/1632/1411
f 1395/1630/1397 1431/1674/1405 1444/1653/1412 1432/1675/1408
f 1431/1674/1405 1396/1631/1404 1435/1678/1413 1444/1653/1412
f 1444/1653/1412 1435/1678/1413 1399/1634/1414 1436/1679/1415
f 1432/1675/1408 1444/1653/1412 1436/1679/1415 1398/1633/1409
f 1397/1632/1411 1433/1676/1410 1445/1654/1416 1439/1682/1417
f 1433/1676/1410 1398/1633/1409 1437/1680/1418 1445/1654/1416
f 1445/1654/1416 1437/1680/1418 1401/1637/1419 1438/1681/1420
f 1439/1682/1417 1445/1654/1416 1438/1681/1420 1400/1635/1421
f 1398/1633/1409 1436/1679/1415 1446/1655/1422 1437/1680/1418
f 1436/1679/1415 1399/1634/1414 1440/1684/1423 1446/1655/1422
f 1446/1655/1422 1440/1684/1423 1402/1638/1424 1409/1686/1425
f 1437/1680/1418 1446/1655/1422 1409/1686/1425 1401/1637/1419
f 1400/1635/1421 1438/1681/1420 1447/1656/1426 1412/1689/1427
f 1438/1681/1420 1401/1637/1419 1410/1687/1428 1447/1656/1426
f 1447/1656/1426 1410/1687/1428 1404/1642/1429 1411/1688/1430
f 1412/1689/1427 1447/1656/1426 1411/1688/1430 1403/1640/1431
f 1401/1637/1419 1409/1686/1425 1448/1657/1432 1410/1687/1428
f 1409/1686/1425 1402/1638/1424 1413/1691/1433 1448/1657/1432
f 1448/1657/1432 1413/1691/1433 1405/1643/1434 1414/1693/1435
f 1410/1687/1428 1448/1657/1432 1414/1693/1435 1404/1642/1429
f 1403/1640/1431 1411/1688/1430 1449/1658/1436 1417/1696/1437
f 1411/1688/1430 1404/1642/1429 1415/1694/1438 1449/1658/1436
f 1449/1658/1436 1415/1694/1438 1407/1647/1439 1416/1695/1440
f 1417/1696/1437 1449/1658/1436 1416/1695/1440 1406/1645/1441
f 1404/1642/1429 1414/1693/1435 1450/1659/1442 1415/1694/1438
f 1414/1693/1435 1405/1643/1434 1418/1698/1443 1450/1659/1442
f 1450/1659/1442 1418/1698/1443 1408/1648/1444 1419/1700/1445
f 1415/1694/1438 1450/1659/1442 1419/1700/1445 1407/1647/1439
f 1406/1645/1441 1416/1695/1440 1451/1660/1446 1421/1702/1447
f 1416/1695/1440 1407/1647/1439 1420/1701/1448 1451/1660/1446
f 1451/1660/1446 1420/1701/1448 1392/1626/1395 1425/1667/1392
f 1421/1702/1447 1451/1660/1446 1425/1667/1392 1391/1624/1391
f 1407/1647/1439 1419/1700/1445 1452/1661/1449 1420/1701/1448
f 1419/1700/1445 1408/1648/1444 1422/1704/1450 1452/1661/1449
f 1452/1661/1449 1422/1704/1450 1393/1628/1402 1429/1672/1400
f 1420/1701/1448 1452/1661/1449 1429/1672/1400 1392/1626/1395
f 1393/1627/1402 1422/1705/1450 1453/1662/1451 1430/1673/1403
f 1422/1705/1450 1408/1649/1444 1418/1699/1443 1453/1662/1451
f 1453/1662/1451 1418/1699/1443 1405/1644/1434 1423/1706/1452
f 1430/1673/1403 1453/1662/1451 1423/1706/1452 1396/1631/1404
f 1396/1631/1404 1423/1706/1452 1454/1663/1453 1435/1678/1413
f 1423/1706/1452 1405/1644/1434 1413/1692/1433 1454/1663/1453
f 1454/1663/1453 1413/1692/1433 1402/1639/1424 1440/1685/1423
f 1435/1678/1413 1454/1663/1453 1440/1685/1423 1399/1634/1414
f 1406/1646/1441 1421/1703/1447 1455/1664/1454 1417/1697/1437
f 1421/1703/1447 1391/1623/1391 1428/1670/1394 1455/1664/1454
f 1455/1664/1454 1428/1670/1394 1394/1629/1399 1424/1707/1455
f 1417/1697/1437 1455/1664/1454 1424/1707/1455 1403/1641/1431
f 1403/1641/1431 1424/1707/1455 1456/1665/1456 1412/1690/1427
f 1424/1707/1455 1394/1629/1399 1434/1677/1407 1456/1665/1456
f 1456/1665/1456 1434/1677/1407 1397/1632/1411 1439/1683/1417
f 1412/1690/1427 1456/1665/1456 1439/1683/1417 1400/1636/1421
g default
v 0.000000 4.137781 -1.165423
v 0.000000 3.579426 -1.122977
v 0.000000 3.252122 -1.188608
v 0.000000 3.211835 -1.392300
v 0.000000 3.300241 -1.539655
v 0.000000 3.418138 -1.678791
v 0.000000 3.655524 -1.745718
v 0.000000 4.023544 -1.792463
v 0.000000 4.550415 -1.818364
v 0.000000 5.278008 -1.991006
v 0.000000 6.064961 -2.331192
v 0.000000 6.805130 -2.861578
v 0.000000 7.423372 -3.507187
v 0.000000 7.869097 -4.162648
v 0.000000 8.129190 -4.800232
v -0.000000 8.220782 -5.385052
v 0.000000 8.204276 -5.906727
v 0.000000 8.094883 -6.366801
v 0.000000 7.925776 -6.771125
v 0.000000 7.714744 -7.114340
v 0.000000 7.483178 -7.378396
v 0.000000 7.285160 -7.545024
v 0.000000 7.136933 -7.644763
v -0.000000 7.005152 -7.715672
v -0.000000 6.868558 -7.745701
v 0.000000 6.725469 -7.765873
v 0.000000 6.570515 -7.736995
v 0.000000 6.401383 -7.693185
v 0.000000 6.226645 -7.564398
v 0.000000 6.073212 -7.365066
v 0.000000 5.973412 -7.081337
v 0.000000 5.887046 -6.796837
v 0.000000 5.777467 -6.563694
v 0.000000 14.511103 -0.114997
v 0.000000 14.878929 0.292701
v 0.000000 15.030661 0.632266
v 0.000000 15.081598 0.942745
v 0.000000 15.066888 1.254008
v 0.000000 15.096580 1.605156
v 0.000000 15.143215 2.003009
v 0.000000 15.178509 2.419359
v 0.000000 15.181884 2.820899
v -0.000000 15.149500 3.179626
v -0.000000 15.081460 3.504341
v -0.000000 14.969835 3.801291
v 0.000000 14.795748 4.068859
v 0.000000 14.572495 4.324522
v 0.000000 14.290944 4.580766
v 0.000000 5.620649 -6.423902
v 0.000000 5.479947 -6.279268
v 0.000000 5.295167 -6.216256
v 0.000000 5.024860 -6.178060
v 0.000000 4.644256 -6.290011
v 0.000000 4.154905 -6.399748
v 0.000000 3.582274 -6.421741
v 0.000000 3.006733 -6.389519
v 0.000000 2.492274 -6.277075
v 0.000000 2.059898 -6.073726
v -0.000000 1.713454 -5.784204
v 0.000000 1.447753 -5.419421
v 0.000000 1.237972 -5.023042
v 0.000000 1.094795 -4.599906
v 0.000000 1.028321 -4.147880
v 0.000000 1.023326 -3.657592
v 0.000000 1.069836 -3.124992
v 0.000000 1.160487 -2.552506
v 0.000000 1.294719 -1.966747
v 0.000000 1.471108 -1.398894
v 0.000000 1.684607 -0.855740
v 0.000000 1.985636 -0.314297
v 0.000000 9.057807 0.100691
v 0.000000 8.437428 -0.042497
v 0.000000 7.720290 -0.207768
v 0.000000 7.066327 -0.301730
v 0.000000 6.410771 -0.438425
v 0.000000 5.708087 -0.701569
v 0.000000 4.903353 -1.013375
v 0.000000 12.016021 2.260095
v -0.000000 12.075251 2.715350
v 0.000000 12.093231 3.196516
v 0.000000 12.081179 3.676428
v 0.000000 12.039875 4.129204
v 0.000000 11.957228 4.528468
v 0.000000 11.853976 4.861464
v 0.000000 11.696262 5.116407
v 0.000000 11.490435 5.268013
v 0.000000 11.269900 5.311789
v 0.000000 11.117183 5.234994
v 0.000000 11.003544 5.126383
v -0.000000 10.782154 5.199898
v -0.000000 10.775639 5.455315
v 0.000000 5.790865 3.429066
v 0.000000 5.208428 3.542603
v 0.000000 4.664365 3.623220
v 0.000000 4.196993 3.660701
v 0.000000 3.791149 3.614493
v 0.000000 3.415298 3.432689
v 0.000000 10.909758 5.725371
v 0.000000 11.271913 5.984421
v 0.000000 11.707573 6.217776
v 0.000000 12.025873 6.458264
v 0.000000 12.316627 6.519056
v -0.000000 12.573723 6.496343
v -0.000000 12.843928 6.354210
v -0.000000 13.042090 6.112793
v -0.000000 13.113962 5.784127
v 0.000000 13.238724 5.530046
v 0.000000 13.417328 5.299065
v 0.000000 13.675763 5.089253
v 0.000000 13.979455 4.844361
v 0.000000 11.926160 1.861043
v 0.000000 11.787262 1.517997
v 0.000000 11.531903 1.280082
v 0.000000 11.161846 1.218595
v 0.000000 10.891446 1.464336
v 0.000000 10.746646 1.793464
v 0.000000 10.645852 2.167137
v 0.000000 10.582891 2.550779
v 0.000000 10.562367 2.933553
v 0.000000 10.550315 3.330657
v 0.000000 10.575785 3.756286
v 0.000000 10.623816 4.193568
v 0.000000 10.758878 4.560644
v -0.000000 10.748155 4.849946
v 0.000000 10.635242 5.062066
v 0.000000 10.440924 5.071304
v -0.000000 10.292921 4.963951
v 0.000000 10.168009 4.757787
v 0.000000 10.126911 4.423096
v 0.000000 10.124688 3.968757
v 0.000000 10.137861 3.456868
v 0.000000 10.051120 3.038058
v 0.000000 9.900198 2.765086
v 0.000000 9.753288 2.607096
v 0.000000 9.546534 2.542828
v 0.000000 9.315983 2.521328
v 0.000000 9.036264 2.631411
v 0.000000 8.664672 2.722368
v 0.000000 8.191476 2.831858
v 0.000000 7.632263 2.945771
v 0.000000 7.023775 3.092647
v 0.000000 6.396715 3.269321
v 0.000000 13.781319 -0.530502
v 0.000000 3.107835 3.056775
v 0.000000 2.813688 2.498881
v 0.000000 2.506768 1.807724
v 0.000000 2.314408 1.110852
v 0.000000 2.249418 0.360898
v 0.000000 10.715302 -0.237698
v 0.000000 10.221271 0.053976
v 0.000000 9.851703 0.155123
v 0.000000 9.491715 0.144261
v 0.000000 12.737347 -0.828022
v 0.000000 11.534494 -0.686155
v 1.622873 1.977944 -2.152596
v 1.179045 1.693846 -1.774569
v 0.765996 1.655798 -1.361214
v 0.467043 1.729910 -0.883637
v 0.250218 1.985960 -0.337602
v 3.305320 2.939069 0.899095
v 3.065878 1.929047 0.472495
v 2.763419 1.605968 0.254547
v 2.885577 1.562811 0.391346
v 2.610529 1.379747 -0.023177
v 2.706211 1.325494 0.107761
v 2.769728 1.271960 0.266151
v 2.455224 1.187009 -0.287821
v 2.606311 1.155302 -0.203515
v 2.684610 1.086587 -0.043756
v 2.274042 0.989935 -0.468853
v 2.441033 0.973169 -0.426703
v 2.597471 0.941198 -0.354525
v 2.667884 0.875981 -0.158676
v 2.246803 0.782141 -0.512418
v 2.384135 0.761123 -0.451215
v 2.520992 0.717185 -0.380037
v 2.584674 0.690567 -0.202051
v 2.427358 0.551740 -0.342118
v 2.503490 0.532052 -0.214325
v 1.498410 11.065127 4.490217
v 0.299026 2.339197 1.105937
v 0.638997 2.499300 1.683722
v 2.326091 0.524777 3.512000
v 2.638110 0.496104 3.417331
v 2.936296 0.450567 3.346596
v 1.982453 0.712066 3.358524
v 2.294756 0.760857 3.355486
v 2.631604 0.743028 3.301118
v 2.957310 0.670446 3.231620
v 1.681239 0.785407 3.068647
v 1.938801 0.904521 3.114621
v 2.263616 0.955882 3.118496
v 2.626894 0.955739 3.087351
v 3.003120 0.884146 3.030384
v 1.935938 0.992702 2.786150
v 2.250171 1.052933 2.800080
v 2.612555 1.072519 2.776086
v 2.985496 0.975113 2.727993
v 2.245824 1.040695 2.438117
v 2.575459 1.048579 2.427270
v 2.923698 0.989722 2.385298
v 2.532635 1.002623 2.070131
v 2.836015 0.955596 2.031098
v 2.739337 0.931080 1.692572
v 1.727435 0.615007 3.311074
v 2.025352 0.480890 3.500133
v 1.782597 0.418819 3.470509
v 0.650736 8.994781 2.568104
v 0.901178 9.559470 2.407696
v 1.106141 10.148681 2.517955
v 1.603116 6.907682 -3.735114
v 1.594761 6.316926 -3.238942
v 1.642535 5.648696 -2.837242
v 1.709808 4.937427 -2.563543
v 1.763100 4.249189 -2.380401
v 1.742138 3.639575 -2.249651
v 1.643235 3.158081 -2.078060
v 1.452858 2.845227 -1.844539
v 2.303270 16.122015 0.468643
v 2.333777 16.122589 0.267523
v 2.204962 16.109249 0.096092
v 1.426182 7.657398 2.139435
v 1.464420 7.194715 2.335609
v 1.613896 7.544971 1.723184
v 1.653387 7.138281 1.867524
v 1.744698 7.048965 1.314612
v 1.506574 8.535478 2.041005
v 1.859172 8.532577 1.918935
v 2.186380 8.500669 1.778825
v 1.482129 8.842304 1.980830
v 1.839266 8.820605 1.873186
v 2.210003 8.785865 1.773540
v 2.538422 8.675801 1.610071
v 2.873162 8.560833 1.485001
v 1.683187 0.578279 1.185288
v 1.681079 0.394968 1.143359
v 1.742401 0.250346 1.120101
v 1.881837 0.174311 1.108394
v 2.051391 0.129959 1.095966
v 1.634175 0.487394 1.531823
v 1.636721 0.326312 1.498902
v 1.733692 0.205695 1.483075
v 1.878018 0.129392 1.472651
v 2.075271 0.109742 1.458961
v 2.295655 0.103786 1.436664
v 2.519766 0.117253 1.402480
v 2.725318 0.129753 1.356270
v 2.858506 0.254684 1.333609
v 2.926091 0.407320 1.331439
v 1.570950 0.426767 1.889606
v 1.573295 0.274621 1.852538
v 1.721133 0.177825 1.840216
v 1.889110 0.107386 1.824697
v 2.097183 0.070555 1.806076
v 2.339202 0.066858 1.779255
v 2.584384 0.082853 1.738147
v 2.804974 0.123351 1.688564
v 1.507431 0.372927 2.242007
v 1.526983 0.200914 2.198269
v 1.689135 0.105093 2.178849
v 1.872728 0.021829 2.156046
v 2.111112 0.001924 2.137716
v 2.380672 0.005353 2.106061
v 1.459022 0.318305 2.560457
v 1.510597 0.139177 2.515537
v 1.639802 -0.007751 2.481398
v 1.859673 -0.074307 2.461977
v 1.433670 0.254849 2.822896
v 1.491444 0.082969 2.789600
v 1.713614 0.764628 1.240162
v 1.631374 0.650493 1.566550
v 1.574019 0.594029 1.925528
v 1.511128 0.553700 2.289618
v 1.456206 0.507845 2.619717
v 1.433713 0.434704 2.899525
v 1.813398 16.401617 0.258478
v 1.912172 16.286766 0.089934
v 2.103943 16.305891 0.193836
v 2.037028 16.104776 -0.044679
v 3.701795 7.429277 0.800318
v 3.314368 7.549583 0.756021
v 2.931712 7.679978 0.737694
v 2.589809 7.818262 0.753241
v 3.763100 7.560410 0.580634
v 3.372010 7.686150 0.527609
v 2.980733 7.818655 0.489361
v 2.608526 7.935801 0.476255
v 3.841464 7.751809 0.447744
v 3.454616 7.894652 0.383945
v 3.054463 8.028663 0.328932
v 3.919126 7.958343 0.421640
v 3.532600 8.117799 0.375701
v 3.140412 8.279223 0.316225
v 3.980942 8.138748 0.501370
v 3.597285 8.309086 0.448623
v 4.030902 8.281905 0.606114
v 4.053686 8.366484 0.756980
v 4.414461 8.167322 0.813135
v 4.400208 8.102245 0.676412
v 4.771390 7.933000 0.735183
v 4.353997 7.971827 0.573478
v 4.728694 7.816635 0.636266
v 5.096117 7.648483 0.725137
v 4.311118 7.834654 0.481639
v 4.685861 7.696736 0.553184
v 5.036828 7.523857 0.672042
v 5.384557 7.345350 0.794068
v 4.232836 7.634944 0.513844
v 4.610812 7.522013 0.579728
v 4.970331 7.390810 0.660808
v 5.314911 7.226116 0.806991
v 5.655451 7.039578 0.904030
v 4.158904 7.464958 0.636803
v 4.536342 7.372879 0.701379
v 4.893198 7.264051 0.778294
v 5.243236 7.121421 0.905217
v 0.960619 13.736096 2.990518
v 1.024713 13.588800 2.833898
v 1.129268 13.401534 2.716969
v 0.958384 13.210661 2.839316
v 1.085753 13.014595 2.759177
v 1.522867 0.493645 3.249760
v 1.441155 0.320004 3.113472
v 1.585563 0.283576 3.425118
v 1.674805 -0.061359 3.284016
v 1.936313 -0.106819 3.258848
v 2.230237 -0.118953 3.209320
v 2.543694 -0.140998 3.145968
v 2.840514 -0.142131 3.067718
v 3.086278 -0.121437 2.981473
v 1.995290 0.048823 3.440601
v 2.289558 0.010494 3.443752
v 2.598292 0.013322 3.330741
v 2.901003 -0.014661 3.272343
v 3.164416 2.377972 0.513051
v 2.932428 2.329942 0.293467
v 2.869586 1.946553 0.331066
v 2.690136 2.269560 0.163136
v 2.683955 1.939800 0.205271
v 2.624807 1.629978 0.165173
v 2.472538 1.915465 0.145454
v 2.455873 1.639294 0.081482
v 2.451219 1.398968 -0.096979
v 2.263199 1.874243 0.096469
v 2.272608 1.642375 0.023852
v 2.275074 1.420773 -0.169372
v 2.278472 1.210582 -0.356488
v 2.057559 1.808158 0.095079
v 2.074351 1.596005 0.000978
v 2.079319 1.384723 -0.178686
v 2.083097 1.185830 -0.372243
v 2.098560 0.970322 -0.481143
v 1.876948 1.737926 0.158142
v 1.880855 1.541935 0.008893
v 1.866045 1.326231 -0.160750
v 0.593206 4.780763 3.546157
v 0.966206 4.849562 3.419037
v 0.413931 11.303200 5.981128
v 0.410621 10.949037 5.717352
v 0.791862 10.961984 5.686369
v 0.747600 10.795210 5.417232
v 1.069488 10.902021 5.355575
v 0.342837 7.042362 3.078152
v 0.653276 7.665843 2.862087
v 0.944417 7.705453 2.733903
v 0.961046 8.189885 2.624875
v 1.206611 8.167322 2.352685
v 0.975931 8.613486 2.547221
v 1.222559 8.569101 2.281645
v 1.244482 8.926862 2.235271
v 1.680844 6.872675 -6.647886
v 2.515155 2.897136 -4.367515
v 2.534912 3.411480 -4.480376
v 2.502925 3.959426 -4.630043
v 2.421051 4.539394 -4.798168
v 2.309379 5.125871 -4.967131
v 2.245724 5.685197 -5.134526
v 2.211650 6.171835 -5.329663
v 2.153483 6.555840 -5.580324
v 2.503358 3.008669 -3.842002
v 2.524886 3.572701 -3.963430
v 2.478843 4.154140 -4.135153
v 2.376328 4.753180 -4.335776
v 2.269806 5.350236 -4.556495
v 2.401054 3.161879 -3.270642
v 2.404758 3.778930 -3.405294
v 1.231557 13.791615 2.796373
v 1.401676 13.028252 2.642807
v 1.261830 13.205623 2.656979
v 1.475530 12.747978 2.753623
v 1.268402 12.862070 2.754157
v 1.433371 12.595017 2.913530
v 1.364119 12.390401 3.333159
v 1.394712 12.473322 3.114482
v 1.130947 12.471997 3.346911
v 1.131410 12.550260 3.102540
v 0.942819 12.608564 3.410402
v 0.780958 12.778016 3.483775
v 0.690390 12.999010 3.562499
v 4.785853 7.989584 0.869929
v 5.175991 7.830623 0.932376
v 5.151805 7.764690 0.800775
v 5.512600 7.573673 0.910344
v 5.852232 7.381017 1.030397
v 5.449354 7.462962 0.836353
v 5.796801 7.275599 0.935561
v 5.730506 7.159032 0.884249
v 0.868796 8.007635 -4.787425
v 0.848578 8.110785 -5.386610
v 0.793117 8.109160 -5.924586
v 0.698619 8.013177 -6.394320
v 0.580205 7.852152 -6.790576
v 0.463930 7.668958 -7.107620
v 0.383000 7.485540 -7.340016
v 0.383943 7.326105 -7.497541
v 0.423433 7.177227 -7.571806
v 0.475627 7.049411 -7.627849
v 0.527372 6.918720 -7.669283
v 0.418336 4.030897 -1.813704
v 0.413218 4.557036 -1.859981
v 0.398894 5.280822 -2.020998
v 0.385485 6.053801 -2.354677
v 0.387713 6.781685 -2.867570
v 0.405945 7.380978 -3.502041
v 0.431523 7.832681 -4.145738
v 0.441730 8.088367 -4.784861
v 0.433616 8.186922 -5.375611
v 0.405556 8.175517 -5.904222
v 0.357411 8.073410 -6.368263
v 0.297600 7.909629 -6.770139
v 0.238482 7.712723 -7.107988
v 0.194480 7.489202 -7.357605
v 0.186387 7.296936 -7.527746
v 0.204488 7.150020 -7.631548
v 0.231178 7.015792 -7.703443
v 0.253111 6.875698 -7.713444
v 0.276004 6.732471 -7.723601
v 0.300772 6.578012 -7.734586
v 0.313879 6.412672 -7.656172
v 0.325677 6.242653 -7.535011
v 0.402832 3.649627 -1.785013
v 0.377734 3.407640 -1.670738
v 0.339363 3.250804 -1.555826
v 0.311885 3.187701 -1.400197
v 0.288012 3.230679 -1.238042
v 0.301298 3.534888 -1.116001
v 0.854540 7.745875 -4.150597
v 0.811589 7.297239 -3.518914
v 0.782329 6.702960 -2.909010
v 0.785972 5.991396 -2.413632
v 0.815485 5.232841 -2.087461
v 0.840966 4.523375 -1.933479
v 0.845499 3.970653 -1.870012
v 0.819379 3.581391 -1.812841
v 0.761867 3.321132 -1.694664
v 0.682706 3.162607 -1.551099
v 0.613149 3.099470 -1.396573
v 0.560457 3.118669 -1.198212
v 0.664850 7.605354 -7.136264
v 0.831936 7.755875 -6.830219
v 1.002551 7.900987 -6.436769
v 1.143944 7.990678 -5.963582
v 1.232957 7.990541 -5.420853
v 1.270365 7.872996 -4.822899
v 1.262565 7.601366 -4.193355
v 1.216357 7.146870 -3.583138
v 1.192682 6.555440 -3.013198
v 1.213308 5.860303 -2.554835
v 1.266577 5.127625 -2.239835
v 1.303801 4.424419 -2.075136
v 1.288620 3.842683 -1.994009
v 1.230808 3.422248 -1.918345
v 1.121291 3.135119 -1.762371
v 1.003735 2.984796 -1.568834
v 0.886034 2.910679 -1.396930
v 1.176015 6.455379 -7.151689
v 1.199640 6.614977 -7.216586
v 1.473868 6.848466 -6.994503
v 1.215621 6.771868 -7.288271
v 1.173704 6.937611 -7.312579
v 1.107271 7.079381 -7.304662
v 1.037692 7.223180 -7.298167
v 0.593672 7.372077 -7.397210
v 0.670956 7.247408 -7.461693
v 0.749264 7.121999 -7.509364
v 0.816192 6.988331 -7.532754
v 0.872697 6.841427 -7.530703
v 0.908144 6.689797 -7.490149
v 0.943244 6.527984 -7.443599
v 0.951290 6.371393 -7.345400
v 0.934470 6.256341 -7.171122
v 0.571218 6.769849 -7.669885
v 0.600714 6.620531 -7.632313
v 0.635849 6.457232 -7.589987
v 0.651797 6.284060 -7.479280
v 0.654910 6.155006 -7.268274
v 0.678394 6.042928 -7.027645
v 0.337468 6.064375 -7.346709
v 0.342287 5.992080 -7.067299
v 0.358633 5.902749 -6.797725
v 1.324399 16.067551 0.350251
v 1.806189 16.000185 -0.097254
v 1.661038 16.168520 0.054104
v 1.563080 16.291172 0.263714
v 0.261571 12.538933 6.465736
v 0.292265 12.808001 6.333341
v 0.558487 12.711861 6.277891
v 0.283772 13.012241 6.092076
v 0.554289 12.948738 6.049105
v 0.800266 12.836847 5.971735
v 0.249968 13.087048 5.776678
v 0.484298 13.036620 5.738534
v 0.697463 12.964833 5.679961
v 0.826780 12.794021 5.561623
v 0.222148 13.204770 5.506258
v 0.429760 13.149675 5.469312
v 0.623388 13.091856 5.421082
v 0.775895 12.980117 5.329225
v 0.948016 12.872786 5.198390
v 0.214556 13.397211 5.273846
v 0.419023 13.354518 5.246901
v 0.608473 13.302838 5.215274
v 0.800142 13.251696 5.166605
v 0.236861 13.664113 5.072058
v 0.459660 13.641171 5.071442
v 0.299461 12.114543 6.405473
v 0.674809 12.232467 6.210324
v 0.897316 12.397719 5.943347
v 1.685613 7.850401 1.603327
v 1.725710 7.761843 1.175557
v 1.692734 7.452109 1.235347
v 1.732647 7.722281 0.766437
v 1.727589 7.414019 0.749788
v 1.775157 7.003458 0.751309
v 1.864023 8.010954 1.509837
v 2.084726 7.937428 1.124276
v 1.873170 7.917610 1.147630
v 2.065529 7.923481 0.797231
v 1.853429 7.898803 0.788117
v 1.431890 4.093885 -0.788451
v 2.598444 7.770200 1.054341
v 2.926651 7.643785 1.027917
v 3.298852 7.517884 1.022570
v 3.685567 7.436914 1.038933
v 2.984106 7.762662 1.268890
v 3.338310 7.659577 1.233903
v 3.702589 7.531634 1.246936
v 3.062762 7.971165 1.399296
v 3.401430 7.848618 1.375242
v 3.755649 7.715485 1.370365
v 3.476448 8.065890 1.399707
v 3.828277 7.929433 1.389249
v 3.552044 8.274500 1.373135
v 4.073809 8.430941 0.901085
v 3.679035 8.588216 1.199333
v 3.706836 8.648116 1.043941
v 3.705851 8.636297 0.876750
v 3.317723 8.769808 1.212510
v 3.336780 8.845668 1.045309
v 3.325922 8.837297 0.862027
v 2.958454 9.047720 1.070603
v 2.932512 9.033760 0.860954
v 2.549678 9.195286 1.139245
v 2.516368 9.192998 0.886138
v 2.092936 9.314819 0.929237
v 1.695750 9.388948 0.988111
v 2.859078 1.351644 1.203915
v 2.729992 1.081169 1.086321
v 3.191712 1.736555 1.213184
v 2.937394 1.424801 1.004539
v 2.785143 1.140973 0.878570
v 2.772062 0.882037 0.810694
v 3.405889 2.318043 1.156983
v 3.216612 1.828656 0.958203
v 2.990173 1.469657 0.787589
v 2.793328 1.190665 0.657173
v 2.763053 0.926946 0.562609
v 2.773232 0.700986 0.485247
v 3.328328 2.381834 0.816652
v 3.163570 1.897040 0.705472
v 2.951987 1.521492 0.574538
v 2.805027 1.228345 0.445704
v 2.768114 0.974098 0.333815
v 2.758210 0.756995 0.242132
v 2.706420 0.573165 0.183146
v 2.742899 1.025226 0.130469
v 2.720400 0.813559 0.031275
v 2.630093 0.641850 -0.014706
v 2.557323 0.482727 -0.052466
v 0.302840 5.240116 3.519526
v 1.997468 10.466403 2.170856
v 1.623927 10.307624 1.769396
v 1.319983 10.190633 1.662372
v 2.304414 8.057535 0.505094
v 2.672994 8.170589 0.310254
v 2.311626 8.259158 0.299707
v 1.978721 8.298999 0.305364
v 2.738910 8.423665 0.278862
v 2.342966 8.520577 0.225664
v 1.939676 8.578037 0.225563
v 3.208633 8.490490 0.385330
v 2.804993 8.656962 0.335019
v 2.387068 8.784942 0.296995
v 3.651388 8.465875 0.559408
v 3.266226 8.668172 0.503000
v 3.686389 8.573850 0.710925
v 1.238851 9.274113 0.542491
v 1.132346 9.124339 0.301997
v 0.947585 8.852455 0.148081
v 0.516523 7.695728 -0.189184
v 1.093359 10.068616 1.213479
v 0.976880 9.894407 1.184332
v 0.986390 10.108752 0.894809
v 0.924320 9.902108 0.876063
v 0.924033 9.704804 0.862189
v 1.087890 9.541268 0.820011
v 0.913174 10.119143 0.612024
v 0.815028 9.898059 0.620415
v 0.751884 10.147089 0.379365
v 2.034872 0.708002 -0.449351
v 2.163631 0.622993 -0.442804
v 1.833024 0.745489 -0.290654
v 1.945579 0.576843 -0.325914
v 2.080247 0.466018 -0.337958
v 2.224117 0.430168 -0.307022
v 2.354285 0.401393 -0.281560
v 1.761334 0.602163 -0.111199
v 1.874068 0.430378 -0.160545
v 2.031285 0.342749 -0.152793
v 1.708218 0.701553 0.218080
v 1.754809 0.469293 0.129513
v 1.699751 0.839508 0.567475
v 0.842628 3.166631 -1.111122
v 0.829027 2.987735 -1.258967
v 0.743467 3.902371 -1.066142
v 0.316139 14.273607 4.587220
v 0.755178 14.701952 4.090764
v 0.675406 14.497737 4.352769
v 0.596531 14.236772 4.597169
v 1.122284 14.808376 3.867410
v 1.021823 14.642529 4.130632
v 0.922288 14.443480 4.378216
v 0.823255 14.185620 4.597829
v 1.474555 14.813142 3.626126
v 1.337145 14.699056 3.902182
v 1.214474 14.549944 4.148393
v 1.100767 14.358440 4.366360
v 0.998552 14.128119 4.582999
v 1.710480 14.668223 3.321603
v 1.600720 14.648124 3.638812
v 1.468583 14.571331 3.911923
v 1.337693 14.452839 4.144625
v 1.233719 14.270666 4.342985
v 1.124530 14.053577 4.529588
v 1.892251 14.421378 3.020960
v 1.821092 14.473620 3.350889
v 1.658509 14.460121 3.628500
v 1.499820 14.419745 3.868689
v 1.330772 14.339699 4.055641
v 1.281028 14.173364 4.259982
v 1.191039 13.974516 4.438399
v 1.571027 14.329145 3.553670
v 1.420908 14.302124 3.768016
v 1.313759 14.218210 3.960837
v 1.245911 14.086279 4.147267
v 1.166344 13.905031 4.315936
v 1.195664 14.120971 3.840670
v 1.102435 14.018017 4.013914
v 1.043692 13.845948 4.158268
v 0.897890 13.779647 3.998858
v 1.237753 10.753944 2.522807
v 1.718680 10.938270 2.996948
v 1.820121 11.584483 3.658005
v 1.888385 11.275309 3.615239
v 1.409771 11.740989 4.208317
v 1.674646 11.563300 4.177122
v 1.732973 11.308007 4.129800
v 1.553737 11.522983 4.580925
v 2.077526 6.835548 -5.899809
v 1.943334 7.004219 -6.274384
v 1.690079 7.054008 -6.634656
v 1.448214 7.020265 -7.003001
v 2.217754 5.914271 -4.793267
v 2.190933 6.405252 -5.064488
v 2.144411 6.789486 -5.390004
v 2.074795 7.059929 -5.780914
v 1.932451 7.210270 -6.216131
v 1.675465 7.233683 -6.626281
v 1.398318 7.175190 -6.999491
v 2.347866 4.406384 -3.583129
v 2.254204 5.040755 -3.807835
v 2.151987 5.655532 -4.082355
v 2.119808 6.225873 -4.398742
v 2.083997 6.705710 -4.769011
v 2.061369 7.074165 -5.189565
v 2.008983 7.321921 -5.659870
v 1.850363 7.437111 -6.150541
v 1.615604 7.427244 -6.606596
v 1.339749 7.339627 -7.001634
v 2.144013 3.377192 -2.696525
v 2.163888 4.019194 -2.841912
v 2.103092 4.688854 -3.024041
v 2.004600 5.357929 -3.279419
v 1.943336 6.002420 -3.608597
v 1.905614 6.579411 -4.020787
v 1.906170 7.047341 -4.496415
v 1.908810 7.388967 -5.012901
v 1.837459 7.589352 -5.554836
v 1.682432 7.642245 -6.077938
v 1.466660 7.598107 -6.552237
v 1.210668 7.493154 -6.954293
v 0.938485 7.360991 -7.261612
v 1.630755 7.671098 -4.892371
v 1.571539 7.819606 -5.476339
v 1.448381 7.838737 -6.017128
v 1.260781 7.757708 -6.491686
v 1.041725 7.631065 -6.891037
v 0.813006 7.487622 -7.200929
v 3.176412 11.359456 2.731039
v 3.187640 11.377106 1.952859
v 3.042971 11.391738 1.191493
v 2.702802 11.518433 0.483462
v 3.168619 11.816735 1.248317
v 2.921722 12.049641 0.650325
v 2.633250 12.443336 0.211498
v 2.979525 12.516189 0.946214
v 2.707805 12.884338 0.636031
v 2.385839 13.607205 1.004747
v 2.950404 11.312730 3.537361
v 3.035292 11.489573 3.563653
v 3.281738 11.577055 2.755700
v 3.278331 11.691362 1.971434
v 3.037038 11.680390 3.601749
v 3.304179 11.810427 2.832189
v 3.311840 11.991493 2.079144
v 3.203981 12.214495 1.428359
v 3.003699 11.847280 3.650492
v 3.312509 12.018595 2.949864
v 3.302409 12.265252 2.259829
v 3.130760 12.535224 1.713844
v 2.881744 12.835701 1.344689
v 2.627427 13.187440 1.125432
v 3.165057 12.213551 3.075457
v 3.182374 12.484553 2.490431
v 3.013448 12.763933 2.047589
v 2.741958 13.017632 1.767380
v 2.508885 13.370487 1.625579
v 2.323088 13.791637 1.556638
v 2.987182 12.346822 3.188470
v 2.984818 12.594878 2.702613
v 2.854617 12.879253 2.371144
v 2.631199 13.132588 2.165476
v 2.431734 13.466718 2.086171
v 2.279078 13.860926 2.085525
v 2.771907 12.426091 3.269978
v 2.759148 12.631518 2.870051
v 2.674974 12.911746 2.629182
v 2.513717 13.173284 2.494070
v 2.373146 13.490292 2.466516
v 2.536459 12.468315 3.316197
v 2.541321 12.636189 2.991652
v 2.478358 12.905633 2.805381
v 2.370769 13.163302 2.692454
v 2.275208 12.489095 3.314555
v 2.286528 12.617549 3.030720
v 2.254953 12.875470 2.890342
v 2.012591 12.600394 3.001434
v 2.005988 12.799229 2.824424
v 1.719585 12.563290 2.937744
v 2.495390 10.866978 3.304101
v 0.442705 11.990725 2.313704
v 0.439109 12.044851 2.734689
v 0.531976 11.904105 1.957099
v 0.635400 11.768377 1.646667
v 0.727892 11.531084 1.383169
v 0.950938 11.895862 2.231407
v 1.157695 11.768410 2.012031
v 1.340023 11.542542 1.804274
v 1.329218 11.193623 1.788688
v 1.172944 10.926728 1.924806
v 0.959000 10.778495 2.126277
v 1.181980 11.907092 2.663300
v 1.484331 11.776122 2.536435
v 1.731900 11.537432 2.410436
v 1.744467 11.208407 2.371883
v 1.547413 10.930005 2.427372
v 1.259819 11.940764 3.171152
v 1.599931 11.791896 3.120044
v 1.854663 11.554938 3.060478
v 1.197213 11.916292 3.696643
v 1.553654 11.784603 3.686754
v 0.443170 12.077561 3.198419
v 0.428706 12.053437 3.662543
v 0.420129 12.003865 4.088492
v 0.471773 11.928653 4.465186
v 1.884058 14.586811 2.076497
v 1.502143 14.780201 1.647804
v 1.768839 14.583328 1.620142
v 2.325148 7.895099 1.089162
v 2.112801 7.999772 1.464106
v 2.371201 7.965114 1.383101
v 2.658000 7.865731 1.332957
v 1.841438 8.242220 1.781191
v 2.160222 8.216632 1.713977
v 2.464510 8.174664 1.606754
v 2.746742 8.084594 1.478865
v 2.506379 8.428266 1.643300
v 2.817358 8.326880 1.514106
v 3.139490 8.200373 1.438062
v 3.209759 8.423952 1.409291
v 1.961138 14.389194 0.796733
v 1.963135 14.245560 0.470381
v 2.101864 14.732996 0.685587
v 2.308449 15.062664 0.576476
v 2.329720 11.902618 -0.077765
v 2.402395 13.332475 0.487440
v 2.288022 12.977222 0.017316
v 2.136414 14.022931 0.916742
v 2.117665 13.799389 0.465121
v 3.218999 0.524501 3.157827
v 3.275584 0.659387 2.939134
v 3.295685 0.759412 2.650474
v 3.245498 0.804712 2.316399
v 3.147689 0.807698 1.951733
v 2.970441 0.791148 1.643440
v 3.081350 0.576441 1.618288
v 2.988222 0.189830 1.636882
v 3.075144 0.360922 1.617662
v 2.650022 0.027579 2.058865
v 2.895448 0.047679 1.995183
v 3.093115 0.138659 1.946872
v 3.237730 0.297957 1.912995
v 2.124949 -0.094622 2.438594
v 2.417737 -0.091275 2.400602
v 2.705215 -0.071693 2.343597
v 2.965208 -0.037606 2.280681
v 3.193059 0.043228 2.231712
v 1.626587 -0.075019 2.765445
v 1.866206 -0.148872 2.744768
v 2.148513 -0.155213 2.715578
v 2.452316 -0.162164 2.667688
v 2.747554 -0.151805 2.601168
v 3.013994 -0.122341 2.536548
v 3.247299 -0.046032 2.498711
v 1.502618 0.078339 3.022431
v 1.622963 -0.095211 3.033797
v 1.891323 -0.156948 3.009977
v 2.180764 -0.190399 2.971148
v 2.493298 -0.177292 2.913148
v 2.787776 -0.177927 2.840955
v 3.039195 -0.141288 2.771463
v 3.255627 -0.083091 2.732641
v 3.174802 -0.023835 3.165720
v 2.641108 0.240752 3.453462
v 2.931614 0.213847 3.358598
v 3.187643 0.213037 3.255017
v 3.251019 0.554504 1.927225
v 3.344058 0.234921 2.227652
v 3.407526 0.518266 2.242096
v 3.406854 0.156091 2.513371
v 3.447548 0.451980 2.569546
v 3.410464 0.089498 2.771228
v 3.449234 0.361209 2.852062
v 3.350774 0.036222 2.993870
v 3.355630 0.283236 3.086454
v 2.149401 1.259260 1.345543
v 1.999100 1.236471 1.220985
v 1.819570 1.123666 1.140155
v 2.117570 1.054811 1.424679
v 1.945728 0.995242 1.375832
v 1.812994 0.902823 1.322408
v 1.865635 0.917842 1.666711
v 1.732074 0.805013 1.619193
v 1.799194 0.890853 2.013507
v 1.665099 0.750984 1.970464
v 1.574315 0.734345 2.338139
v 1.496079 0.708403 2.687671
v 1.970344 14.037819 2.811718
v 1.959536 13.644796 2.745020
v 1.838338 13.885620 2.829974
v 1.743709 13.530614 2.629244
v 1.612402 13.769434 2.706836
v 1.619134 13.163278 2.601921
v 1.487852 13.380352 2.597276
v 1.359532 13.594421 2.680638
v 2.329834 0.328531 -0.101363
v 2.466012 0.345878 -0.086457
v 2.022483 0.275730 0.095920
v 2.181440 0.237105 0.103745
v 2.340503 0.258472 0.117779
v 2.506261 0.285435 0.118072
v 1.753589 0.366983 0.419824
v 1.872351 0.241019 0.392256
v 2.022510 0.206155 0.390766
v 2.191039 0.191808 0.391366
v 2.366938 0.195450 0.386333
v 2.527527 0.259071 0.385689
v 2.675864 0.367669 0.392932
v 1.699852 0.712474 0.859365
v 1.692207 0.479421 0.795945
v 1.741085 0.293226 0.757906
v 1.874614 0.196741 0.739989
v 2.034149 0.154983 0.731236
v 2.217077 0.151890 0.722708
v 2.407420 0.158684 0.707606
v 2.590269 0.181946 0.690229
v 2.743275 0.302387 0.689055
v 2.253229 0.123922 1.079872
v 2.458953 0.132598 1.055335
v 2.650862 0.155071 1.026780
v 2.780156 0.284221 1.016501
v 2.862930 0.427904 1.018566
v 1.671187 1.134175 0.656139
v 1.643396 1.234440 0.428343
v 1.652347 1.337979 0.243889
v 1.748011 1.440970 0.110044
v 1.690265 0.958757 0.320713
v 1.667273 1.075936 0.119752
v 1.766749 1.201418 -0.032587
v 1.781231 0.965193 -0.180704
v 1.879539 1.102351 -0.326100
v 1.952135 0.878199 -0.404364
v 0.401598 10.666156 -0.179335
v 0.622801 12.784048 -0.786088
v 0.547062 13.799726 -0.480700
v 0.416931 5.651742 -6.416655
v 0.867688 5.572753 -6.287337
v 0.811702 5.723401 -6.410397
v 1.301513 5.451467 -6.137301
v 1.225618 5.692157 -6.218973
v 1.160743 5.861767 -6.357597
v 1.089852 5.996531 -6.522921
v 1.762293 4.737464 -6.054368
v 1.694779 5.206110 -6.021446
v 1.604222 5.565574 -6.030337
v 1.525031 5.837381 -6.128789
v 1.446986 6.041063 -6.273652
v 1.352223 6.196748 -6.446255
v 2.070654 4.212698 -5.853369
v 2.019924 4.795043 -5.869400
v 1.932918 5.301490 -5.864751
v 1.849062 5.698153 -5.913502
v 1.762677 6.005973 -6.012797
v 1.678020 6.239308 -6.181334
v 1.569614 6.404678 -6.385536
v 1.473986 6.481930 -6.645856
v 2.321732 3.710341 -5.467759
v 2.266284 4.284401 -5.546272
v 2.183778 4.869414 -5.606905
v 2.119284 5.404161 -5.679461
v 2.023035 5.840945 -5.742680
v 1.935678 6.188173 -5.883992
v 1.874739 6.433849 -6.101874
v 1.732598 6.616256 -6.335374
v 1.589794 6.689459 -6.634890
v 2.481613 3.287424 -4.952827
v 2.469455 3.814937 -5.075618
v 2.386869 4.389290 -5.198427
v 2.298682 4.974487 -5.318378
v 2.199976 5.524388 -5.419221
v 2.159659 5.991150 -5.555620
v 2.069823 6.364154 -5.737107
v 2.003931 6.632332 -6.002730
v 1.872865 6.805746 -6.314633
v 0.450165 5.504997 -6.282527
v 0.980408 5.073283 -6.168248
v 0.925571 5.365783 -6.195270
v 1.467991 4.153668 -6.276258
v 1.438466 4.697209 -6.205953
v 1.374032 5.127731 -6.129354
v 1.823781 3.075927 -6.003808
v 1.817788 3.594925 -6.076982
v 1.808853 4.172281 -6.095602
v 2.074497 2.360378 -5.495898
v 2.112686 2.700850 -5.620986
v 2.116577 3.126859 -5.723758
v 2.104160 3.637145 -5.807871
v 2.253163 2.379956 -5.177090
v 2.323616 2.754349 -5.267906
v 2.339798 3.196086 -5.370246
v 2.457480 2.813476 -4.847056
v 1.649609 2.426399 -1.992046
v 1.325177 1.973833 -1.710059
v 1.351619 2.330875 -1.649071
v 1.249093 2.686630 -1.601085
v 0.961850 1.807386 -1.336575
v 1.068704 2.049562 -1.343690
v 1.156458 2.328784 -1.328292
v 1.061529 2.636652 -1.378302
v 0.654513 1.837924 -0.934420
v 0.829266 1.952403 -0.966210
v 0.940564 2.147613 -1.026235
v 0.478091 1.952380 -0.425721
v 0.656191 2.006683 -0.551085
v 0.484449 5.306845 -6.218106
v 0.516342 5.030178 -6.186632
v 0.536361 4.636787 -6.281709
v 1.024284 4.658928 -6.260445
v 0.546624 4.143432 -6.387607
v 1.042847 4.145635 -6.364412
v 0.546641 3.580916 -6.413439
v 1.045920 3.576997 -6.389956
v 1.480959 3.575746 -6.289370
v 0.552501 3.017469 -6.385163
v 1.047603 3.025648 -6.353065
v 1.475351 3.041756 -6.217824
v 0.563433 2.510253 -6.257297
v 1.058895 2.536067 -6.218074
v 1.488067 2.575101 -6.102179
v 1.836202 2.636577 -5.897008
v 0.577277 2.082627 -6.048375
v 1.077868 2.118840 -6.003823
v 1.501222 2.181882 -5.906170
v 1.831894 2.277377 -5.730727
v 0.588733 1.737460 -5.760954
v 1.097545 1.779358 -5.718650
v 1.518751 1.867548 -5.634567
v 1.834418 2.004843 -5.507610
v 0.597363 1.473734 -5.401214
v 1.119227 1.517993 -5.366741
v 1.558662 1.621623 -5.302517
v 1.895585 1.808569 -5.212161
v 0.605662 1.267968 -5.005150
v 1.141861 1.325821 -4.965814
v 1.605525 1.449063 -4.906143
v 1.964511 1.675798 -4.832580
v 0.605021 1.124214 -4.578780
v 1.148552 1.198477 -4.526816
v 1.617795 1.345917 -4.456392
v 0.585114 1.053449 -4.118797
v 1.120869 1.138480 -4.052742
v 1.584432 1.302249 -3.968438
v 0.548295 1.051868 -3.623654
v 1.054524 1.141799 -3.548210
v 0.490998 1.096480 -3.091093
v 0.947480 1.180190 -3.013493
v 0.415562 1.187998 -2.526570
v 0.804582 1.265947 -2.460039
v 0.338793 1.315784 -1.951455
v 0.274600 1.500515 -1.398721
v 2.864178 0.812069 1.346180
v 2.942724 0.590037 1.329297
v 2.801472 0.838545 1.070299
v 2.868687 0.613769 1.037891
v 2.817652 0.658153 0.754721
v 2.828531 0.450465 0.709303
v 2.799369 0.493022 0.409329
v 2.630108 0.415408 0.142109
v 0.384237 5.797662 -6.569886
v 0.751482 5.868343 -6.560904
v 0.707945 5.964951 -6.772834
v 1.026208 6.094837 -6.720458
v 0.974369 6.169787 -6.958379
v 1.268678 6.289001 -6.666597
v 1.206722 6.317435 -6.911775
v 1.346226 6.493011 -6.913487
v 1.426186 6.675961 -6.946537
v 1.476056 0.652772 3.005036
v 1.682697 0.872221 2.747612
v 1.754020 0.856639 2.391562
v 1.959191 0.990902 2.423395
v 2.003799 0.963191 2.049743
v 2.248832 0.996866 2.072942
v 2.057861 0.965534 1.706341
v 2.269282 0.992420 1.730911
v 2.498372 1.005779 1.732773
v 2.300626 1.081684 1.443074
v 2.471122 1.059466 1.447216
v 2.336163 1.310236 1.400523
v 2.372910 2.385612 -4.778327
v 2.431994 2.411362 -4.314049
v 2.415092 2.467425 -3.790492
v 2.315416 2.557908 -3.193711
v 2.119502 2.063303 -5.146658
v 2.219481 1.995503 -4.780292
v 1.991687 1.602610 -4.381945
v 2.263085 1.967668 -4.327319
v 1.962409 1.572687 -3.884001
v 2.239823 1.971289 -3.817858
v 1.493475 1.309749 -3.451682
v 1.864843 1.578450 -3.350065
v 2.148507 1.994491 -3.253022
v 1.347974 1.339159 -2.913488
v 1.683652 1.601721 -2.802936
v 1.934844 2.013920 -2.671005
v 1.150275 1.403530 -2.370229
v 1.432336 1.636165 -2.272649
v 0.657007 1.388169 -1.907595
v 0.939416 1.511337 -1.847393
v 0.535792 1.546157 -1.379156
v 0.241949 1.703405 -0.864332
v 0.807578 2.080853 -0.650002
v 0.863137 2.271240 -0.769480
v 0.918385 2.475363 -0.892988
v 1.011394 2.396023 -1.082914
v 0.901186 2.772541 -1.006664
v 0.957783 2.684683 -1.175253
v 1.408756 2.817081 -0.697793
v 1.282976 2.550747 -0.533793
v 1.528513 2.483291 -0.355693
v 1.739687 2.370842 -0.159819
v 1.176045 2.351966 -0.374639
v 1.373132 2.317423 -0.205550
v 1.554199 2.231886 -0.043837
v 1.708669 2.099752 0.097206
v 1.046371 2.249400 -0.191336
v 1.223338 2.205824 -0.036285
v 1.389520 2.134151 0.099853
v 1.536907 2.006400 0.212376
v 1.643785 1.843060 0.246017
v 0.909047 2.187700 -0.008024
v 1.083358 2.136788 0.158833
v 1.252273 2.083330 0.290320
v 0.768965 2.224942 0.243823
v 1.716151 1.657229 0.216752
v 1.398501 1.940154 0.361066
v 1.534047 1.776292 0.388758
v 0.964810 2.166313 0.410551
v 1.146078 2.066464 0.517814
v 1.320555 1.926554 0.572794
v 1.462735 1.730139 0.570313
v 0.643899 2.248896 0.616371
v 0.874287 2.190589 0.736317
v 1.074992 2.067155 0.806368
v 1.271662 1.906870 0.816588
v 1.434699 1.689074 0.782897
v 0.853318 2.286875 1.141948
v 1.077911 2.112991 1.147446
v 1.285798 1.912257 1.108063
v 1.380578 1.945576 1.428251
v 0.366328 14.546431 4.332246
v 0.419492 14.766986 4.074351
v 0.460960 14.927767 3.797800
v 0.835357 14.865697 3.819521
v 0.488929 15.043270 3.503071
v 0.896299 14.999725 3.525960
v 1.216707 14.926598 3.568923
v 0.940625 15.084373 3.192262
v 1.293841 15.004443 3.232319
v 1.544992 14.841343 3.278311
v 0.970402 15.120421 2.821150
v 1.341219 15.007203 2.852868
v 1.630361 14.863202 2.904927
v 1.833915 14.663576 2.973820
v 0.976534 15.118435 2.417593
v 1.353649 14.997231 2.441216
v 1.658395 14.833932 2.486541
v 1.903419 14.612929 2.545242
v 0.942173 15.072383 2.005378
v 1.309950 14.964972 2.017425
v 1.612437 14.802424 2.048646
v 0.899584 15.034114 1.602046
v 1.236090 14.934441 1.606135
v 2.230596 13.134497 2.809204
v 2.265652 13.456593 2.679397
v 2.250806 13.851188 2.500636
v 2.127782 13.759066 2.709141
v 2.097509 13.384876 2.713701
v 1.963689 13.031466 2.697643
v 1.864913 13.281708 2.628104
v 1.732225 12.750131 2.780065
v 1.714793 12.950860 2.660243
v 1.857487 14.223808 3.055923
v 1.571633 14.197505 3.221570
v 1.426599 14.226287 3.442959
v 1.348409 14.088730 3.080441
v 1.219287 14.148185 3.300438
v 1.103029 14.121975 3.507291
v 1.010252 14.038892 3.694543
v 1.047273 13.977448 3.191612
v 0.937814 13.958256 3.363326
v 0.836263 13.896170 3.530555
v 0.777074 13.793625 3.699482
v 0.749347 13.677967 3.854332
v 1.140963 13.913794 2.999186
v 1.720497 14.091289 2.997658
v 1.477803 13.962652 2.871699
v 0.320495 3.819177 3.607517
v 1.520473 0.144508 3.235423
v 1.762728 0.102171 3.465292
v 2.037636 0.243734 3.549773
v 2.320197 0.248716 3.496645
v 0.986630 13.196646 5.089383
v 1.068800 13.137960 4.885182
v 1.128651 13.143527 4.654857
v 0.660142 13.596232 5.044966
v 0.847822 13.553183 5.004089
v 0.992278 13.496468 4.902539
v 1.086382 13.444156 4.760170
v 1.077833 13.417424 4.574614
v 0.993080 13.401093 4.357239
v 0.273044 13.970849 4.844025
v 0.521425 13.940778 4.842950
v 0.732791 13.900436 4.833055
v 0.911836 13.865617 4.817231
v 1.026548 13.784045 4.707145
v 1.121317 13.723852 4.602115
v 1.102095 13.674483 4.452122
v 1.001768 13.636650 4.275786
v 0.866169 13.604346 4.104657
v 1.182695 12.695827 2.906159
v 0.933280 12.713245 3.153446
v 0.989970 12.855392 2.943835
v 0.775533 12.895313 3.222973
v 0.842703 13.041113 3.012113
v 0.675873 13.107780 3.312362
v 0.740125 13.244655 3.105949
v 0.853698 13.403677 2.940515
v 0.642243 13.236287 3.648819
v 0.643272 13.344034 3.424607
v 0.692246 13.463996 3.232598
v 0.815881 13.588208 3.087022
v 0.662385 13.475473 3.740749
v 0.675116 13.581141 3.551352
v 0.736889 13.684627 3.380589
v 0.826696 13.775304 3.231015
v 1.202569 12.497138 3.989772
v 1.279434 12.722928 4.328388
v 1.052796 12.684894 4.074239
v 1.248786 12.897096 4.685254
v 1.138186 12.920895 4.386717
v 0.928006 12.896023 4.137758
v 1.014684 13.147639 4.407852
v 0.857167 13.141876 4.161183
v 0.853960 13.386689 4.147727
v 1.623272 12.408128 4.054565
v 1.532238 12.339746 3.647458
v 1.629161 12.347777 3.407024
v 2.538166 11.290069 4.301961
v 2.630815 11.462815 4.302063
v 2.267927 11.682489 4.846698
v 2.638335 11.632743 4.299219
v 2.273028 11.834910 4.829315
v 2.628908 11.781093 4.301630
v 1.963237 12.087501 5.175940
v 2.282309 11.981071 4.807540
v 2.586540 11.913777 4.293246
v 2.943168 12.008663 3.707508
v 1.957634 12.251805 5.109354
v 2.230458 12.116576 4.733263
v 2.513649 12.050352 4.259282
v 2.803623 12.135265 3.725486
v 1.544523 12.473556 5.138207
v 1.848621 12.366222 4.926289
v 2.122611 12.226401 4.609234
v 2.400402 12.172111 4.199586
v 2.630092 12.231351 3.716677
v 1.466564 12.585250 4.890726
v 1.750123 12.466233 4.719446
v 2.000070 12.330363 4.452996
v 2.231418 12.252059 4.096776
v 2.427329 12.313470 3.697356
v 1.621917 12.529034 4.475768
v 1.834457 12.404963 4.258894
v 2.036888 12.343862 3.968997
v 2.186219 12.392901 3.642776
v 1.788881 12.333394 3.809384
v 1.921259 12.339405 3.521769
v 1.987014 12.459591 3.247184
v 1.684915 12.419956 3.158889
v 2.843022 10.899866 2.127825
v 2.626686 10.757200 1.477599
v 0.990083 3.554269 3.048907
v 1.580396 1.691684 1.297575
v 1.482588 1.681663 1.032275
v 1.655260 1.404730 0.949251
v 1.583360 1.436977 0.723411
v 1.562275 1.502763 0.518436
v 1.641623 1.573308 0.358103
v 2.168208 16.310658 0.447757
v 1.783039 14.107762 0.216749
v 1.511978 14.019062 -0.020192
v 1.648078 14.642634 0.136287
v 1.904676 15.098372 -0.009902
v 1.217945 15.614933 0.245144
v 1.610088 15.746302 -0.017221
v 1.438938 15.914599 0.142686
v 0.863715 15.096560 0.662208
v 0.855226 15.184786 0.932931
v 1.003715 15.513141 0.866859
v 1.887767 16.412231 0.532255
v 2.048287 16.306887 0.635590
v 2.184205 16.104597 0.677266
v 2.664737 1.847927 2.050374
v 2.610558 1.521067 1.689378
v 2.354029 1.521425 1.649462
v 2.473836 1.304065 1.395326
v 1.731667 5.631917 2.689938
v 1.957552 5.122759 2.724296
v 2.242969 5.279006 2.235831
v 2.320922 5.234399 1.582070
v 2.584006 4.639881 0.898421
v 0.340687 6.422526 3.241853
v 0.669252 6.491908 3.187851
v 0.984673 6.578058 3.098996
v 1.293888 11.642738 4.639920
v 0.482993 11.816444 4.813863
v 0.926321 11.737605 4.713227
v 0.304968 11.030688 5.172535
v 0.533032 11.113159 5.205729
v 0.414597 10.784220 5.234108
v 0.682383 10.871439 5.230860
v 0.954410 11.033846 5.213600
v 0.410630 10.749067 5.451140
v 0.458268 11.646836 5.077364
v 0.853912 11.551115 5.021892
v 0.407684 11.456340 5.233306
v 0.720923 11.325513 5.183979
v 0.311754 11.243690 5.237502
v 1.239792 15.132903 1.308071
v 1.503417 15.011442 1.329528
v 1.693607 14.799103 1.250053
v 1.338258 15.450031 1.212883
v 1.565288 15.287668 1.157496
v 1.762058 15.093746 1.052274
v 1.691890 15.583002 1.051849
v 1.889482 15.394909 0.946104
v 2.008841 15.673828 0.845107
v 1.316248 11.049417 5.220792
v 1.486855 11.261369 5.098022
v 1.102323 11.099743 5.577398
v 1.366466 11.207724 5.439291
v 0.788046 11.361906 5.903917
v 1.560694 11.377942 5.266428
v 1.112061 11.440032 5.779351
v 1.384112 11.519782 5.610934
v 1.609785 11.597051 5.397894
v 0.819517 11.737314 6.038661
v 1.121575 11.734784 5.892665
v 1.393089 11.763267 5.709649
v 1.636880 11.796446 5.471902
v 0.888164 12.108995 6.058423
v 1.132102 12.041546 5.900952
v 1.383553 12.012827 5.711489
v 1.127614 12.299543 5.833836
v 1.375291 12.238109 5.659059
v 1.052389 12.472139 5.627321
v 1.318449 12.414461 5.506166
v 1.255123 12.577606 5.289199
v 1.321855 16.179070 0.616614
v 1.591020 16.341024 0.499860
v 1.704313 16.352097 0.703948
v 1.860304 16.235737 0.822804
v 1.991090 16.017305 0.800858
v 1.115465 15.543712 1.156175
v 1.255215 15.889065 1.008083
v 1.477094 15.768032 1.097053
v 1.839086 15.840072 0.931966
v 0.448175 14.865719 0.304260
v 0.479319 14.521766 -0.083601
v 1.439614 11.359195 4.877780
v 0.717828 11.168034 1.373454
v 0.631174 10.912685 1.576159
v 0.524336 10.767910 1.879064
v 0.453714 10.672943 2.206363
v 0.458570 10.627104 2.568263
v 0.478677 10.589929 2.953763
v 0.474142 10.577286 3.360595
v 0.436680 10.600718 3.788599
v 0.387272 10.630642 4.212119
v 0.347200 10.741697 4.568834
v 0.321679 10.792687 4.856520
v 0.317124 10.669974 5.075466
v 0.333289 10.468955 5.066093
v 0.348798 10.310699 4.955132
v 0.361096 10.199657 4.726142
v 0.347391 10.140584 4.383402
v 1.310281 10.790613 3.986373
v 1.392514 11.088687 4.960278
v 1.511057 10.989068 4.923695
v 1.651167 10.857019 4.761291
v 1.790524 11.451959 5.083541
v 2.118065 11.350285 4.824078
v 1.882549 11.600283 5.173374
v 1.937728 11.757149 5.218180
v 1.637676 12.161256 5.427427
v 1.873275 14.569999 1.090863
v 1.965606 14.905609 0.916677
v 2.102238 15.225200 0.808529
v 2.219202 15.556357 0.725985
v 2.250994 15.853623 0.672740
v 1.369689 10.749286 2.999875
v 1.727687 10.967764 3.568177
v 1.658389 11.023970 4.089537
v 1.597700 11.314277 4.527931
v 1.522244 11.301603 4.804854
v 0.326130 2.523146 1.779690
v 2.302702 7.918071 0.781127
v 2.020088 8.099213 0.520848
v 1.802645 7.991007 0.470425
v 1.669937 8.191098 0.243697
v 1.672709 7.774483 0.399205
v 1.476760 7.911389 0.137282
v 1.377521 7.507662 0.016402
v 1.135916 8.125990 -0.009302
v 0.997181 7.607782 -0.145613
v 0.919061 7.024139 -0.237551
v 3.387184 2.909454 1.342150
v 3.370184 2.797328 1.746082
v 3.231617 2.644515 2.073238
v 2.955583 2.496962 2.261872
v 3.367592 2.206225 1.479449
v 3.235523 2.062236 1.764136
v 2.990464 1.939715 1.970858
v 3.067866 1.630284 1.445023
v 2.858855 1.565154 1.607007
v 2.672195 1.333868 1.323816
v 0.625611 5.318898 3.451318
v 0.664800 7.096650 3.020409
v 0.962573 7.170333 2.937874
v 1.233672 7.203330 2.690969
v 1.204605 7.713442 2.499772
v 5.780676 7.525376 1.493262
v 4.798940 8.047819 1.006862
v 5.178021 7.882280 1.089049
v 5.525420 7.694846 1.193118
v 5.841755 7.507458 1.324408
v 5.557785 7.655699 1.022075
v 5.899920 7.469639 1.143822
v 1.624282 7.441272 0.328058
v 1.641939 6.992441 0.242781
v 1.319565 6.992557 -0.075824
v 1.734972 5.904990 0.178041
v 1.522582 5.109454 -0.395414
v 5.129560 7.194816 1.492497
v 5.476836 7.141030 1.730869
v 5.537024 7.243941 1.790637
v 2.400745 3.623324 -0.157568
v 2.132638 3.309750 -0.432958
v 2.162740 2.741629 -0.252719
v 2.119144 2.339584 -0.045522
v 2.945515 3.387508 0.411466
v 3.122222 2.872747 0.486859
v 2.680460 3.183512 0.029644
v 2.869080 2.745792 0.190911
v 2.393371 2.957614 -0.160489
v 2.603242 2.611960 0.032606
v 2.342550 2.487606 -0.019205
v 2.446296 2.204695 0.105080
v 2.223178 2.111768 0.051292
v 2.006716 2.021584 0.092802
v 1.063253 3.059970 2.532273
v 0.793872 2.743586 2.180094
v 1.755597 1.718781 1.556443
v 2.106036 1.505103 1.526221
v 1.888994 1.455181 1.370755
v 1.737563 1.426710 1.173388
v 1.646056 3.852769 2.902612
v 0.429985 4.876417 -0.980350
v 0.581547 3.350974 -1.051569
v 0.367523 4.111979 -1.135315
v 0.280031 4.701595 3.605575
v 0.284028 4.234755 3.634843
v 1.649559 6.454085 0.226311
v 1.290929 6.403837 -0.139108
v 1.343499 5.773456 -0.263658
v 0.860856 6.383423 -0.321528
v 0.877362 5.685614 -0.546569
v 1.619734 6.145837 2.631983
v 1.849677 6.170270 2.106850
v 1.999275 5.716493 2.174733
v 1.913951 6.111542 1.463270
v 2.084450 5.665258 1.520203
v 1.830658 6.520085 0.771609
v 1.924446 6.022888 0.792828
v 2.066628 5.548519 0.814790
v 2.293920 5.104640 0.854100
v 2.387111 4.397630 0.205055
v 1.391292 5.516141 3.102687
v 2.082340 10.479380 1.256534
v 1.253122 10.260019 0.917177
v 1.601429 10.447482 0.668378
v 1.162574 10.318572 0.616748
v 1.477693 10.595189 0.282930
v 1.008659 10.381472 0.318040
v 1.064794 9.625652 1.813846
v 1.210068 9.436499 1.724453
v 1.021392 9.875370 1.534960
v 1.047533 9.696359 1.484015
v 1.174592 9.518540 1.419675
v 0.990346 9.707198 1.155803
v 1.127962 9.542113 1.112312
v 1.277585 10.182496 2.125075
v 1.981673 10.408754 1.548810
v 2.256726 10.516825 1.942772
v 2.448144 10.613220 1.710032
v 2.411111 10.701984 2.412000
v 2.663920 10.983475 3.437410
v 2.864907 10.980514 2.774444
v 2.038775 14.659116 0.432266
v 1.876314 14.628960 0.241755
v 2.240752 15.041116 0.328787
v 2.120880 15.038657 0.123373
v 2.448352 15.465148 0.503845
v 2.414659 15.442018 0.244208
v 2.307353 15.442434 -0.001358
v 2.069893 15.495891 -0.117117
v 2.428071 15.845253 0.472320
v 2.457652 15.827472 0.218490
v 2.307746 15.834518 0.010523
v 2.142148 15.853617 -0.144822
v 1.374556 2.813368 2.363019
v 1.095090 2.557176 2.027627
v 2.173285 10.596929 0.922251
v 1.816669 11.372210 -0.212523
v 1.970433 12.547903 -0.363726
v 1.309400 10.225027 1.263448
v 1.636072 10.368845 1.007390
v 0.331716 3.171600 3.020459
v 1.123446 15.764815 0.478030
v 0.900608 14.652069 0.070884
v 0.851291 14.930822 0.386252
v 1.211309 15.031550 0.183772
v 1.423306 15.421143 0.097903
v 2.008765 2.705663 2.413607
v 2.598481 2.359208 2.320078
v 2.214227 2.233855 2.225154
v 2.320027 1.810156 1.975898
v 2.372009 4.628465 2.730037
v 1.991696 4.275175 2.914036
v 2.959218 4.155700 2.161776
v 2.796681 4.008714 2.607845
v 2.466739 3.740078 2.842590
v 3.218445 3.534948 1.493117
v 3.226948 3.460417 1.992755
v 3.072922 3.305641 2.367871
v 2.788669 3.121263 2.546317
v 1.644291 2.488865 2.201531
v 1.855680 2.109216 2.027999
v 2.010527 1.766547 1.792593
v 1.358297 2.313773 1.895792
v 1.571131 2.011307 1.746800
v 0.984658 5.415206 3.329903
v 0.653828 5.892954 3.328304
v 0.990084 5.989045 3.223192
v 4.068755 7.431314 1.290827
v 4.444468 7.354256 1.315183
v 4.122489 7.611642 1.380240
v 3.904007 8.119721 1.372763
v 0.327535 5.819843 3.403343
v 0.444452 15.025024 0.635463
v 0.455813 15.069052 0.944425
v 0.474940 15.068567 1.259378
v 0.482202 15.082121 1.614677
v 0.499644 15.127197 2.005714
v 0.512648 15.159595 2.415128
v 0.515285 15.156919 2.813908
v 0.506267 15.121062 3.176489
v 1.063118 15.271893 0.353105
v 1.015640 15.419211 0.600297
v 1.095143 15.886621 0.752202
v 1.475125 16.182287 0.883292
v 1.661405 16.049257 0.987181
v 1.445059 12.084770 -0.599375
v 1.961446 13.564584 0.067409
v 1.677352 13.321021 -0.309568
v 1.207277 13.049146 -0.599324
v 0.585551 2.326649 1.134592
v 0.923578 2.388183 1.600583
v 1.170438 2.193612 1.525738
v 1.002986 9.460636 0.574938
v 0.866766 9.348186 0.366909
v 0.529196 9.550947 0.226512
v 0.666260 9.209876 0.208190
v 0.277603 9.498641 0.168727
v 0.367560 9.083326 0.119347
v 1.053736 9.829073 1.890252
v 0.652470 8.179467 2.736021
v 0.951137 8.958844 2.432595
v 1.086435 9.579531 2.140269
v 5.716030 7.513900 1.642046
v 5.152998 7.902057 1.253482
v 5.477016 7.708222 1.363151
v 4.432186 8.228777 0.947123
v 1.468495 9.108014 1.838397
v 1.819199 9.065930 1.750952
v 2.187200 8.996001 1.632546
v 2.554735 8.899418 1.507998
v 2.925455 8.772774 1.421880
v 3.276636 8.627637 1.346889
v 3.624782 8.459185 1.318762
v 1.461065 9.319187 1.626463
v 1.790262 9.262613 1.550855
v 2.165087 9.179661 1.446645
v 2.556526 9.071856 1.345580
v 2.940744 8.927132 1.262055
v 1.426129 9.430161 1.347865
v 1.743465 9.368697 1.275801
v 2.132819 9.294056 1.204521
v 1.374132 9.446068 1.055791
v 1.316875 9.405490 0.774210
v 3.297232 8.766398 0.679093
v 2.900210 8.965405 0.652081
v 2.855842 8.835816 0.472958
v 2.484228 9.142550 0.635943
v 2.440726 9.001947 0.429753
v 2.052670 9.264028 0.656433
v 2.008698 9.124922 0.428209
v 1.959968 8.884810 0.264912
v 1.649284 9.348793 0.697532
v 1.588430 9.192573 0.475334
v 1.519303 8.972602 0.270984
v 5.652207 7.458101 1.753166
v 5.368242 7.627702 1.625942
v 5.425461 7.692255 1.512777
v 5.042584 7.797731 1.493404
v 5.107501 7.884579 1.399556
v 4.689893 7.942883 1.386074
v 4.753798 8.054897 1.301429
v 4.781527 8.054066 1.162390
v 4.330253 8.104892 1.347912
v 4.390622 8.205842 1.250247
v 4.413931 8.224627 1.103453
v 3.975493 8.278830 1.315286
v 4.037756 8.405186 1.227497
v 4.060816 8.431828 1.065193
v 4.799364 7.301155 1.376141
v 4.486641 7.512812 1.411991
v 4.828409 7.412811 1.503312
v 5.153331 7.295847 1.621321
v 4.188676 7.798338 1.412004
v 4.548953 7.677705 1.452423
v 4.899961 7.555850 1.527144
v 5.223503 7.415332 1.676034
v 4.261491 7.967157 1.399344
v 4.618074 7.818520 1.429459
v 4.970156 7.698796 1.553240
v 5.297903 7.541468 1.708618
v 5.608803 7.359108 1.831124
v 0.431090 6.393025 -0.416214
v 5.587584 6.932675 0.994978
v 4.097053 7.339801 0.830859
v 4.475424 7.278060 0.905795
v 4.826456 7.187399 0.976435
v 5.176919 7.064814 1.073830
v 1.803753 3.676182 -0.664483
v 1.560447 3.225231 -0.778402
v 1.906513 2.984123 -0.535974
v 1.700914 2.699560 -0.479048
v 1.945184 2.539326 -0.245387
v 1.903833 2.218167 0.019286
v 1.810700 1.931173 0.154435
v 2.592907 4.778440 2.246553
v 2.628497 4.754782 1.616025
v 2.949704 4.168329 1.584450
v 2.889804 4.101790 0.928033
v 3.137012 3.517358 0.935521
v 0.469022 7.054590 -0.296046
v 2.660589 10.870265 2.785035
v 2.637682 10.772244 2.259537
v 1.792146 10.571469 2.982233
v 1.197635 10.908193 -0.177110
v 2.299975 10.763803 3.068151
v 2.134969 10.647543 2.654225
v 2.073139 3.415929 2.804156
v 1.705386 3.103367 2.630084
v 2.400784 2.917205 2.542438
v 0.282073 10.219000 0.066102
v 1.980042 10.676434 3.469473
v 1.111382 10.011487 1.983611
v 1.111349 10.051744 1.582947
v 0.335986 7.637129 2.925791
v 0.660373 8.629575 2.655797
v 0.944935 9.291467 2.403600
v 1.027820 9.972211 2.315164
v 1.020480 9.797823 2.207821
v 0.315157 10.144739 3.935273
v 0.289994 10.152266 3.446424
v 0.274355 10.058017 3.034628
v 0.267350 9.925239 2.742576
v 0.271940 9.764204 2.566246
v 0.289305 9.550793 2.498490
v 0.309925 9.305182 2.515673
v 0.326221 9.017625 2.619333
v 0.332073 8.646945 2.705408
v 0.332260 8.179903 2.799184
v 0.878530 10.667171 2.586822
v 0.943224 10.647039 2.988675
v 0.942903 10.639902 3.427562
v 0.881402 10.667060 3.874986
v 0.789615 10.710383 4.288196
v 0.714171 10.801850 4.625525
v 0.677824 10.846590 4.896606
v 0.684018 10.761091 5.051555
v 0.715745 10.593239 5.016939
v 0.735268 10.445986 4.885699
v 0.725903 10.363541 4.651940
v 0.703379 10.283997 4.301698
v 0.659167 10.218252 3.840507
v 0.596271 10.195071 3.355561
v 0.551985 10.104447 2.942482
v 0.543054 9.937119 2.666994
v 0.557713 9.762277 2.520335
v 0.588065 9.549665 2.444081
v 0.627568 9.298345 2.502018
v 1.181017 10.856946 4.392896
v 1.076640 10.915067 4.691987
v 1.050089 10.929605 4.921088
v 1.138747 10.801995 5.059692
v 1.162802 10.681301 4.946754
v 1.178501 10.595542 4.763702
v 1.169509 10.495638 4.517389
v 1.105307 10.441614 4.141872
v 1.023610 10.336329 3.655113
v 0.918232 10.262026 3.163878
v 0.835039 10.131941 2.773772
v 0.805044 9.969733 2.529271
v 0.836922 9.766721 2.439498
v 1.698615 10.729230 4.524772
v 1.663096 10.630108 4.248876
v 1.560034 10.542432 3.859278
v 1.412863 10.450337 3.357294
v 1.247194 10.317662 2.857936
v 2.242512 10.870889 4.079731
v 2.137736 10.764581 3.824365
v 2.689629 3.905005 0.299246
v 4.071786 7.361352 1.073661
v 4.443177 7.286289 1.129150
v 4.790901 7.211889 1.202082
v 0.421389 5.686288 -0.675049
v 1.340048 3.438542 2.755390
v 1.543083 6.673968 2.516625
v 1.755124 6.659795 2.009595
v 1.831281 6.591311 1.395819
v 1.276560 6.641163 2.870443
v 1.325398 6.078678 3.007430
v 0.769273 3.196831 2.789325
v 1.634390 10.329155 1.353663
v 0.671785 3.911826 3.500216
v 0.594915 4.321304 3.574016
v 0.855943 9.672555 0.604888
v 0.650075 9.891962 0.424197
v 0.710385 9.612889 0.406092
v 0.755688 10.510160 0.037374
v 0.539267 10.184669 0.197591
v 0.488240 9.861608 0.236200
v 0.250828 9.857476 0.179922
v 1.898637 5.369074 0.132923
v 2.118723 4.873742 0.145099
v 1.789515 4.538342 -0.415801
v 0.331222 3.446348 3.399582
v 0.659487 3.523052 3.294379
v 2.097522 4.069384 -0.328319
v 5.479929 6.946594 1.439948
v 5.120737 7.089356 1.318785
v 5.463840 7.046612 1.616573
v 0.839133 11.991871 2.742457
v 0.868508 12.030807 3.197530
v 0.829570 12.000641 3.656523
v 1.904230 11.225854 3.013345
v 1.636599 7.372637 -4.295653
v 1.709233 0.829589 -0.004858
v 2.300365 0.583988 -0.404390
v 0.587661 2.166863 -0.029467
v 0.746083 2.158217 -0.244027
v 0.894353 2.190350 -0.404990
v 0.995356 2.334006 -0.552951
v 1.062810 2.548545 -0.692904
v 1.110622 2.870406 -0.835768
v 1.701653 0.584091 0.481407
v 1.871960 0.326143 0.090974
v 2.186184 0.328802 -0.123263
v 1.380098 12.387596 3.836169
v 1.450403 12.559622 4.214437
v 1.405466 12.675740 4.616264
v 0.489241 12.395410 6.393064
v 0.758870 12.561630 6.129460
v 0.911974 12.629541 5.786237
v 0.995918 12.651888 5.411257
v 2.014518 16.417318 0.363974
v 1.397599 14.750835 0.093019
v 1.647586 15.237622 0.010112
v 1.816987 15.590136 -0.114553
v 2.215586 11.524687 4.830034
v 1.975485 11.926240 5.230572
v 1.610320 12.336816 5.325656
v 1.916261 11.146307 4.853809
v 1.192466 12.406865 3.599272
v 1.031529 12.538507 3.692755
v 0.870711 12.698528 3.780678
v 0.773014 12.922547 3.847100
v 0.682197 13.149253 3.911885
v 0.726390 13.401038 3.941830
v 1.673695 12.001785 5.511853
v 1.381914 10.753845 3.501084
v 1.364090 11.113165 4.749776
v 1.729426 14.310875 3.319494
v 1.295331 14.201580 3.653059
v 0.942226 13.928092 3.858313
v 2.100316 14.261123 2.086006
v 2.825199 11.121216 3.515763
v 3.040515 11.150768 2.747009
v 3.037447 11.098630 2.011969
v 2.839157 10.998953 1.257238
v 1.753390 16.444269 0.424257
v 1.598907 10.377794 2.389814
v 0.783770 10.691397 2.290924
v 1.091101 14.036250 -0.234966
v 1.170009 12.782233 4.997742
v 0.764467 13.572248 3.969870
v 0.768280 11.977666 2.408705
v 0.586210 8.436364 -0.013193
v 1.523469 12.895724 2.656112
v 1.882211 10.381541 1.800224
v 1.193003 9.270608 2.077857
v 2.246195 16.301136 0.281203
v 2.287659 11.051166 4.342303
v 0.752849 11.985872 4.012702
v 1.623285 11.259570 4.996506
v 1.516453 8.100578 1.997448
v 2.262511 10.927843 0.447883
v 0.926490 15.170168 1.249145
v 2.077511 14.260660 1.465276
v 1.347783 12.350523 3.520622
v 0.205639 12.320738 6.521848
v 1.177123 11.289639 4.973612
v 0.891242 4.430259 3.475505
v 0.588886 3.276504 3.053368
v 0.537671 7.477213 -7.312520
v 2.653842 1.009711 1.352266
v 1.426681 8.558881 0.134422
v 1.154279 4.107095 3.252309
v 0.920554 13.845077 3.120971
v 3.255563 -0.085446 2.905353
v 1.492783 4.792842 3.116232
v 1.938325 15.844213 -0.185833
v 1.001332 4.750911 -0.837030
v 0.431147 2.855435 2.472636
v 5.520732 6.883324 1.166279
v 2.108340 0.809822 -0.538560
v 0.737995 11.537842 -0.647376
v 0.984771 11.887922 4.252666
v 0.225076 11.121230 5.226107
v 1.835040 0.258910 3.564700
v 1.113457 3.462637 -0.942345
v 2.029315 2.692720 -2.493898
v 0.439001 11.801774 6.166949
v 2.082563 15.856761 0.771164
v 1.132428 6.331795 -7.092492
v 2.450278 0.406099 -0.217821
v 1.418208 0.201718 2.998244
v 2.488050 10.789939 2.770627
v 1.740194 1.020372 0.937708
v 2.041089 2.122933 -5.404119
v 0.346217 2.264563 0.345427
v 2.074780 14.263078 2.605329
v 3.152910 0.404548 3.303442
v 7.446765 5.355027 2.442658
v 7.614985 5.395351 2.466322
v 7.679069 5.208981 2.329636
v 7.449032 5.226719 2.327609
v 7.701337 5.471869 2.373444
v 7.743794 5.395348 2.244981
v 7.687828 5.361039 2.106700
v 7.599963 5.236779 2.110822
v 7.443787 5.224396 2.163211
v 7.470768 5.629440 2.388757
v 7.587588 5.672158 2.283452
v 7.622613 5.622735 2.128097
v 7.583233 5.534066 2.007160
v 7.451952 5.436563 1.967613
v 7.311247 5.392063 2.063019
v 7.272219 5.429177 2.225117
v 7.320322 5.539881 2.363378
v 7.324482 5.855426 2.238442
v 7.439940 5.900712 2.153417
v 7.485174 5.864913 2.005100
v 7.429988 5.773637 1.891667
v 7.306828 5.683059 1.875516
v 7.198242 5.636686 1.970418
v 7.160177 5.669593 2.101929
v 7.205024 5.757825 2.217808
v 7.032341 6.288414 2.036256
v 7.152482 6.403272 1.903042
v 7.200930 6.356059 1.752684
v 7.132445 6.243117 1.658401
v 6.989224 6.139003 1.621375
v 6.916780 6.006780 1.743966
v 6.860663 6.008091 1.904781
v 6.920689 6.109695 2.052478
v 7.183138 6.093303 2.111729
v 7.046652 5.989616 2.115102
v 6.982871 5.878194 1.984476
v 7.033518 5.857309 1.828372
v 7.151839 5.937339 1.753822
v 7.276995 6.025911 1.769361
v 7.354109 6.120633 1.873064
v 7.301367 6.155380 2.031718
v 7.270874 5.243733 1.786516
v 7.459851 5.268824 1.792550
v 7.480371 5.125896 1.631739
v 7.230537 5.141698 1.642754
v 7.529022 5.409922 1.657591
v 7.529769 5.344402 1.521633
v 7.364435 5.176085 1.398454
v 7.454821 5.316982 1.400465
v 7.221663 5.153730 1.467170
v 7.145232 5.431083 1.730672
v 7.077117 5.354682 1.571904
v 7.114906 5.318628 1.414294
v 7.227029 5.373393 1.314458
v 7.340198 5.478757 1.339773
v 7.400460 5.558241 1.444925
v 7.417719 5.596641 1.592304
v 7.339468 5.524206 1.770283
v 6.963288 5.595119 1.462564
v 7.002129 5.659252 1.612184
v 7.017406 5.560823 1.339461
v 7.109369 5.590459 1.270974
v 7.218483 5.670555 1.288501
v 7.286728 5.750508 1.385050
v 7.296800 5.791246 1.520674
v 7.245535 5.723980 1.660782
v 6.740143 5.965430 1.431764
v 6.863273 5.983548 1.583120
v 6.760389 5.959808 1.334622
v 6.832329 5.971441 1.193960
v 6.985747 6.035852 1.169718
v 7.098263 6.090197 1.301444
v 7.117405 6.141719 1.466464
v 6.862994 5.702750 1.459563
v 6.919464 5.669961 1.321933
v 7.000318 5.740039 1.227636
v 7.114417 5.837576 1.234877
v 7.190983 5.911559 1.349572
v 7.209868 5.955201 1.488882
v 7.131580 5.923919 1.625581
v 6.920447 5.775030 1.613503
v 6.811283 6.034472 1.720828
v 7.123222 6.329294 1.460442
v 7.181704 6.494528 1.640735
v 7.075006 6.221179 1.233095
v 7.155690 6.579757 1.858430
v 7.637340 5.708665 2.734839
v 7.536690 5.608701 2.747217
v 7.560602 5.661766 2.926587
v 7.661593 5.796199 2.848606
v 7.377412 5.626755 2.770051
v 7.359486 5.682156 2.896944
v 7.352591 5.800577 2.980479
v 7.491488 5.828991 3.025641
v 7.597335 5.906196 2.932894
v 7.246584 6.215788 2.732107
v 7.380422 6.220429 2.660519
v 7.130027 6.124933 2.711221
v 7.097815 6.011836 2.616002
v 7.147675 5.920633 2.493352
v 7.300018 5.914701 2.398575
v 7.436087 6.002648 2.433158
v 7.453801 6.146814 2.538875
v 7.517133 6.044462 2.821073
v 7.378567 6.033401 2.916696
v 7.242462 5.938897 2.885175
v 7.215371 5.813420 2.779660
v 7.266785 5.722031 2.649099
v 7.431968 5.714225 2.561905
v 7.573789 5.820288 2.594821
v 7.589468 5.942903 2.703813
v 6.929621 6.645137 2.355750
v 7.046472 6.667480 2.292683
v 6.816056 6.581139 2.374596
v 6.717706 6.438101 2.295071
v 6.837540 6.303770 2.133182
v 7.096606 6.463297 2.067626
v 7.136792 6.582062 2.185750
v 7.095290 6.420100 2.545830
v 6.972790 6.344819 2.553620
v 6.917395 6.212991 2.458760
v 6.988674 6.115973 2.321755
v 7.161592 6.143863 2.231379
v 7.275520 6.246308 2.245867
v 7.303064 6.381135 2.355150
v 7.223914 6.451407 2.480947
v 7.128291 6.740560 2.043150
v 7.009563 6.816048 2.184460
v 6.853572 6.781267 2.267588
v 6.709647 6.686767 2.280585
v 6.564694 6.489395 2.229290
v 6.558892 6.306317 2.095307
v 6.809899 6.172549 1.979999
v 6.653716 6.064674 1.829016
v 6.444240 6.246000 1.682034
v 6.469085 6.113178 1.435206
v 6.413028 6.390413 1.929794
v 6.422257 6.569899 2.141561
v 6.543207 6.080781 1.231372
v 6.664929 6.121372 1.094211
v 6.825402 6.223847 1.057098
v 6.582566 6.784453 2.200666
v 6.767736 6.907145 2.145772
v 6.883802 6.943217 2.026327
v 6.988119 6.884334 1.902158
v 7.051719 6.754494 1.666007
v 7.067366 6.666519 1.523850
v 7.058387 6.533508 1.317171
v 6.706373 7.002337 2.843152
v 6.705625 6.918617 2.849296
v 6.621198 6.981435 2.999547
v 6.615983 7.063770 2.941854
v 6.457952 6.985272 2.988401
v 6.501906 7.064044 2.984136
v 6.455439 6.882864 2.948585
v 6.585679 6.852020 2.927351
v 6.670318 6.839231 2.823253
v 6.370725 6.778216 2.490639
v 6.251721 6.892478 2.586078
v 6.241119 7.030547 2.586485
v 6.346175 7.142346 2.616086
v 6.501515 7.136947 2.555385
v 6.614959 7.065799 2.500457
v 6.636455 6.928134 2.439476
v 6.538471 6.783351 2.420169
v 6.339834 6.860307 2.776653
v 6.459349 6.772367 2.701165
v 6.609961 6.779749 2.626808
v 6.692411 6.908249 2.606906
v 6.662072 7.041640 2.667222
v 6.557564 7.102484 2.732528
v 6.426424 7.106441 2.799170
v 6.331491 7.004449 2.804051
v 6.270134 6.757556 2.159470
v 6.117719 6.913218 2.303495
v 6.120914 7.070088 2.325967
v 6.162120 7.195137 2.304987
v 6.313264 7.229641 2.243646
v 6.414573 7.123195 2.181279
v 6.449922 7.020608 2.138915
v 6.471447 6.807370 2.221511
v 6.661670 7.083340 1.909633
v 6.797539 7.035583 1.746102
v 6.857164 6.938808 1.536277
v 6.870945 6.873932 1.409150
v 6.852359 6.744672 1.193280
v 6.682728 6.516416 0.976884
v 6.486596 6.385033 0.974461
v 6.331753 6.301252 1.156558
v 6.277926 6.353924 1.376447
v 6.248756 6.460591 1.609656
v 6.219074 6.569980 1.871909
v 6.001276 7.378812 1.808580
v 6.084244 7.370708 1.643499
v 6.156843 7.338404 1.468061
v 6.208264 7.285273 1.291581
v 6.194603 7.202353 1.140710
v 6.149965 7.093510 1.009747
v 6.079049 6.966634 0.924751
v 5.987432 6.840037 0.944379
v 5.934026 6.722252 1.097210
v 5.856633 6.716384 1.270213
v 5.830739 6.785132 1.456290
v 5.790056 6.871511 1.641067
v 5.802211 6.992044 1.789075
v 6.301076 7.297975 2.051199
v 6.396952 7.240182 1.804393
v 6.483737 7.186866 1.610956
v 6.544723 7.121627 1.428752
v 6.546315 7.034277 1.266286
v 6.500433 6.908202 1.097309
v 6.419480 6.752938 0.937814
v 6.251478 6.619093 0.934779
v 6.120759 6.527426 1.111361
v 6.059667 6.545516 1.323605
v 6.014291 6.610480 1.539396
v 5.968916 6.691167 1.769725
v 5.965719 6.833818 1.975344
v 6.092261 7.260232 2.112330
v 6.020352 7.139704 2.104471
v 5.984645 7.001669 2.068047
v 5.902470 7.332706 1.897975
v 5.863269 7.233737 1.918129
v 5.839447 7.115348 1.870444
v -1.622873 1.977944 -2.152596
v -1.179045 1.693846 -1.774569
v -0.765996 1.655798 -1.361214
v -0.467043 1.729910 -0.883637
v -0.250218 1.985960 -0.337602
v -3.305320 2.939069 0.899095
v -3.065878 1.929047 0.472495
v -2.763419 1.605968 0.254547
v -2.885577 1.562811 0.391346
v -2.610529 1.379747 -0.023177
v -2.706211 1.325494 0.107761
v -2.769728 1.271960 0.266151
v -2.455224 1.187009 -0.287821
v -2.606311 1.155302 -0.203515
v -2.684610 1.086587 -0.043756
v -2.274042 0.989935 -0.468853
v -2.441033 0.973169 -0.426703
v -2.597471 0.941198 -0.354525
v -2.667884 0.875981 -0.158676
v -2.246803 0.782141 -0.512418
v -2.384135 0.761123 -0.451215
v -2.520992 0.717185 -0.380037
v -2.584674 0.690567 -0.202051
v -2.427358 0.551740 -0.342118
v -2.503490 0.532052 -0.214325
v -1.498410 11.065127 4.490217
v -0.299026 2.339197 1.105937
v -0.638997 2.499300 1.683722
v -2.326091 0.524777 3.512000
v -2.638110 0.496104 3.417331
v -2.936296 0.450567 3.346596
v -1.982453 0.712066 3.358524
v -2.294756 0.760857 3.355486
v -2.631604 0.743028 3.301118
v -2.957310 0.670446 3.231620
v -1.681239 0.785407 3.068647
v -1.938801 0.904521 3.114621
v -2.263616 0.955882 3.118496
v -2.626894 0.955739 3.087351
v -3.003120 0.884146 3.030384
v -1.935938 0.992702 2.786150
v -2.250171 1.052933 2.800080
v -2.612555 1.072519 2.776086
v -2.985496 0.975113 2.727993
v -2.245824 1.040695 2.438117
v -2.575459 1.048579 2.427270
v -2.923698 0.989722 2.385298
v -2.532635 1.002623 2.070131
v -2.836015 0.955596 2.031098
v -2.739337 0.931080 1.692572
v -1.727435 0.615007 3.311074
v -2.025352 0.480890 3.500133
v -1.782597 0.418819 3.470509
v -0.650736 8.994781 2.568104
v -0.901178 9.559470 2.407696
v -1.106141 10.148681 2.517955
v -1.603116 6.907682 -3.735114
v -1.594761 6.316926 -3.238942
v -1.642535 5.648696 -2.837242
v -1.709808 4.937427 -2.563543
v -1.763100 4.249189 -2.380401
v -1.742138 3.639575 -2.249651
v -1.643235 3.158081 -2.078060
v -1.452858 2.845227 -1.844539
v -2.303270 16.122015 0.468643
v -2.333777 16.122589 0.267523
v -2.204962 16.109249 0.096092
v -1.426182 7.657398 2.139435
v -1.464420 7.194715 2.335609
v -1.613896 7.544971 1.723184
v -1.653387 7.138281 1.867524
v -1.744698 7.048965 1.314612
v -1.506574 8.535478 2.041005
v -1.859172 8.532577 1.918935
v -2.186380 8.500669 1.778825
v -1.482129 8.842304 1.980830
v -1.839266 8.820605 1.873186
v -2.210003 8.785865 1.773540
v -2.538422 8.675801 1.610071
v -2.873162 8.560833 1.485001
v -1.683187 0.578279 1.185288
v -1.681079 0.394968 1.143359
v -1.742401 0.250346 1.120101
v -1.881837 0.174311 1.108394
v -2.051391 0.129959 1.095966
v -1.634175 0.487394 1.531823
v -1.636721 0.326312 1.498902
v -1.733692 0.205695 1.483075
v -1.878018 0.129392 1.472651
v -2.075271 0.109742 1.458961
v -2.295655 0.103786 1.436664
v -2.519766 0.117253 1.402480
v -2.725318 0.129753 1.356270
v -2.858506 0.254684 1.333609
v -2.926091 0.407320 1.331439
v -1.570950 0.426767 1.889606
v -1.573295 0.274621 1.852538
v -1.721133 0.177825 1.840216
v -1.889110 0.107386 1.824697
v -2.097183 0.070555 1.806076
v -2.339202 0.066858 1.779255
v -2.584384 0.082853 1.738147
v -2.804974 0.123351 1.688564
v -1.507431 0.372927 2.242007
v -1.526983 0.200914 2.198269
v -1.689135 0.105093 2.178849
v -1.872728 0.021829 2.156046
v -2.111112 0.001924 2.137716
v -2.380672 0.005353 2.106061
v -1.459022 0.318305 2.560457
v -1.510597 0.139177 2.515537
v -1.639802 -0.007751 2.481398
v -1.859673 -0.074307 2.461977
v -1.433670 0.254849 2.822896
v -1.491444 0.082969 2.789600
v -1.713614 0.764628 1.240162
v -1.631374 0.650493 1.566550
v -1.574019 0.594029 1.925528
v -1.511128 0.553700 2.289618
v -1.456206 0.507845 2.619717
v -1.433713 0.434704 2.899525
v -1.813398 16.401617 0.258478
v -1.912172 16.286766 0.089934
v -2.103943 16.305891 0.193836
v -2.037028 16.104776 -0.044679
v -3.701795 7.429277 0.800318
v -3.314368 7.549583 0.756021
v -2.931712 7.679978 0.737694
v -2.589809 7.818262 0.753241
v -3.763100 7.560410 0.580634
v -3.372010 7.686150 0.527609
v -2.980733 7.818655 0.489361
v -2.608526 7.935801 0.476255
v -3.841464 7.751809 0.447744
v -3.454616 7.894652 0.383945
v -3.054463 8.028663 0.328932
v -3.919126 7.958343 0.421640
v -3.532600 8.117799 0.375701
v -3.140412 8.279223 0.316225
v -3.980942 8.138748 0.501370
v -3.597285 8.309086 0.448623
v -4.030902 8.281905 0.606114
v -4.053686 8.366484 0.756980
v -4.414461 8.167322 0.813135
v -4.400208 8.102245 0.676412
v -4.771390 7.933000 0.735183
v -4.353997 7.971827 0.573478
v -4.728694 7.816635 0.636266
v -5.096117 7.648483 0.725137
v -4.311118 7.834654 0.481639
v -4.685861 7.696736 0.553184
v -5.036828 7.523857 0.672042
v -5.384557 7.345350 0.794068
v -4.232836 7.634944 0.513844
v -4.610812 7.522013 0.579728
v -4.970331 7.390810 0.660808
v -5.314911 7.226116 0.806991
v -5.655451 7.039578 0.904030
v -4.158904 7.464958 0.636803
v -4.536342 7.372879 0.701379
v -4.893198 7.264051 0.778294
v -5.243236 7.121421 0.905217
v -0.960619 13.736096 2.990518
v -1.024713 13.588800 2.833898
v -1.129268 13.401534 2.716969
v -0.958384 13.210661 2.839316
v -1.085753 13.014595 2.759177
v -1.522867 0.493645 3.249760
v -1.441155 0.320004 3.113472
v -1.585563 0.283576 3.425118
v -1.674805 -0.061359 3.284016
v -1.936313 -0.106819 3.258848
v -2.230237 -0.118953 3.209320
v -2.543694 -0.140998 3.145968
v -2.840514 -0.142131 3.067718
v -3.086278 -0.121437 2.981473
v -1.995290 0.048823 3.440601
v -2.289558 0.010494 3.443752
v -2.598292 0.013322 3.330741
v -2.901003 -0.014661 3.272343
v -3.164416 2.377972 0.513051
v -2.932428 2.329942 0.293467
v -2.869586 1.946553 0.331066
v -2.690136 2.269560 0.163136
v -2.683955 1.939800 0.205271
v -2.624807 1.629978 0.165173
v -2.472538 1.915465 0.145454
v -2.455873 1.639294 0.081482
v -2.451219 1.398968 -0.096979
v -2.263199 1.874243 0.096469
v -2.272608 1.642375 0.023852
v -2.275074 1.420773 -0.169372
v -2.278472 1.210582 -0.356488
v -2.057559 1.808158 0.095079
v -2.074351 1.596005 0.000978
v -2.079319 1.384723 -0.178686
v -2.083097 1.185830 -0.372243
v -2.098560 0.970322 -0.481143
v -1.876948 1.737926 0.158142
v -1.880855 1.541935 0.008893
v -1.866045 1.326231 -0.160750
v -0.593206 4.780763 3.546157
v -0.966206 4.849562 3.419037
v -0.413931 11.303200 5.981128
v -0.410621 10.949037 5.717352
v -0.791862 10.961991 5.686369
v -0.747600 10.795210 5.417232
v -1.069488 10.902021 5.355575
v -0.342837 7.042362 3.078152
v -0.653276 7.665843 2.862087
v -0.944417 7.705453 2.733903
v -0.961046 8.189885 2.624875
v -1.206611 8.167322 2.352685
v -0.975931 8.613486 2.547221
v -1.222559 8.569101 2.281645
v -1.244482 8.926862 2.235271
v -1.680844 6.872675 -6.647886
v -2.515155 2.897136 -4.367515
v -2.534912 3.411480 -4.480376
v -2.502925 3.959426 -4.630043
v -2.421051 4.539394 -4.798168
v -2.309379 5.125871 -4.967131
v -2.245724 5.685197 -5.134526
v -2.211650 6.171835 -5.329663
v -2.153483 6.555840 -5.580324
v -2.503358 3.008669 -3.842002
v -2.524886 3.572701 -3.963430
v -2.478843 4.154140 -4.135153
v -2.376328 4.753180 -4.335776
v -2.269806 5.350236 -4.556495
v -2.401054 3.161879 -3.270642
v -2.404758 3.778930 -3.405294
v -1.231557 13.791615 2.796373
v -1.401676 13.028252 2.642807
v -1.261830 13.205623 2.656979
v -1.475530 12.747978 2.753623
v -1.268402 12.862070 2.754157
v -1.433371 12.595017 2.913530
v -1.364119 12.390401 3.333159
v -1.394712 12.473322 3.114482
v -1.130947 12.471997 3.346911
v -1.131410 12.550260 3.102540
v -0.942819 12.608564 3.410402
v -0.780958 12.778016 3.483775
v -0.690390 12.999010 3.562499
v -4.785853 7.989584 0.869929
v -5.175991 7.830623 0.932376
v -5.151805 7.764690 0.800775
v -5.512600 7.573673 0.910344
v -5.852232 7.381017 1.030397
v -5.449354 7.462962 0.836353
v -5.796801 7.275599 0.935561
v -5.730506 7.159032 0.884249
v -0.868796 8.007635 -4.787425
v -0.848578 8.110785 -5.386610
v -0.793117 8.109160 -5.924586
v -0.698619 8.013177 -6.394320
v -0.580205 7.852152 -6.790576
v -0.463930 7.668958 -7.107620
v -0.383000 7.485540 -7.340016
v -0.383943 7.326105 -7.497541
v -0.423433 7.177227 -7.571806
v -0.475627 7.049411 -7.627849
v -0.527372 6.918720 -7.669283
v -0.418336 4.030897 -1.813704
v -0.413218 4.557036 -1.859981
v -0.398894 5.280822 -2.020998
v -0.385485 6.053801 -2.354677
v -0.387713 6.781685 -2.867570
v -0.405945 7.380978 -3.502041
v -0.431523 7.832681 -4.145738
v -0.441730 8.088367 -4.784861
v -0.433616 8.186922 -5.375611
v -0.405556 8.175517 -5.904222
v -0.357411 8.073410 -6.368263
v -0.297600 7.909629 -6.770139
v -0.238482 7.712723 -7.107988
v -0.194480 7.489202 -7.357605
v -0.186387 7.296936 -7.527746
v -0.204488 7.150020 -7.631548
v -0.231178 7.015792 -7.703443
v -0.253111 6.875698 -7.713444
v -0.276004 6.732471 -7.723601
v -0.300772 6.578012 -7.734586
v -0.313879 6.412672 -7.656172
v -0.325677 6.242653 -7.535011
v -0.402832 3.649627 -1.785013
v -0.377734 3.407640 -1.670738
v -0.339363 3.250804 -1.555826
v -0.311885 3.187701 -1.400197
v -0.288012 3.230679 -1.238042
v -0.301298 3.534888 -1.116001
v -0.854540 7.745875 -4.150597
v -0.811589 7.297239 -3.518914
v -0.782329 6.702960 -2.909010
v -0.785972 5.991396 -2.413632
v -0.815485 5.232841 -2.087461
v -0.840966 4.523375 -1.933479
v -0.845499 3.970653 -1.870012
v -0.819379 3.581391 -1.812841
v -0.761867 3.321132 -1.694664
v -0.682706 3.162607 -1.551099
v -0.613149 3.099470 -1.396573
v -0.560457 3.118669 -1.198212
v -0.664850 7.605354 -7.136264
v -0.831936 7.755875 -6.830219
v -1.002551 7.900987 -6.436769
v -1.143944 7.990678 -5.963582
v -1.232957 7.990541 -5.420853
v -1.270365 7.872996 -4.822899
v -1.262565 7.601366 -4.193355
v -1.216357 7.146870 -3.583138
v -1.192682 6.555440 -3.013198
v -1.213308 5.860303 -2.554835
v -1.266577 5.127625 -2.239835
v -1.303801 4.424419 -2.075136
v -1.288620 3.842683 -1.994009
v -1.230808 3.422248 -1.918345
v -1.121291 3.135119 -1.762371
v -1.003735 2.984796 -1.568834
v -0.886034 2.910679 -1.396930
v -1.176015 6.455379 -7.151689
v -1.199640 6.614977 -7.216586
v -1.473868 6.848466 -6.994503
v -1.215621 6.771868 -7.288271
v -1.173704 6.937611 -7.312579
v -1.107271 7.079381 -7.304662
v -1.037692 7.223180 -7.298167
v -0.593672 7.372077 -7.397210
v -0.670956 7.247408 -7.461693
v -0.749264 7.121999 -7.509364
v -0.816192 6.988331 -7.532754
v -0.872697 6.841427 -7.530703
v -0.908144 6.689797 -7.490149
v -0.943244 6.527984 -7.443599
v -0.951290 6.371393 -7.345400
v -0.934470 6.256341 -7.171122
v -0.571218 6.769849 -7.669885
v -0.600714 6.620531 -7.632313
v -0.635849 6.457232 -7.589987
v -0.651797 6.284060 -7.479280
v -0.654910 6.155006 -7.268274
v -0.678394 6.042928 -7.027645
v -0.337468 6.064375 -7.346709
v -0.342287 5.992080 -7.067299
v -0.358633 5.902749 -6.797725
v -1.324399 16.067551 0.350251
v -1.806189 16.000185 -0.097254
v -1.661038 16.168520 0.054104
v -1.563080 16.291172 0.263714
v -0.261571 12.538933 6.465736
v -0.292265 12.808001 6.333341
v -0.558487 12.711861 6.277891
v -0.283772 13.012241 6.092076
v -0.554289 12.948738 6.049105
v -0.800266 12.836847 5.971735
v -0.249968 13.087048 5.776678
v -0.484298 13.036620 5.738534
v -0.697463 12.964833 5.679961
v -0.826780 12.794021 5.561623
v -0.222148 13.204770 5.506258
v -0.429760 13.149675 5.469312
v -0.623388 13.091856 5.421082
v -0.775895 12.980117 5.329225
v -0.948016 12.872786 5.198390
v -0.214556 13.397211 5.273846
v -0.419023 13.354518 5.246901
v -0.608473 13.302838 5.215274
v -0.800142 13.251696 5.166605
v -0.236861 13.664113 5.072058
v -0.459660 13.641171 5.071442
v -0.299461 12.114543 6.405473
v -0.674809 12.232467 6.210324
v -0.897316 12.397719 5.943347
v -1.685613 7.850401 1.603327
v -1.725710 7.761843 1.175557
v -1.692734 7.452109 1.235347
v -1.732647 7.722281 0.766437
v -1.727589 7.414019 0.749788
v -1.775157 7.003458 0.751309
v -1.864023 8.010954 1.509837
v -2.084726 7.937428 1.124276
v -1.873170 7.917610 1.147630
v -2.065529 7.923481 0.797231
v -1.853429 7.898803 0.788117
v -1.431890 4.093885 -0.788451
v -2.598444 7.770200 1.054341
v -2.926651 7.643785 1.027917
v -3.298852 7.517884 1.022570
v -3.685567 7.436914 1.038933
v -2.984106 7.762662 1.268890
v -3.338310 7.659577 1.233903
v -3.702589 7.531634 1.246936
v -3.062762 7.971165 1.399296
v -3.401430 7.848618 1.375242
v -3.755649 7.715485 1.370365
v -3.476448 8.065890 1.399707
v -3.828277 7.929433 1.389249
v -3.552044 8.274500 1.373135
v -4.073809 8.430941 0.901085
v -3.679035 8.588216 1.199333
v -3.706836 8.648116 1.043941
v -3.705851 8.636297 0.876750
v -3.317723 8.769808 1.212510
v -3.336780 8.845668 1.045309
v -3.325922 8.837297 0.862027
v -2.958454 9.047720 1.070603
v -2.932512 9.033760 0.860954
v -2.549678 9.195286 1.139245
v -2.516368 9.192998 0.886138
v -2.092936 9.314819 0.929237
v -1.695750 9.388948 0.988111
v -2.859078 1.351644 1.203915
v -2.729992 1.081169 1.086321
v -3.191712 1.736555 1.213184
v -2.937394 1.424801 1.004539
v -2.785143 1.140973 0.878570
v -2.772062 0.882037 0.810694
v -3.405889 2.318043 1.156983
v -3.216612 1.828656 0.958203
v -2.990173 1.469657 0.787589
v -2.793328 1.190665 0.657173
v -2.763053 0.926946 0.562609
v -2.773232 0.700986 0.485247
v -3.328328 2.381834 0.816652
v -3.163570 1.897040 0.705472
v -2.951987 1.521492 0.574538
v -2.805027 1.228345 0.445704
v -2.768114 0.974098 0.333815
v -2.758210 0.756995 0.242132
v -2.706420 0.573165 0.183146
v -2.742899 1.025226 0.130469
v -2.720400 0.813559 0.031275
v -2.630093 0.641850 -0.014706
v -2.557323 0.482727 -0.052466
v -0.302840 5.240116 3.519526
v -1.997468 10.466403 2.170856
v -1.623927 10.307624 1.769396
v -1.319983 10.190633 1.662372
v -2.304414 8.057535 0.505094
v -2.672994 8.170589 0.310254
v -2.311626 8.259158 0.299707
v -1.978721 8.298999 0.305364
v -2.738910 8.423665 0.278862
v -2.342966 8.520577 0.225664
v -1.939676 8.578037 0.225563
v -3.208633 8.490490 0.385330
v -2.804993 8.656962 0.335019
v -2.387068 8.784942 0.296995
v -3.651388 8.465875 0.559408
v -3.266226 8.668172 0.503000
v -3.686389 8.573850 0.710925
v -1.238851 9.274113 0.542491
v -1.132346 9.124339 0.301997
v -0.947585 8.852455 0.148081
v -0.516523 7.695728 -0.189184
v -1.093359 10.068616 1.213479
v -0.976880 9.894407 1.184332
v -0.986390 10.108752 0.894809
v -0.924320 9.902108 0.876063
v -0.924033 9.704804 0.862189
v -1.087890 9.541268 0.820011
v -0.913174 10.119143 0.612024
v -0.815028 9.898059 0.620415
v -0.751884 10.147089 0.379365
v -2.034872 0.708002 -0.449351
v -2.163631 0.622993 -0.442804
v -1.833024 0.745489 -0.290654
v -1.945579 0.576843 -0.325914
v -2.080247 0.466018 -0.337958
v -2.224117 0.430168 -0.307022
v -2.354285 0.401393 -0.281560
v -1.761334 0.602163 -0.111199
v -1.874068 0.430378 -0.160545
v -2.031285 0.342749 -0.152793
v -1.708218 0.701553 0.218080
v -1.754809 0.469293 0.129513
v -1.699751 0.839508 0.567475
v -0.842628 3.166631 -1.111122
v -0.829027 2.987735 -1.258967
v -0.743467 3.902371 -1.066142
v -0.316139 14.273607 4.587220
v -0.755178 14.701952 4.090764
v -0.675406 14.497737 4.352769
v -0.596531 14.236772 4.597169
v -1.122284 14.808376 3.867410
v -1.021823 14.642529 4.130632
v -0.922288 14.443480 4.378216
v -0.823255 14.185620 4.597829
v -1.474555 14.813142 3.626126
v -1.337145 14.699056 3.902182
v -1.214474 14.549944 4.148393
v -1.100767 14.358440 4.366360
v -0.998552 14.128119 4.582999
v -1.710480 14.668223 3.321603
v -1.600720 14.648124 3.638812
v -1.468583 14.571331 3.911923
v -1.337693 14.452839 4.144625
v -1.233719 14.270666 4.342985
v -1.124530 14.053577 4.529588
v -1.892251 14.421378 3.020960
v -1.821092 14.473620 3.350889
v -1.658509 14.460121 3.628500
v -1.499820 14.419745 3.868689
v -1.330772 14.339699 4.055641
v -1.281028 14.173364 4.259982
v -1.191039 13.974516 4.438399
v -1.571027 14.329145 3.553670
v -1.420908 14.302124 3.768016
v -1.313759 14.218210 3.960837
v -1.245911 14.086279 4.147267
v -1.166344 13.905031 4.315936
v -1.195664 14.120971 3.840670
v -1.102435 14.018017 4.013914
v -1.043692 13.845948 4.158268
v -0.897890 13.779647 3.998858
v -1.237753 10.753944 2.522807
v -1.718680 10.938270 2.996948
v -1.820121 11.584483 3.658005
v -1.888385 11.275309 3.615239
v -1.409771 11.740989 4.208317
v -1.674646 11.563300 4.177122
v -1.732973 11.308007 4.129800
v -1.553737 11.522983 4.580925
v -2.077526 6.835548 -5.899809
v -1.943334 7.004219 -6.274384
v -1.690079 7.054008 -6.634656
v -1.448214 7.020265 -7.003001
v -2.217754 5.914271 -4.793267
v -2.190933 6.405252 -5.064488
v -2.144411 6.789486 -5.390004
v -2.074795 7.059929 -5.780914
v -1.932451 7.210270 -6.216131
v -1.675465 7.233683 -6.626281
v -1.398318 7.175190 -6.999491
v -2.347866 4.406384 -3.583129
v -2.254204 5.040755 -3.807835
v -2.151987 5.655532 -4.082355
v -2.119808 6.225873 -4.398742
v -2.083997 6.705710 -4.769011
v -2.061369 7.074165 -5.189565
v -2.008983 7.321921 -5.659870
v -1.850363 7.437111 -6.150541
v -1.615604 7.427244 -6.606596
v -1.339749 7.339627 -7.001634
v -2.144013 3.377192 -2.696525
v -2.163888 4.019194 -2.841912
v -2.103092 4.688854 -3.024041
v -2.004600 5.357929 -3.279419
v -1.943336 6.002420 -3.608597
v -1.905614 6.579411 -4.020787
v -1.906170 7.047341 -4.496415
v -1.908810 7.388967 -5.012901
v -1.837459 7.589352 -5.554836
v -1.682432 7.642245 -6.077938
v -1.466660 7.598107 -6.552237
v -1.210668 7.493154 -6.954293
v -0.938485 7.360991 -7.261612
v -1.630755 7.671098 -4.892371
v -1.571539 7.819606 -5.476339
v -1.448381 7.838737 -6.017128
v -1.260781 7.757708 -6.491686
v -1.041725 7.631065 -6.891037
v -0.813006 7.487622 -7.200929
v -3.176412 11.359456 2.731039
v -3.187640 11.377106 1.952859
v -3.042971 11.391738 1.191493
v -2.702802 11.518433 0.483462
v -3.168619 11.816735 1.248317
v -2.921722 12.049641 0.650325
v -2.633250 12.443336 0.211498
v -2.979525 12.516189 0.946214
v -2.707805 12.884338 0.636031
v -2.385839 13.607205 1.004747
v -2.950404 11.312730 3.537361
v -3.035292 11.489573 3.563653
v -3.281738 11.577055 2.755700
v -3.278331 11.691362 1.971434
v -3.037038 11.680390 3.601749
v -3.304179 11.810427 2.832189
v -3.311840 11.991493 2.079144
v -3.203981 12.214495 1.428359
v -3.003699 11.847280 3.650492
v -3.312509 12.018595 2.949864
v -3.302409 12.265252 2.259829
v -3.130760 12.535224 1.713844
v -2.881744 12.835701 1.344689
v -2.627427 13.187440 1.125432
v -3.165057 12.213551 3.075457
v -3.182374 12.484553 2.490431
v -3.013448 12.763933 2.047589
v -2.741958 13.017632 1.767380
v -2.508885 13.370487 1.625579
v -2.323088 13.791637 1.556638
v -2.987182 12.346822 3.188470
v -2.984818 12.594878 2.702613
v -2.854617 12.879253 2.371144
v -2.631199 13.132588 2.165476
v -2.431734 13.466718 2.086171
v -2.279078 13.860926 2.085525
v -2.771907 12.426091 3.269978
v -2.759148 12.631518 2.870051
v -2.674974 12.911746 2.629182
v -2.513717 13.173284 2.494070
v -2.373146 13.490292 2.466516
v -2.536459 12.468315 3.316197
v -2.541321 12.636189 2.991652
v -2.478358 12.905633 2.805381
v -2.370769 13.163302 2.692454
v -2.275208 12.489095 3.314555
v -2.286528 12.617549 3.030720
v -2.254953 12.875470 2.890342
v -2.012591 12.600394 3.001434
v -2.005988 12.799229 2.824424
v -1.719585 12.563290 2.937744
v -2.495390 10.866978 3.304101
v -0.442705 11.990725 2.313704
v -0.439109 12.044851 2.734689
v -0.531976 11.904105 1.957099
v -0.635400 11.768377 1.646667
v -0.727892 11.531084 1.383169
v -0.950938 11.895862 2.231407
v -1.157695 11.768410 2.012031
v -1.340023 11.542542 1.804274
v -1.329218 11.193623 1.788688
v -1.172944 10.926728 1.924806
v -0.959000 10.778495 2.126277
v -1.181980 11.907092 2.663300
v -1.484331 11.776122 2.536435
v -1.731900 11.537432 2.410436
v -1.744467 11.208407 2.371883
v -1.547413 10.930005 2.427372
v -1.259819 11.940764 3.171152
v -1.599931 11.791896 3.120044
v -1.854663 11.554938 3.060478
v -1.197213 11.916292 3.696643
v -1.553654 11.784603 3.686754
v -0.443170 12.077561 3.198419
v -0.428706 12.053437 3.662543
v -0.420129 12.003865 4.088492
v -0.471773 11.928653 4.465186
v -1.884058 14.586811 2.076497
v -1.502143 14.780201 1.647804
v -1.768839 14.583328 1.620142
v -2.325148 7.895099 1.089162
v -2.112801 7.999772 1.464106
v -2.371201 7.965114 1.383101
v -2.658000 7.865731 1.332957
v -1.841438 8.242220 1.781191
v -2.160222 8.216632 1.713977
v -2.464510 8.174664 1.606754
v -2.746742 8.084594 1.478865
v -2.506379 8.428266 1.643300
v -2.817358 8.326880 1.514106
v -3.139490 8.200373 1.438062
v -3.209759 8.423952 1.409291
v -1.961138 14.389194 0.796733
v -1.963135 14.245560 0.470381
v -2.101864 14.732996 0.685587
v -2.308449 15.062664 0.576476
v -2.329720 11.902618 -0.077765
v -2.402395 13.332475 0.487440
v -2.288022 12.977222 0.017316
v -2.136414 14.022931 0.916742
v -2.117665 13.799389 0.465121
v -3.218999 0.524501 3.157827
v -3.275584 0.659387 2.939134
v -3.295685 0.759412 2.650474
v -3.245498 0.804712 2.316399
v -3.147689 0.807698 1.951733
v -2.970441 0.791148 1.643440
v -3.081350 0.576441 1.618288
v -2.988222 0.189830 1.636882
v -3.075144 0.360922 1.617662
v -2.650022 0.027579 2.058865
v -2.895448 0.047679 1.995183
v -3.093115 0.138659 1.946872
v -3.237730 0.297957 1.912995
v -2.124949 -0.094622 2.438594
v -2.417737 -0.091275 2.400602
v -2.705215 -0.071693 2.343597
v -2.965208 -0.037606 2.280681
v -3.193059 0.043228 2.231712
v -1.626587 -0.075019 2.765445
v -1.866206 -0.148872 2.744768
v -2.148513 -0.155213 2.715578
v -2.452316 -0.162164 2.667688
v -2.747554 -0.151805 2.601168
v -3.013994 -0.122341 2.536548
v -3.247299 -0.046032 2.498711
v -1.502618 0.078339 3.022431
v -1.622963 -0.095211 3.033797
v -1.891323 -0.156948 3.009977
v -2.180764 -0.190399 2.971148
v -2.493298 -0.177292 2.913148
v -2.787776 -0.177927 2.840955
v -3.039195 -0.141288 2.771463
v -3.255627 -0.083091 2.732641
v -3.174802 -0.023835 3.165720
v -2.641108 0.240752 3.453462
v -2.931614 0.213847 3.358598
v -3.187643 0.213037 3.255017
v -3.251019 0.554504 1.927225
v -3.344058 0.234921 2.227652
v -3.407526 0.518266 2.242096
v -3.406854 0.156091 2.513371
v -3.447548 0.451980 2.569546
v -3.410464 0.089498 2.771228
v -3.449234 0.361209 2.852062
v -3.350774 0.036222 2.993870
v -3.355630 0.283236 3.086454
v -2.149401 1.259260 1.345543
v -1.999100 1.236471 1.220985
v -1.819570 1.123666 1.140155
v -2.117570 1.054811 1.424679
v -1.945728 0.995242 1.375832
v -1.812994 0.902823 1.322408
v -1.865635 0.917842 1.666711
v -1.732074 0.805013 1.619193
v -1.799194 0.890853 2.013507
v -1.665099 0.750984 1.970464
v -1.574315 0.734345 2.338139
v -1.496079 0.708403 2.687671
v -1.970344 14.037819 2.811718
v -1.959536 13.644796 2.745020
v -1.838338 13.885620 2.829974
v -1.743709 13.530614 2.629244
v -1.612402 13.769434 2.706836
v -1.619134 13.163278 2.601921
v -1.487852 13.380352 2.597276
v -1.359532 13.594421 2.680638
v -2.329834 0.328531 -0.101363
v -2.466012 0.345878 -0.086457
v -2.022483 0.275730 0.095920
v -2.181440 0.237105 0.103745
v -2.340503 0.258472 0.117779
v -2.506261 0.285435 0.118072
v -1.753589 0.366983 0.419824
v -1.872351 0.241019 0.392256
v -2.022510 0.206155 0.390766
v -2.191039 0.191808 0.391366
v -2.366938 0.195450 0.386333
v -2.527527 0.259071 0.385689
v -2.675864 0.367669 0.392932
v -1.699852 0.712474 0.859365
v -1.692207 0.479421 0.795945
v -1.741085 0.293226 0.757906
v -1.874614 0.196741 0.739989
v -2.034149 0.154983 0.731236
v -2.217077 0.151890 0.722708
v -2.407420 0.158684 0.707606
v -2.590269 0.181946 0.690229
v -2.743275 0.302387 0.689055
v -2.253229 0.123922 1.079872
v -2.458953 0.132598 1.055335
v -2.650862 0.155071 1.026780
v -2.780156 0.284221 1.016501
v -2.862930 0.427904 1.018566
v -1.671187 1.134175 0.656139
v -1.643396 1.234440 0.428343
v -1.652347 1.337979 0.243889
v -1.748011 1.440970 0.110044
v -1.690265 0.958757 0.320713
v -1.667273 1.075936 0.119752
v -1.766749 1.201418 -0.032587
v -1.781231 0.965193 -0.180704
v -1.879539 1.102351 -0.326100
v -1.952135 0.878199 -0.404364
v -0.401598 10.666156 -0.179335
v -0.622801 12.784048 -0.786088
v -0.547062 13.799726 -0.480700
v -0.416931 5.651742 -6.416655
v -0.867688 5.572753 -6.287337
v -0.811702 5.723401 -6.410397
v -1.301513 5.451467 -6.137301
v -1.225618 5.692157 -6.218973
v -1.160743 5.861767 -6.357597
v -1.089852 5.996531 -6.522921
v -1.762293 4.737464 -6.054368
v -1.694779 5.206110 -6.021446
v -1.604222 5.565574 -6.030337
v -1.525031 5.837381 -6.128789
v -1.446986 6.041063 -6.273652
v -1.352223 6.196748 -6.446255
v -2.070654 4.212698 -5.853369
v -2.019924 4.795043 -5.869400
v -1.932918 5.301490 -5.864751
v -1.849062 5.698153 -5.913502
v -1.762677 6.005973 -6.012797
v -1.678020 6.239308 -6.181334
v -1.569614 6.404678 -6.385536
v -1.473986 6.481930 -6.645856
v -2.321732 3.710341 -5.467759
v -2.266284 4.284401 -5.546272
v -2.183778 4.869414 -5.606905
v -2.119284 5.404161 -5.679461
v -2.023035 5.840945 -5.742680
v -1.935678 6.188173 -5.883992
v -1.874739 6.433849 -6.101874
v -1.732598 6.616256 -6.335374
v -1.589794 6.689459 -6.634890
v -2.481613 3.287424 -4.952827
v -2.469455 3.814937 -5.075618
v -2.386869 4.389290 -5.198427
v -2.298682 4.974487 -5.318378
v -2.199976 5.524388 -5.419221
v -2.159659 5.991150 -5.555620
v -2.069823 6.364154 -5.737107
v -2.003931 6.632332 -6.002730
v -1.872865 6.805746 -6.314633
v -0.450165 5.504997 -6.282527
v -0.980408 5.073283 -6.168248
v -0.925571 5.365783 -6.195270
v -1.467991 4.153668 -6.276258
v -1.438466 4.697209 -6.205953
v -1.374032 5.127731 -6.129354
v -1.823781 3.075927 -6.003808
v -1.817788 3.594925 -6.076982
v -1.808853 4.172281 -6.095602
v -2.074497 2.360378 -5.495898
v -2.112686 2.700850 -5.620986
v -2.116577 3.126859 -5.723758
v -2.104160 3.637145 -5.807871
v -2.253163 2.379956 -5.177090
v -2.323616 2.754349 -5.267906
v -2.339798 3.196086 -5.370246
v -2.457480 2.813476 -4.847056
v -1.649609 2.426399 -1.992046
v -1.325177 1.973833 -1.710059
v -1.351619 2.330875 -1.649071
v -1.249093 2.686630 -1.601085
v -0.961850 1.807386 -1.336575
v -1.068704 2.049562 -1.343690
v -1.156458 2.328784 -1.328292
v -1.061529 2.636652 -1.378302
v -0.654513 1.837924 -0.934420
v -0.829266 1.952403 -0.966210
v -0.940564 2.147613 -1.026235
v -0.478091 1.952380 -0.425721
v -0.656191 2.006683 -0.551085
v -0.484449 5.306845 -6.218106
v -0.516342 5.030178 -6.186632
v -0.536361 4.636787 -6.281709
v -1.024284 4.658928 -6.260445
v -0.546624 4.143432 -6.387607
v -1.042847 4.145635 -6.364412
v -0.546641 3.580916 -6.413439
v -1.045920 3.576997 -6.389956
v -1.480959 3.575746 -6.289370
v -0.552501 3.017469 -6.385163
v -1.047603 3.025648 -6.353065
v -1.475351 3.041756 -6.217824
v -0.563433 2.510253 -6.257297
v -1.058895 2.536067 -6.218074
v -1.488067 2.575101 -6.102179
v -1.836202 2.636577 -5.897008
v -0.577277 2.082627 -6.048375
v -1.077868 2.118840 -6.003823
v -1.501222 2.181882 -5.906170
v -1.831894 2.277377 -5.730727
v -0.588733 1.737460 -5.760954
v -1.097545 1.779358 -5.718650
v -1.518751 1.867548 -5.634567
v -1.834418 2.004843 -5.507610
v -0.597363 1.473734 -5.401214
v -1.119227 1.517993 -5.366741
v -1.558662 1.621623 -5.302517
v -1.895585 1.808569 -5.212161
v -0.605662 1.267968 -5.005150
v -1.141861 1.325821 -4.965814
v -1.605525 1.449063 -4.906143
v -1.964511 1.675798 -4.832580
v -0.605021 1.124214 -4.578780
v -1.148552 1.198477 -4.526816
v -1.617795 1.345917 -4.456392
v -0.585114 1.053449 -4.118797
v -1.120869 1.138480 -4.052742
v -1.584432 1.302249 -3.968438
v -0.548295 1.051868 -3.623654
v -1.054524 1.141799 -3.548210
v -0.490998 1.096480 -3.091093
v -0.947480 1.180190 -3.013493
v -0.415562 1.187998 -2.526570
v -0.804582 1.265947 -2.460039
v -0.338793 1.315784 -1.951455
v -0.274600 1.500515 -1.398721
v -2.864178 0.812069 1.346180
v -2.942724 0.590037 1.329297
v -2.801472 0.838545 1.070299
v -2.868687 0.613769 1.037891
v -2.817652 0.658153 0.754721
v -2.828531 0.450465 0.709303
v -2.799369 0.493022 0.409329
v -2.630108 0.415408 0.142109
v -0.384237 5.797662 -6.569886
v -0.751482 5.868343 -6.560904
v -0.707945 5.964951 -6.772834
v -1.026208 6.094837 -6.720458
v -0.974369 6.169787 -6.958379
v -1.268678 6.289001 -6.666597
v -1.206722 6.317435 -6.911775
v -1.346226 6.493011 -6.913487
v -1.426186 6.675961 -6.946537
v -1.476056 0.652772 3.005036
v -1.682697 0.872221 2.747612
v -1.754020 0.856639 2.391562
v -1.959191 0.990902 2.423395
v -2.003799 0.963191 2.049743
v -2.248832 0.996866 2.072942
v -2.057861 0.965534 1.706341
v -2.269282 0.992420 1.730911
v -2.498372 1.005779 1.732773
v -2.300626 1.081684 1.443074
v -2.471122 1.059466 1.447216
v -2.336163 1.310236 1.400523
v -2.372910 2.385612 -4.778327
v -2.431994 2.411362 -4.314049
v -2.415092 2.467425 -3.790492
v -2.315416 2.557908 -3.193711
v -2.119502 2.063303 -5.146658
v -2.219481 1.995503 -4.780292
v -1.991687 1.602610 -4.381945
v -2.263085 1.967668 -4.327319
v -1.962409 1.572687 -3.884001
v -2.239823 1.971289 -3.817858
v -1.493475 1.309749 -3.451682
v -1.864843 1.578450 -3.350065
v -2.148507 1.994491 -3.253022
v -1.347974 1.339159 -2.913488
v -1.683652 1.601721 -2.802936
v -1.934844 2.013920 -2.671005
v -1.150275 1.403530 -2.370229
v -1.432336 1.636165 -2.272649
v -0.657007 1.388169 -1.907595
v -0.939416 1.511337 -1.847393
v -0.535792 1.546157 -1.379156
v -0.241949 1.703405 -0.864332
v -0.807578 2.080853 -0.650002
v -0.863137 2.271240 -0.769480
v -0.918385 2.475363 -0.892988
v -1.011394 2.396023 -1.082914
v -0.901186 2.772541 -1.006664
v -0.957783 2.684683 -1.175253
v -1.408756 2.817081 -0.697793
v -1.282976 2.550747 -0.533793
v -1.528513 2.483291 -0.355693
v -1.739687 2.370842 -0.159819
v -1.176045 2.351966 -0.374639
v -1.373132 2.317423 -0.205550
v -1.554199 2.231886 -0.043837
v -1.708669 2.099752 0.097206
v -1.046371 2.249400 -0.191336
v -1.223338 2.205824 -0.036285
v -1.389520 2.134151 0.099853
v -1.536907 2.006400 0.212376
v -1.643785 1.843060 0.246017
v -0.909047 2.187700 -0.008024
v -1.083358 2.136788 0.158833
v -1.252273 2.083330 0.290320
v -0.768965 2.224942 0.243823
v -1.716151 1.657229 0.216752
v -1.398501 1.940154 0.361066
v -1.534047 1.776292 0.388758
v -0.964810 2.166313 0.410551
v -1.146078 2.066464 0.517814
v -1.320555 1.926554 0.572794
v -1.462735 1.730139 0.570313
v -0.643899 2.248896 0.616371
v -0.874287 2.190589 0.736317
v -1.074992 2.067155 0.806368
v -1.271662 1.906870 0.816588
v -1.434699 1.689074 0.782897
v -0.853318 2.286875 1.141948
v -1.077911 2.112991 1.147446
v -1.285798 1.912257 1.108063
v -1.380578 1.945576 1.428251
v -0.366328 14.546431 4.332246
v -0.419492 14.766986 4.074351
v -0.460960 14.927767 3.797800
v -0.835357 14.865697 3.819521
v -0.488929 15.043270 3.503071
v -0.896299 14.999725 3.525960
v -1.216707 14.926598 3.568923
v -0.940625 15.084373 3.192262
v -1.293841 15.004443 3.232319
v -1.544992 14.841343 3.278311
v -0.970402 15.120421 2.821150
v -1.341219 15.007203 2.852868
v -1.630361 14.863202 2.904927
v -1.833915 14.663576 2.973820
v -0.976534 15.118435 2.417593
v -1.353649 14.997231 2.441216
v -1.658395 14.833932 2.486541
v -1.903419 14.612929 2.545242
v -0.942173 15.072383 2.005378
v -1.309950 14.964972 2.017425
v -1.612437 14.802424 2.048646
v -0.899584 15.034114 1.602046
v -1.236090 14.934441 1.606135
v -2.230596 13.134497 2.809204
v -2.265652 13.456593 2.679397
v -2.250806 13.851188 2.500636
v -2.127782 13.759066 2.709141
v -2.097509 13.384876 2.713701
v -1.963689 13.031466 2.697643
v -1.864913 13.281708 2.628104
v -1.732225 12.750131 2.780065
v -1.714793 12.950860 2.660243
v -1.857487 14.223808 3.055923
v -1.571633 14.197505 3.221570
v -1.426599 14.226287 3.442959
v -1.348409 14.088730 3.080441
v -1.219287 14.148185 3.300438
v -1.103029 14.121975 3.507291
v -1.010252 14.038892 3.694543
v -1.047273 13.977448 3.191612
v -0.937814 13.958256 3.363326
v -0.836263 13.896170 3.530555
v -0.777074 13.793625 3.699482
v -0.749347 13.677967 3.854332
v -1.140963 13.913794 2.999186
v -1.720497 14.091289 2.997658
v -1.477803 13.962652 2.871699
v -0.320495 3.819177 3.607517
v -1.520473 0.144508 3.235423
v -1.762728 0.102171 3.465292
v -2.037636 0.243734 3.549773
v -2.320197 0.248716 3.496645
v -0.986630 13.196646 5.089383
v -1.068800 13.137960 4.885182
v -1.128651 13.143527 4.654857
v -0.660142 13.596232 5.044966
v -0.847822 13.553183 5.004089
v -0.992278 13.496468 4.902539
v -1.086382 13.444156 4.760170
v -1.077833 13.417424 4.574614
v -0.993080 13.401093 4.357239
v -0.273044 13.970849 4.844025
v -0.521425 13.940778 4.842950
v -0.732791 13.900436 4.833055
v -0.911836 13.865617 4.817231
v -1.026548 13.784045 4.707145
v -1.121317 13.723852 4.602115
v -1.102095 13.674483 4.452122
v -1.001768 13.636650 4.275786
v -0.866169 13.604346 4.104657
v -1.182695 12.695827 2.906159
v -0.933280 12.713245 3.153446
v -0.989970 12.855392 2.943835
v -0.775533 12.895313 3.222973
v -0.842703 13.041113 3.012113
v -0.675873 13.107780 3.312362
v -0.740125 13.244655 3.105949
v -0.853698 13.403677 2.940515
v -0.642243 13.236287 3.648819
v -0.643272 13.344034 3.424607
v -0.692246 13.463996 3.232598
v -0.815881 13.588208 3.087022
v -0.662385 13.475473 3.740749
v -0.675116 13.581141 3.551352
v -0.736889 13.684627 3.380589
v -0.826696 13.775304 3.231015
v -1.202569 12.497138 3.989772
v -1.279434 12.722928 4.328388
v -1.052796 12.684894 4.074239
v -1.248786 12.897096 4.685254
v -1.138186 12.920895 4.386717
v -0.928006 12.896023 4.137758
v -1.014684 13.147639 4.407852
v -0.857167 13.141876 4.161183
v -0.853960 13.386689 4.147727
v -1.623272 12.408128 4.054565
v -1.532238 12.339746 3.647458
v -1.629161 12.347777 3.407024
v -2.538166 11.290069 4.301961
v -2.630815 11.462815 4.302063
v -2.267927 11.682489 4.846698
v -2.638335 11.632743 4.299219
v -2.273028 11.834910 4.829315
v -2.628908 11.781093 4.301630
v -1.963237 12.087501 5.175940
v -2.282309 11.981071 4.807540
v -2.586540 11.913777 4.293246
v -2.943168 12.008663 3.707508
v -1.957634 12.251805 5.109354
v -2.230458 12.116576 4.733263
v -2.513649 12.050352 4.259282
v -2.803623 12.135265 3.725486
v -1.544523 12.473556 5.138207
v -1.848621 12.366222 4.926289
v -2.122611 12.226401 4.609234
v -2.400402 12.172111 4.199586
v -2.630092 12.231351 3.716677
v -1.466564 12.585250 4.890726
v -1.750123 12.466233 4.719446
v -2.000070 12.330363 4.452996
v -2.231418 12.252059 4.096776
v -2.427329 12.313470 3.697356
v -1.621917 12.529034 4.475768
v -1.834457 12.404963 4.258894
v -2.036888 12.343862 3.968997
v -2.186219 12.392901 3.642776
v -1.788881 12.333394 3.809384
v -1.921259 12.339405 3.521769
v -1.987014 12.459591 3.247184
v -1.684915 12.419956 3.158889
v -2.843022 10.899866 2.127825
v -2.626686 10.757200 1.477599
v -0.990083 3.554269 3.048907
v -1.580396 1.691684 1.297575
v -1.482588 1.681663 1.032275
v -1.655260 1.404730 0.949251
v -1.583360 1.436977 0.723411
v -1.562275 1.502763 0.518436
v -1.641623 1.573308 0.358103
v -2.168208 16.310658 0.447757
v -1.783039 14.107762 0.216749
v -1.511978 14.019062 -0.020192
v -1.648078 14.642634 0.136287
v -1.904676 15.098372 -0.009902
v -1.217945 15.614933 0.245144
v -1.610088 15.746302 -0.017221
v -1.438938 15.914599 0.142686
v -0.863715 15.096560 0.662208
v -0.855226 15.184786 0.932931
v -1.003715 15.513141 0.866859
v -1.887767 16.412231 0.532255
v -2.048287 16.306887 0.635590
v -2.184205 16.104597 0.677266
v -2.664737 1.847927 2.050374
v -2.610558 1.521067 1.689378
v -2.354029 1.521425 1.649462
v -2.473836 1.304065 1.395326
v -1.731667 5.631917 2.689938
v -1.957552 5.122759 2.724296
v -2.242969 5.279006 2.235831
v -2.320922 5.234399 1.582070
v -2.584006 4.639881 0.898421
v -0.340687 6.422526 3.241853
v -0.669252 6.491908 3.187851
v -0.984673 6.578058 3.098996
v -1.293888 11.642738 4.639920
v -0.482993 11.816444 4.813863
v -0.926321 11.737605 4.713227
v -0.304968 11.030688 5.172535
v -0.533032 11.113159 5.205729
v -0.414597 10.784220 5.234108
v -0.682383 10.871439 5.230860
v -0.954410 11.033846 5.213600
v -0.410630 10.749067 5.451140
v -0.458268 11.646836 5.077364
v -0.853912 11.551115 5.021892
v -0.407684 11.456340 5.233306
v -0.720923 11.325513 5.183979
v -0.311754 11.243690 5.237502
v -1.239792 15.132903 1.308071
v -1.503417 15.011442 1.329528
v -1.693607 14.799103 1.250053
v -1.338258 15.450031 1.212883
v -1.565288 15.287668 1.157496
v -1.762058 15.093746 1.052274
v -1.691890 15.583002 1.051849
v -1.889482 15.394909 0.946104
v -2.008841 15.673828 0.845107
v -1.316248 11.049417 5.220792
v -1.486855 11.261369 5.098022
v -1.102323 11.099743 5.577398
v -1.366466 11.207724 5.439291
v -0.788046 11.361906 5.903917
v -1.560694 11.377942 5.266428
v -1.112061 11.440032 5.779351
v -1.384112 11.519782 5.610934
v -1.609785 11.597051 5.397894
v -0.819517 11.737314 6.038661
v -1.121575 11.734784 5.892665
v -1.393089 11.763267 5.709649
v -1.636880 11.796446 5.471902
v -0.888164 12.108995 6.058423
v -1.132102 12.041546 5.900952
v -1.383553 12.012827 5.711489
v -1.127614 12.299543 5.833836
v -1.375291 12.238109 5.659059
v -1.052389 12.472139 5.627321
v -1.318449 12.414461 5.506166
v -1.255123 12.577606 5.289199
v -1.321855 16.179070 0.616614
v -1.591020 16.341024 0.499860
v -1.704313 16.352097 0.703948
v -1.860304 16.235737 0.822804
v -1.991090 16.017305 0.800858
v -1.115465 15.543712 1.156175
v -1.255215 15.889065 1.008083
v -1.477094 15.768032 1.097053
v -1.839086 15.840072 0.931966
v -0.448175 14.865719 0.304260
v -0.479319 14.521766 -0.083601
v -1.439614 11.359195 4.877780
v -0.717828 11.168034 1.373454
v -0.631174 10.912685 1.576159
v -0.524336 10.767910 1.879064
v -0.453714 10.672943 2.206363
v -0.458570 10.627104 2.568263
v -0.478677 10.589929 2.953763
v -0.474142 10.577286 3.360595
v -0.436680 10.600718 3.788599
v -0.387272 10.630642 4.212119
v -0.347200 10.741697 4.568834
v -0.321679 10.792687 4.856520
v -0.317124 10.669974 5.075466
v -0.333289 10.468955 5.066093
v -0.348798 10.310699 4.955132
v -0.361096 10.199657 4.726142
v -0.347391 10.140584 4.383402
v -1.310281 10.790613 3.986373
v -1.392514 11.088687 4.960278
v -1.511057 10.989068 4.923695
v -1.651167 10.857019 4.761291
v -1.790524 11.451959 5.083541
v -2.118065 11.350285 4.824078
v -1.882549 11.600283 5.173374
v -1.937728 11.757149 5.218180
v -1.637676 12.161256 5.427427
v -1.873275 14.569999 1.090863
v -1.965606 14.905609 0.916677
v -2.102238 15.225200 0.808529
v -2.219202 15.556357 0.725985
v -2.250994 15.853623 0.672740
v -1.369689 10.749286 2.999875
v -1.727687 10.967764 3.568177
v -1.658389 11.023970 4.089537
v -1.597700 11.314277 4.527931
v -1.522244 11.301603 4.804854
v -0.326130 2.523146 1.779690
v -2.302702 7.918071 0.781127
v -2.020088 8.099213 0.520848
v -1.802645 7.991007 0.470425
v -1.669937 8.191098 0.243697
v -1.672709 7.774483 0.399205
v -1.476760 7.911389 0.137282
v -1.377521 7.507662 0.016402
v -1.135916 8.125990 -0.009302
v -0.997181 7.607782 -0.145613
v -0.919061 7.024139 -0.237551
v -3.387184 2.909454 1.342150
v -3.370184 2.797328 1.746082
v -3.231617 2.644515 2.073238
v -2.955583 2.496962 2.261872
v -3.367592 2.206225 1.479449
v -3.235523 2.062236 1.764136
v -2.990464 1.939715 1.970858
v -3.067866 1.630284 1.445023
v -2.858855 1.565154 1.607007
v -2.672195 1.333868 1.323816
v -0.625611 5.318898 3.451318
v -0.664800 7.096650 3.020409
v -0.962573 7.170333 2.937874
v -1.233672 7.203330 2.690969
v -1.204605 7.713442 2.499772
v -5.780676 7.525376 1.493262
v -4.798940 8.047819 1.006862
v -5.178021 7.882280 1.089049
v -5.525420 7.694846 1.193118
v -5.841755 7.507458 1.324408
v -5.557785 7.655699 1.022075
v -5.899920 7.469639 1.143822
v -1.624282 7.441272 0.328058
v -1.641939 6.992441 0.242781
v -1.319565 6.992557 -0.075824
v -1.734972 5.904990 0.178041
v -1.522582 5.109454 -0.395414
v -5.129560 7.194816 1.492497
v -5.476836 7.141030 1.730869
v -5.537024 7.243941 1.790637
v -2.400745 3.623324 -0.157568
v -2.132638 3.309750 -0.432958
v -2.162740 2.741629 -0.252719
v -2.119144 2.339584 -0.045522
v -2.945515 3.387508 0.411466
v -3.122222 2.872747 0.486859
v -2.680460 3.183512 0.029644
v -2.869080 2.745792 0.190911
v -2.393371 2.957614 -0.160489
v -2.603242 2.611960 0.032606
v -2.342550 2.487606 -0.019205
v -2.446296 2.204695 0.105080
v -2.223178 2.111768 0.051292
v -2.006716 2.021584 0.092802
v -1.063253 3.059970 2.532273
v -0.793872 2.743586 2.180094
v -1.755597 1.718781 1.556443
v -2.106036 1.505103 1.526221
v -1.888994 1.455181 1.370755
v -1.737563 1.426710 1.173388
v -1.646056 3.852769 2.902612
v -0.429985 4.876417 -0.980350
v -0.581547 3.350974 -1.051569
v -0.367523 4.111979 -1.135315
v -0.280031 4.701595 3.605575
v -0.284028 4.234755 3.634843
v -1.649559 6.454085 0.226311
v -1.290929 6.403837 -0.139108
v -1.343499 5.773456 -0.263658
v -0.860856 6.383423 -0.321528
v -0.877362 5.685614 -0.546569
v -1.619734 6.145837 2.631983
v -1.849677 6.170270 2.106850
v -1.999275 5.716493 2.174733
v -1.913951 6.111542 1.463270
v -2.084450 5.665258 1.520203
v -1.830658 6.520085 0.771609
v -1.924446 6.022888 0.792828
v -2.066628 5.548519 0.814790
v -2.293920 5.104640 0.854100
v -2.387111 4.397630 0.205055
v -1.391292 5.516141 3.102687
v -2.082340 10.479380 1.256534
v -1.253122 10.260019 0.917177
v -1.601429 10.447482 0.668378
v -1.162574 10.318572 0.616748
v -1.477693 10.595189 0.282930
v -1.008659 10.381472 0.318040
v -1.064794 9.625652 1.813846
v -1.210068 9.436499 1.724453
v -1.021392 9.875370 1.534960
v -1.047533 9.696359 1.484015
v -1.174592 9.518540 1.419675
v -0.990346 9.707198 1.155803
v -1.127962 9.542113 1.112312
v -1.277585 10.182496 2.125075
v -1.981673 10.408754 1.548810
v -2.256726 10.516825 1.942772
v -2.448144 10.613220 1.710032
v -2.411111 10.701984 2.412000
v -2.663920 10.983475 3.437410
v -2.864907 10.980514 2.774444
v -2.038775 14.659116 0.432266
v -1.876314 14.628960 0.241755
v -2.240752 15.041116 0.328787
v -2.120880 15.038657 0.123373
v -2.448352 15.465148 0.503845
v -2.414659 15.442018 0.244208
v -2.307353 15.442434 -0.001358
v -2.069893 15.495891 -0.117117
v -2.428071 15.845253 0.472320
v -2.457652 15.827472 0.218490
v -2.307746 15.834518 0.010523
v -2.142148 15.853617 -0.144822
v -1.374556 2.813368 2.363019
v -1.095090 2.557176 2.027627
v -2.173285 10.596929 0.922251
v -1.816669 11.372210 -0.212523
v -1.970433 12.547903 -0.363726
v -1.309400 10.225027 1.263448
v -1.636072 10.368845 1.007390
v -0.331716 3.171600 3.020459
v -1.123446 15.764815 0.478030
v -0.900608 14.652069 0.070884
v -0.851291 14.930822 0.386252
v -1.211309 15.031550 0.183772
v -1.423306 15.421143 0.097903
v -2.008765 2.705663 2.413607
v -2.598481 2.359208 2.320078
v -2.214227 2.233855 2.225154
v -2.320027 1.810156 1.975898
v -2.372009 4.628465 2.730037
v -1.991696 4.275175 2.914036
v -2.959218 4.155700 2.161776
v -2.796681 4.008714 2.607845
v -2.466739 3.740078 2.842590
v -3.218445 3.534948 1.493117
v -3.226948 3.460417 1.992755
v -3.072922 3.305641 2.367871
v -2.788669 3.121263 2.546317
v -1.644291 2.488865 2.201531
v -1.855680 2.109216 2.027999
v -2.010527 1.766547 1.792593
v -1.358297 2.313773 1.895792
v -1.571131 2.011307 1.746800
v -0.984658 5.415206 3.329903
v -0.653828 5.892954 3.328304
v -0.990084 5.989045 3.223192
v -4.068755 7.431314 1.290827
v -4.444468 7.354256 1.315183
v -4.122489 7.611642 1.380240
v -3.904007 8.119721 1.372763
v -0.327535 5.819843 3.403343
v -0.444452 15.025024 0.635463
v -0.455813 15.069052 0.944425
v -0.474940 15.068567 1.259378
v -0.482202 15.082121 1.614677
v -0.499644 15.127197 2.005714
v -0.512648 15.159595 2.415128
v -0.515285 15.156919 2.813908
v -0.506267 15.121062 3.176489
v -1.063118 15.271893 0.353105
v -1.015640 15.419211 0.600297
v -1.095143 15.886621 0.752202
v -1.475125 16.182287 0.883292
v -1.661405 16.049257 0.987181
v -1.445059 12.084770 -0.599375
v -1.961446 13.564584 0.067409
v -1.677352 13.321021 -0.309568
v -1.207277 13.049146 -0.599324
v -0.585551 2.326649 1.134592
v -0.923578 2.388183 1.600583
v -1.170438 2.193612 1.525738
v -1.002986 9.460636 0.574938
v -0.866766 9.348186 0.366909
v -0.529196 9.550947 0.226512
v -0.666260 9.209876 0.208190
v -0.277603 9.498641 0.168727
v -0.367560 9.083326 0.119347
v -1.053736 9.829073 1.890252
v -0.652470 8.179467 2.736021
v -0.951137 8.958844 2.432595
v -1.086435 9.579531 2.140269
v -5.716030 7.513900 1.642046
v -5.152998 7.902057 1.253482
v -5.477016 7.708222 1.363151
v -4.432186 8.228777 0.947123
v -1.468495 9.108014 1.838397
v -1.819199 9.065930 1.750952
v -2.187200 8.996001 1.632546
v -2.554735 8.899418 1.507998
v -2.925455 8.772774 1.421880
v -3.276636 8.627637 1.346889
v -3.624782 8.459185 1.318762
v -1.461065 9.319187 1.626463
v -1.790262 9.262613 1.550855
v -2.165087 9.179661 1.446645
v -2.556526 9.071856 1.345580
v -2.940744 8.927132 1.262055
v -1.426129 9.430161 1.347865
v -1.743465 9.368697 1.275801
v -2.132819 9.294056 1.204521
v -1.374132 9.446068 1.055791
v -1.316875 9.405490 0.774210
v -3.297232 8.766398 0.679093
v -2.900210 8.965405 0.652081
v -2.855842 8.835816 0.472958
v -2.484228 9.142550 0.635943
v -2.440726 9.001947 0.429753
v -2.052670 9.264028 0.656433
v -2.008698 9.124922 0.428209
v -1.959968 8.884810 0.264912
v -1.649284 9.348793 0.697532
v -1.588430 9.192573 0.475334
v -1.519303 8.972602 0.270984
v -5.652207 7.458101 1.753166
v -5.368242 7.627702 1.625942
v -5.425461 7.692255 1.512777
v -5.042584 7.797731 1.493404
v -5.107501 7.884579 1.399556
v -4.689893 7.942883 1.386074
v -4.753798 8.054897 1.301429
v -4.781527 8.054066 1.162390
v -4.330253 8.104892 1.347912
v -4.390622 8.205842 1.250247
v -4.413931 8.224627 1.103453
v -3.975493 8.278830 1.315286
v -4.037756 8.405186 1.227497
v -4.060816 8.431828 1.065193
v -4.799364 7.301155 1.376141
v -4.486641 7.512812 1.411991
v -4.828409 7.412811 1.503312
v -5.153331 7.295847 1.621321
v -4.188676 7.798338 1.412004
v -4.548953 7.677705 1.452423
v -4.899961 7.555850 1.527144
v -5.223503 7.415332 1.676034
v -4.261491 7.967157 1.399344
v -4.618074 7.818520 1.429459
v -4.970156 7.698796 1.553240
v -5.297903 7.541468 1.708618
v -5.608803 7.359108 1.831124
v -0.431090 6.393025 -0.416214
v -5.587584 6.932675 0.994978
v -4.097053 7.339801 0.830859
v -4.475424 7.278060 0.905795
v -4.826456 7.187399 0.976435
v -5.176919 7.064814 1.073830
v -1.803753 3.676182 -0.664483
v -1.560447 3.225231 -0.778402
v -1.906513 2.984123 -0.535974
v -1.700914 2.699560 -0.479048
v -1.945184 2.539326 -0.245387
v -1.903833 2.218167 0.019286
v -1.810700 1.931173 0.154435
v -2.592907 4.778440 2.246553
v -2.628497 4.754782 1.616025
v -2.949704 4.168329 1.584450
v -2.889804 4.101790 0.928033
v -3.137012 3.517358 0.935521
v -0.469022 7.054590 -0.296046
v -2.660589 10.870265 2.785035
v -2.637682 10.772244 2.259537
v -1.792146 10.571469 2.982233
v -1.197635 10.908193 -0.177110
v -2.299975 10.763803 3.068151
v -2.134969 10.647543 2.654225
v -2.073139 3.415929 2.804156
v -1.705386 3.103367 2.630084
v -2.400784 2.917205 2.542438
v -0.282073 10.219000 0.066102
v -1.980042 10.676434 3.469473
v -1.111382 10.011487 1.983611
v -1.111349 10.051744 1.582947
v -0.335986 7.637129 2.925791
v -0.660373 8.629575 2.655797
v -0.944935 9.291467 2.403600
v -1.027820 9.972211 2.315164
v -1.020480 9.797823 2.207821
v -0.315157 10.144739 3.935273
v -0.289994 10.152266 3.446424
v -0.274355 10.058017 3.034628
v -0.267350 9.925239 2.742576
v -0.271940 9.764204 2.566246
v -0.289305 9.550793 2.498490
v -0.309925 9.305182 2.515673
v -0.326221 9.017625 2.619333
v -0.332073 8.646945 2.705408
v -0.332260 8.179903 2.799184
v -0.878530 10.667171 2.586822
v -0.943224 10.647039 2.988675
v -0.942903 10.639902 3.427562
v -0.881402 10.667060 3.874986
v -0.789615 10.710383 4.288196
v -0.714171 10.801850 4.625525
v -0.677824 10.846590 4.896606
v -0.684018 10.761091 5.051555
v -0.715745 10.593239 5.016939
v -0.735268 10.445986 4.885699
v -0.725903 10.363541 4.651940
v -0.703379 10.283997 4.301698
v -0.659167 10.218252 3.840507
v -0.596271 10.195071 3.355561
v -0.551985 10.104447 2.942482
v -0.543054 9.937119 2.666994
v -0.557713 9.762277 2.520335
v -0.588065 9.549665 2.444081
v -0.627568 9.298345 2.502018
v -1.181017 10.856946 4.392896
v -1.076640 10.915067 4.691987
v -1.050089 10.929605 4.921088
v -1.138747 10.801995 5.059692
v -1.162802 10.681301 4.946754
v -1.178501 10.595542 4.763702
v -1.169509 10.495638 4.517389
v -1.105307 10.441614 4.141872
v -1.023610 10.336329 3.655113
v -0.918232 10.262026 3.163878
v -0.835039 10.131941 2.773772
v -0.805044 9.969733 2.529271
v -0.836922 9.766721 2.439498
v -1.698615 10.729230 4.524772
v -1.663096 10.630108 4.248876
v -1.560034 10.542432 3.859278
v -1.412863 10.450337 3.357294
v -1.247194 10.317662 2.857936
v -2.242512 10.870889 4.079731
v -2.137736 10.764581 3.824365
v -2.689629 3.905005 0.299246
v -4.071786 7.361352 1.073661
v -4.443177 7.286289 1.129150
v -4.790901 7.211889 1.202082
v -0.421389 5.686288 -0.675049
v -1.340048 3.438542 2.755390
v -1.543083 6.673968 2.516625
v -1.755124 6.659795 2.009595
v -1.831281 6.591311 1.395819
v -1.276560 6.641163 2.870443
v -1.325398 6.078678 3.007430
v -0.769273 3.196831 2.789325
v -1.634390 10.329155 1.353663
v -0.671785 3.911826 3.500216
v -0.594915 4.321304 3.574016
v -0.855943 9.672555 0.604888
v -0.650075 9.891962 0.424197
v -0.710385 9.612889 0.406092
v -0.755688 10.510160 0.037374
v -0.539267 10.184669 0.197591
v -0.488240 9.861608 0.236200
v -0.250828 9.857476 0.179922
v -1.898637 5.369074 0.132923
v -2.118723 4.873742 0.145099
v -1.789515 4.538342 -0.415801
v -0.331222 3.446348 3.399582
v -0.659487 3.523052 3.294379
v -2.097522 4.069384 -0.328319
v -5.479929 6.946594 1.439948
v -5.120737 7.089356 1.318785
v -5.463840 7.046612 1.616573
v -0.839133 11.991871 2.742457
v -0.868508 12.030807 3.197530
v -0.829570 12.000641 3.656523
v -1.904230 11.225854 3.013345
v -1.636599 7.372637 -4.295653
v -1.709233 0.829589 -0.004858
v -2.300365 0.583988 -0.404390
v -0.587661 2.166863 -0.029467
v -0.746083 2.158217 -0.244027
v -0.894353 2.190350 -0.404990
v -0.995356 2.334006 -0.552951
v -1.062810 2.548545 -0.692904
v -1.110622 2.870406 -0.835768
v -1.701653 0.584091 0.481407
v -1.871960 0.326143 0.090974
v -2.186184 0.328802 -0.123263
v -1.380098 12.387596 3.836169
v -1.450403 12.559622 4.214437
v -1.405466 12.675740 4.616264
v -0.489241 12.395410 6.393064
v -0.758870 12.561630 6.129460
v -0.911974 12.629541 5.786237
v -0.995918 12.651888 5.411257
v -2.014518 16.417318 0.363974
v -1.397599 14.750835 0.093019
v -1.647586 15.237622 0.010112
v -1.816987 15.590136 -0.114553
v -2.215586 11.524687 4.830034
v -1.975485 11.926240 5.230572
v -1.610320 12.336816 5.325656
v -1.916261 11.146307 4.853809
v -1.192466 12.406865 3.599272
v -1.031529 12.538507 3.692755
v -0.870711 12.698528 3.780678
v -0.773014 12.922547 3.847100
v -0.682197 13.149253 3.911885
v -0.726390 13.401038 3.941830
v -1.673695 12.001785 5.511853
v -1.381914 10.753845 3.501084
v -1.364090 11.113165 4.749776
v -1.729426 14.310875 3.319494
v -1.295331 14.201580 3.653059
v -0.942226 13.928092 3.858313
v -2.100316 14.261123 2.086006
v -2.825199 11.121216 3.515763
v -3.040515 11.150768 2.747009
v -3.037447 11.098630 2.011969
v -2.839157 10.998953 1.257238
v -1.753390 16.444269 0.424257
v -1.598907 10.377794 2.389814
v -0.783770 10.691397 2.290924
v -1.091101 14.036250 -0.234966
v -1.170009 12.782233 4.997742
v -0.764467 13.572248 3.969870
v -0.768280 11.977666 2.408705
v -0.586210 8.436364 -0.013193
v -1.523469 12.895724 2.656112
v -1.882211 10.381541 1.800224
v -1.193003 9.270608 2.077857
v -2.246195 16.301136 0.281203
v -2.287659 11.051166 4.342303
v -0.752849 11.985872 4.012702
v -1.623285 11.259570 4.996506
v -1.516453 8.100578 1.997448
v -2.262511 10.927843 0.447883
v -0.926490 15.170168 1.249145
v -2.077511 14.260660 1.465276
v -1.347783 12.350523 3.520622
v -0.205639 12.320738 6.521848
v -1.177123 11.289639 4.973612
v -0.891242 4.430259 3.475505
v -0.588886 3.276504 3.053368
v -0.537671 7.477213 -7.312520
v -2.653842 1.009711 1.352266
v -1.426681 8.558881 0.134422
v -1.154279 4.107095 3.252309
v -0.920554 13.845077 3.120971
v -3.255563 -0.085446 2.905353
v -1.492783 4.792842 3.116232
v -1.938325 15.844213 -0.185833
v -1.001332 4.750911 -0.837030
v -0.431147 2.855435 2.472636
v -5.520732 6.883324 1.166279
v -2.108340 0.809822 -0.538560
v -0.737995 11.537842 -0.647376
v -0.984771 11.887922 4.252666
v -0.225076 11.121230 5.226107
v -1.835040 0.258910 3.564700
v -1.113457 3.462637 -0.942345
v -2.029315 2.692720 -2.493898
v -0.439001 11.801774 6.166949
v -2.082563 15.856761 0.771164
v -1.132428 6.331795 -7.092492
v -2.450278 0.406099 -0.217821
v -1.418208 0.201718 2.998244
v -2.488050 10.789939 2.770627
v -1.740194 1.020372 0.937708
v -2.041089 2.122933 -5.404119
v -0.346217 2.264563 0.345427
v -2.074780 14.263078 2.605329
v -3.152910 0.404548 3.303442
v -7.446765 5.355027 2.442658
v -7.614985 5.395351 2.466322
v -7.679069 5.208981 2.329636
v -7.449032 5.226719 2.327609
v -7.701337 5.471869 2.373444
v -7.743794 5.395348 2.244981
v -7.687828 5.361039 2.106700
v -7.599963 5.236779 2.110822
v -7.443787 5.224396 2.163211
v -7.470768 5.629440 2.388757
v -7.587588 5.672158 2.283452
v -7.622613 5.622735 2.128097
v -7.583233 5.534066 2.007160
v -7.451952 5.436563 1.967613
v -7.311247 5.392063 2.063019
v -7.272219 5.429177 2.225117
v -7.320322 5.539881 2.363378
v -7.324482 5.855426 2.238442
v -7.439940 5.900712 2.153417
v -7.485174 5.864913 2.005100
v -7.429988 5.773637 1.891667
v -7.306828 5.683059 1.875516
v -7.198242 5.636686 1.970418
v -7.160177 5.669593 2.101929
v -7.205024 5.757825 2.217808
v -7.032341 6.288414 2.036256
v -7.152482 6.403272 1.903042
v -7.200930 6.356059 1.752684
v -7.132445 6.243117 1.658401
v -6.989224 6.139003 1.621375
v -6.916780 6.006780 1.743966
v -6.860663 6.008091 1.904781
v -6.920689 6.109695 2.052478
v -7.183138 6.093303 2.111729
v -7.046652 5.989616 2.115102
v -6.982871 5.878194 1.984476
v -7.033518 5.857309 1.828372
v -7.151839 5.937339 1.753822
v -7.276995 6.025911 1.769361
v -7.354109 6.120633 1.873064
v -7.301367 6.155380 2.031718
v -7.270874 5.243733 1.786516
v -7.459851 5.268824 1.792550
v -7.480371 5.125896 1.631739
v -7.230537 5.141698 1.642754
v -7.529022 5.409922 1.657591
v -7.529769 5.344402 1.521633
v -7.364435 5.176085 1.398454
v -7.454821 5.316982 1.400465
v -7.221663 5.153730 1.467170
v -7.145232 5.431083 1.730672
v -7.077117 5.354682 1.571904
v -7.114906 5.318628 1.414294
v -7.227029 5.373393 1.314458
v -7.340198 5.478757 1.339773
v -7.400460 5.558241 1.444925
v -7.417719 5.596641 1.592304
v -7.339468 5.524206 1.770283
v -6.963288 5.595119 1.462564
v -7.002129 5.659252 1.612184
v -7.017406 5.560823 1.339461
v -7.109369 5.590459 1.270974
v -7.218483 5.670555 1.288501
v -7.286728 5.750508 1.385050
v -7.296800 5.791246 1.520674
v -7.245535 5.723980 1.660782
v -6.740143 5.965430 1.431764
v -6.863273 5.983548 1.583120
v -6.760389 5.959808 1.334622
v -6.832329 5.971441 1.193960
v -6.985747 6.035852 1.169718
v -7.098263 6.090197 1.301444
v -7.117405 6.141719 1.466464
v -6.862994 5.702750 1.459563
v -6.919464 5.669961 1.321933
v -7.000318 5.740039 1.227636
v -7.114417 5.837576 1.234877
v -7.190983 5.911559 1.349572
v -7.209868 5.955201 1.488882
v -7.131580 5.923919 1.625581
v -6.920447 5.775030 1.613503
v -6.811283 6.034472 1.720828
v -7.123222 6.329294 1.460442
v -7.181704 6.494528 1.640735
v -7.075006 6.221179 1.233095
v -7.155690 6.579757 1.858430
v -7.637340 5.708665 2.734839
v -7.536690 5.608701 2.747217
v -7.560602 5.661766 2.926587
v -7.661593 5.796199 2.848606
v -7.377412 5.626755 2.770051
v -7.359486 5.682156 2.896944
v -7.352591 5.800577 2.980479
v -7.491488 5.828991 3.025641
v -7.597335 5.906196 2.932894
v -7.246584 6.215788 2.732107
v -7.380422 6.220429 2.660519
v -7.130027 6.124933 2.711221
v -7.097815 6.011836 2.616002
v -7.147675 5.920633 2.493352
v -7.300018 5.914701 2.398575
v -7.436087 6.002648 2.433158
v -7.453801 6.146814 2.538875
v -7.517133 6.044462 2.821073
v -7.378567 6.033401 2.916696
v -7.242462 5.938897 2.885175
v -7.215371 5.813420 2.779660
v -7.266785 5.722031 2.649099
v -7.431968 5.714225 2.561905
v -7.573789 5.820288 2.594821
v -7.589468 5.942903 2.703813
v -6.929621 6.645137 2.355750
v -7.046472 6.667480 2.292683
v -6.816056 6.581139 2.374596
v -6.717706 6.438101 2.295071
v -6.837540 6.303770 2.133182
v -7.096606 6.463297 2.067626
v -7.136792 6.582062 2.185750
v -7.095290 6.420100 2.545830
v -6.972790 6.344819 2.553620
v -6.917395 6.212991 2.458760
v -6.988674 6.115973 2.321755
v -7.161592 6.143863 2.231379
v -7.275520 6.246308 2.245867
v -7.303064 6.381135 2.355150
v -7.223914 6.451407 2.480947
v -7.128291 6.740560 2.043150
v -7.009563 6.816048 2.184460
v -6.853572 6.781267 2.267588
v -6.709647 6.686767 2.280585
v -6.564694 6.489395 2.229290
v -6.558892 6.306317 2.095307
v -6.809899 6.172549 1.979999
v -6.653716 6.064674 1.829016
v -6.444240 6.246000 1.682034
v -6.469085 6.113178 1.435206
v -6.413028 6.390413 1.929794
v -6.422257 6.569899 2.141561
v -6.543207 6.080781 1.231372
v -6.664929 6.121372 1.094211
v -6.825402 6.223847 1.057098
v -6.582566 6.784453 2.200666
v -6.767736 6.907145 2.145772
v -6.883802 6.943217 2.026327
v -6.988119 6.884334 1.902158
v -7.051719 6.754494 1.666007
v -7.067366 6.666519 1.523850
v -7.058387 6.533508 1.317171
v -6.706373 7.002337 2.843152
v -6.705625 6.918617 2.849296
v -6.621198 6.981435 2.999547
v -6.615983 7.063770 2.941854
v -6.457952 6.985272 2.988401
v -6.501906 7.064044 2.984136
v -6.455439 6.882864 2.948585
v -6.585679 6.852020 2.927351
v -6.670318 6.839231 2.823253
v -6.370725 6.778216 2.490639
v -6.251721 6.892478 2.586078
v -6.241119 7.030547 2.586485
v -6.346175 7.142346 2.616086
v -6.501515 7.136947 2.555385
v -6.614959 7.065799 2.500457
v -6.636455 6.928134 2.439476
v -6.538471 6.783351 2.420169
v -6.339834 6.860307 2.776653
v -6.459349 6.772367 2.701165
v -6.609961 6.779749 2.626808
v -6.692411 6.908249 2.606906
v -6.662072 7.041640 2.667222
v -6.557564 7.102484 2.732528
v -6.426424 7.106441 2.799170
v -6.331491 7.004449 2.804051
v -6.270134 6.757556 2.159470
v -6.117719 6.913218 2.303495
v -6.120914 7.070088 2.325967
v -6.162120 7.195137 2.304987
v -6.313264 7.229641 2.243646
v -6.414573 7.123195 2.181279
v -6.449922 7.020608 2.138915
v -6.471447 6.807370 2.221511
v -6.661670 7.083340 1.909633
v -6.797539 7.035583 1.746102
v -6.857164 6.938808 1.536277
v -6.870945 6.873932 1.409150
v -6.852359 6.744672 1.193280
v -6.682728 6.516416 0.976884
v -6.486596 6.385033 0.974461
v -6.331753 6.301252 1.156558
v -6.277926 6.353924 1.376447
v -6.248756 6.460591 1.609656
v -6.219074 6.569980 1.871909
v -6.001276 7.378812 1.808580
v -6.084244 7.370708 1.643499
v -6.156843 7.338404 1.468061
v -6.208264 7.285273 1.291581
v -6.194603 7.202353 1.140710
v -6.149965 7.093510 1.009747
v -6.079049 6.966634 0.924751
v -5.987432 6.840037 0.944379
v -5.934026 6.722252 1.097210
v -5.856633 6.716384 1.270213
v -5.830739 6.785132 1.456290
v -5.790056 6.871511 1.641067
v -5.802211 6.992044 1.789075
v -6.301076 7.297975 2.051199
v -6.396952 7.240182 1.804393
v -6.483737 7.186866 1.610956
v -6.544723 7.121627 1.428752
v -6.546315 7.034277 1.266286
v -6.500433 6.908202 1.097309
v -6.419480 6.752938 0.937814
v -6.251478 6.619093 0.934779
v -6.120759 6.527426 1.111361
v -6.059667 6.545516 1.323605
v -6.014291 6.610480 1.539396
v -5.968916 6.691167 1.769725
v -5.965719 6.833818 1.975344
v -6.092261 7.260232 2.112330
v -6.020352 7.139704 2.104471
v -5.984645 7.001669 2.068047
v -5.902470 7.332706 1.897975
v -5.863269 7.233737 1.918129
v -5.839447 7.115348 1.870444
vt 0.515653 0.520369
vt 0.519796 0.529035
vt 0.513045 0.530203
vt 0.507632 0.521219
vt 0.502512 0.511496
vt 0.511150 0.510611
vt 0.523413 0.509502
vt 0.525664 0.520831
vt 0.528137 0.528383
vt 0.518558 0.537913
vt 0.513828 0.539931
vt 0.507043 0.531812
vt 0.500646 0.522465
vt 0.524159 0.536095
vt 0.520204 0.546452
vt 0.517147 0.549353
vt 0.509481 0.542301
vt 0.501452 0.533866
vt 0.523703 0.543921
vt 0.545387 0.648204
vt 0.553061 0.646369
vt 0.514331 0.552383
vt 0.505455 0.545143
vt 0.540059 0.652124
vt 0.550056 0.622215
vt 0.562293 0.622120
vt 0.561448 0.646207
vt 0.654545 0.549931
vt 0.540943 0.635098
vt 0.415696 0.217769
vt 0.397380 0.208735
vt 0.400808 0.197044
vt 0.418725 0.201798
vt 0.438861 0.205038
vt 0.435915 0.226369
vt 0.428828 0.246017
vt 0.409533 0.232415
vt 0.391803 0.219761
vt 0.385038 0.190432
vt 0.380921 0.199284
vt 0.367616 0.189736
vt 0.977255 0.377926
vt 0.968688 0.364545
vt 0.388085 0.181672
vt 0.402579 0.185473
vt 0.961324 0.379014
vt 0.954393 0.368686
vt 0.946112 0.360297
vt 0.958954 0.354127
vt 0.390262 0.173306
vt 0.966613 0.391092
vt 0.937180 0.365037
vt 0.929340 0.360323
vt 0.936029 0.353651
vt 0.945591 0.344664
vt 0.944329 0.371894
vt 0.950277 0.380160
vt 0.955391 0.390245
vt 0.924158 0.365980
vt 0.917308 0.363986
vt 0.919931 0.357427
vt 0.923712 0.349336
vt 0.930360 0.369326
vt 0.936814 0.375116
vt 0.941856 0.381952
vt 0.914811 0.369461
vt 0.909879 0.368530
vt 0.909850 0.364050
vt 0.909858 0.357377
vt 0.920023 0.371079
vt 0.925026 0.373909
vt 0.930437 0.378226
vt 0.934666 0.383774
vt 0.915899 0.375605
vt 0.910949 0.373911
vt 0.906233 0.371611
vt 0.920608 0.377699
vt 0.924803 0.380758
vt 0.928006 0.385323
vt 0.920664 0.382743
vt 0.916911 0.381384
vt 0.912305 0.380172
vt 0.921320 0.386309
vt 0.673906 0.234268
vt 0.674675 0.253385
vt 0.668478 0.247060
vt 0.667349 0.231589
vt 0.658847 0.209858
vt 0.665537 0.207818
vt 0.670650 0.204730
vt 0.680576 0.235762
vt 0.679510 0.262310
vt 0.859365 0.574815
vt 0.846310 0.574413
vt 0.540195 0.613061
vt 0.395652 0.071878
vt 0.308677 0.316170
vt 0.860056 0.604784
vt 0.845717 0.605306
vt 0.310968 0.304155
vt 0.329936 0.309830
vt 0.330147 0.324880
vt 0.864183 0.637761
vt 0.388348 0.078794
vt 0.915521 0.453018
vt 0.915508 0.459394
vt 0.908999 0.459174
vt 0.909984 0.453173
vt 0.909747 0.447193
vt 0.914694 0.446370
vt 0.919801 0.445198
vt 0.921144 0.451734
vt 0.922393 0.458200
vt 0.926083 0.449473
vt 0.928572 0.454978
vt 0.924556 0.443640
vt 0.929438 0.442800
vt 0.929543 0.447382
vt 0.932833 0.449588
vt 0.915438 0.465844
vt 0.907385 0.465013
vt 0.900574 0.461921
vt 0.903178 0.457142
vt 0.905101 0.452349
vt 0.923897 0.464302
vt 0.931790 0.459408
vt 0.937465 0.452225
vt 0.905772 0.469817
vt 0.897737 0.465461
vt 0.891851 0.459386
vt 0.895355 0.457490
vt 0.898508 0.453849
vt 0.915622 0.471748
vt 0.926160 0.469393
vt 0.935277 0.462776
vt 0.941536 0.453589
vt 0.916015 0.475042
vt 0.904539 0.472590
vt 0.895667 0.467455
vt 0.928151 0.472753
vt 0.939273 0.465711
vt 0.945563 0.453866
vt 0.929606 0.473480
vt 0.917954 0.476055
vt 0.904562 0.473083
vt 0.942215 0.465451
vt 0.949186 0.451906
vt 0.945962 0.463117
vt 0.932548 0.473085
vt 0.918491 0.476472
vt 0.951396 0.449224
vt 0.954333 0.442539
vt 0.952590 0.457766
vt 0.938261 0.472074
vt 0.901040 0.448997
vt 0.906329 0.448233
vt 0.904132 0.444491
vt 0.869858 0.920753
vt 0.885077 0.920777
vt 0.883741 0.935486
vt 0.868449 0.934090
vt 0.853744 0.933808
vt 0.854694 0.920849
vt 0.855197 0.904613
vt 0.870300 0.904516
vt 0.885285 0.904771
vt 0.880196 0.946917
vt 0.866100 0.944970
vt 0.902503 0.938149
vt 0.894404 0.950650
vt 0.888148 0.959176
vt 0.875833 0.955523
vt 0.863279 0.954210
vt 0.356161 0.664699
vt 0.386823 0.710474
vt 0.375133 0.705214
vt 0.340809 0.659013
vt 0.305244 0.632529
vt 0.319849 0.632880
vt 0.336073 0.633560
vt 0.882757 0.965956
vt 0.894054 0.971279
vt 0.556482 0.462525
vt 0.555336 0.472548
vt 0.547305 0.468949
vt 0.549640 0.459921
vt 0.551325 0.451287
vt 0.557134 0.453105
vt 0.562802 0.453942
vt 0.562819 0.463686
vt 0.562536 0.474303
vt 0.553257 0.482603
vt 0.544275 0.478004
vt 0.561396 0.485157
vt 0.549955 0.492146
vt 0.540320 0.486626
vt 0.559089 0.495563
vt 0.545676 0.500785
vt 0.535475 0.494465
vt 0.555671 0.504884
vt 0.541146 0.508374
vt 0.530046 0.501658
vt 0.551986 0.512596
vt 0.537665 0.515433
vt 0.549011 0.518590
vt 0.536635 0.522119
vt 0.547912 0.524087
vt 0.537521 0.528101
vt 0.548426 0.528722
vt 0.434766 0.630781
vt 0.435649 0.637346
vt 0.430693 0.637003
vt 0.428246 0.632440
vt 0.424676 0.627320
vt 0.431474 0.624223
vt 0.438780 0.622441
vt 0.442931 0.630629
vt 0.443592 0.639483
vt 0.440165 0.647689
vt 0.433073 0.643922
vt 0.427357 0.640604
vt 0.428947 0.649504
vt 0.423081 0.645527
vt 0.435395 0.653476
vt 0.919614 0.866807
vt 0.900432 0.866490
vt 0.899378 0.842843
vt 0.917470 0.845122
vt 0.939351 0.846120
vt 0.940789 0.864434
vt 0.944531 0.878056
vt 0.923337 0.886808
vt 0.901868 0.887273
vt 0.917791 0.820875
vt 0.940511 0.824192
vt 0.899635 0.817244
vt 0.462436 0.845038
vt 0.465033 0.854709
vt 0.458064 0.832633
vt 0.966636 0.827428
vt 0.476644 0.828400
vt 0.478598 0.842064
vt 0.473135 0.812437
vt 0.918095 0.905617
vt 0.916979 0.919421
vt 0.901137 0.921254
vt 0.901534 0.905286
vt 0.938376 0.895614
vt 0.251949 0.541971
vt 0.261999 0.547939
vt 0.257725 0.528465
vt 0.267744 0.533416
vt 0.247823 0.522688
vt 0.252729 0.510170
vt 0.262283 0.514425
vt 0.271673 0.518205
vt 0.271999 0.552647
vt 0.919678 0.932362
vt 0.276867 0.537428
vt 0.280995 0.521539
vt 0.275262 0.502914
vt 0.284156 0.505276
vt 0.265771 0.500041
vt 0.268838 0.485306
vt 0.278296 0.487588
vt 0.287276 0.489486
vt 0.875991 0.434033
vt 0.880495 0.425699
vt 0.883300 0.432738
vt 0.880807 0.440383
vt 0.880817 0.448992
vt 0.874248 0.445076
vt 0.300063 0.233559
vt 0.869066 0.421716
vt 0.877455 0.414505
vt 0.885728 0.420204
vt 0.886970 0.426415
vt 0.885531 0.410440
vt 0.892569 0.407833
vt 0.892053 0.415883
vt 0.892361 0.420989
vt 0.900193 0.406033
vt 0.899906 0.412435
vt 0.900331 0.416040
vt 0.908825 0.404651
vt 0.909618 0.410010
vt 0.910644 0.413169
vt 0.884453 0.437121
vt 0.883161 0.444139
vt 0.883991 0.452056
vt 0.887872 0.429902
vt 0.893146 0.423661
vt 0.900959 0.418316
vt 0.911340 0.415010
vt 0.921610 0.412887
vt 0.922606 0.414785
vt 0.919875 0.409453
vt 0.931500 0.415124
vt 0.932746 0.417445
vt 0.929450 0.410671
vt 0.937996 0.413247
vt 0.939755 0.418805
vt 0.940305 0.422473
vt 0.945163 0.416875
vt 0.945765 0.424177
vt 0.946303 0.428733
vt 0.951643 0.422374
vt 0.950940 0.431379
vt 0.950511 0.437617
vt 0.886123 0.438676
vt 0.885142 0.445739
vt 0.886174 0.453212
vt 0.889048 0.431733
vt 0.894079 0.425489
vt 0.901812 0.420067
vt 0.911986 0.416753
vt 0.922889 0.416573
vt 0.932662 0.419429
vt 0.940060 0.424465
vt 0.887653 0.446194
vt 0.888716 0.452885
vt 0.888469 0.439640
vt 0.891114 0.433320
vt 0.896047 0.427363
vt 0.903394 0.422332
vt 0.912741 0.419333
vt 0.922588 0.419076
vt 0.890760 0.446034
vt 0.891898 0.451617
vt 0.891566 0.440547
vt 0.894005 0.434873
vt 0.899142 0.429642
vt 0.905675 0.425375
vt 0.893168 0.445731
vt 0.894912 0.449288
vt 0.894667 0.442252
vt 0.897383 0.437782
vt 0.884683 0.459045
vt 0.879431 0.457912
vt 0.869715 0.461045
vt 0.887636 0.460331
vt 0.889510 0.460557
vt 0.418752 0.640937
vt 0.417187 0.651084
vt 0.412181 0.644370
vt 0.411118 0.636208
vt 0.416180 0.636406
vt 0.419529 0.631957
vt 0.423380 0.635916
vt 0.424133 0.655607
vt 0.430484 0.658344
vt 0.370300 0.454030
vt 0.248417 0.447627
vt 0.243105 0.461968
vt 0.373267 0.469981
vt 0.362558 0.472152
vt 0.359894 0.455999
vt 0.356540 0.440162
vt 0.366047 0.438559
vt 0.375722 0.436404
vt 0.238253 0.476322
vt 0.376629 0.485893
vt 0.365475 0.488510
vt 0.233594 0.489097
vt 0.380348 0.500505
vt 0.368804 0.504019
vt 0.229448 0.500044
vt 0.384181 0.512580
vt 0.372057 0.517198
vt 0.351998 0.473747
vt 0.350084 0.457377
vt 0.347591 0.441295
vt 0.354819 0.490474
vt 0.357375 0.506778
vt 0.361044 0.521678
vt 0.341124 0.458196
vt 0.338764 0.442000
vt 0.342523 0.474790
vt 0.344445 0.491744
vt 0.347029 0.508736
vt 0.332720 0.458642
vt 0.331751 0.442193
vt 0.333848 0.475410
vt 0.335270 0.492567
vt 0.337135 0.509860
vt 0.325183 0.458777
vt 0.324612 0.442079
vt 0.325726 0.475683
vt 0.326484 0.493027
vt 0.318014 0.458662
vt 0.318286 0.441800
vt 0.317983 0.475683
vt 0.311455 0.458365
vt 0.312088 0.441361
vt 0.310702 0.475471
vt 0.313078 0.424366
vt 0.319208 0.424960
vt 0.325201 0.425554
vt 0.331646 0.425960
vt 0.320751 0.407823
vt 0.326615 0.408798
vt 0.332527 0.409563
vt 0.337786 0.426223
vt 0.338414 0.410141
vt 0.333752 0.392964
vt 0.339515 0.393627
vt 0.327813 0.391972
vt 0.345543 0.425779
vt 0.344385 0.410449
vt 0.345276 0.393924
vt 0.340177 0.377085
vt 0.346056 0.377440
vt 0.334291 0.376439
vt 0.353851 0.424884
vt 0.351969 0.409835
vt 0.351966 0.393696
vt 0.352476 0.377257
vt 0.363215 0.423360
vt 0.360861 0.408783
vt 0.359840 0.393442
vt 0.360283 0.377417
vt 0.281824 0.775060
vt 0.281147 0.768873
vt 0.286735 0.768440
vt 0.287324 0.775790
vt 0.287088 0.783404
vt 0.280327 0.780846
vt 0.274777 0.777017
vt 0.277502 0.773968
vt 0.275815 0.769647
vt 0.292417 0.767735
vt 0.293346 0.775427
vt 0.293824 0.783439
vt 0.299184 0.774210
vt 0.300366 0.781884
vt 0.298073 0.766583
vt 0.285470 0.761470
vt 0.291120 0.760370
vt 0.296817 0.759383
vt 0.303421 0.765508
vt 0.304334 0.772388
vt 0.302538 0.758595
vt 0.897519 0.445280
vt 0.900990 0.440448
vt 0.905431 0.436952
vt 0.908046 0.441856
vt 0.902169 0.432880
vt 0.910691 0.434139
vt 0.912984 0.440497
vt 0.908152 0.429342
vt 0.915024 0.427208
vt 0.916534 0.432706
vt 0.918153 0.438437
vt 0.921884 0.426703
vt 0.922298 0.431692
vt 0.923271 0.437595
vt 0.928097 0.427734
vt 0.927565 0.431828
vt 0.928528 0.436962
vt 0.933201 0.430605
vt 0.931548 0.432855
vt 0.933213 0.436938
vt 0.419249 0.186670
vt 0.403252 0.175028
vt 0.418147 0.173994
vt 0.403067 0.165041
vt 0.416007 0.162976
vt 0.391502 0.164829
vt 0.930087 0.338332
vt 0.391760 0.156364
vt 0.401573 0.155526
vt 0.911961 0.337220
vt 0.390237 0.148163
vt 0.398824 0.146428
vt 0.910207 0.348813
vt 0.387840 0.140663
vt 0.395554 0.137912
vt 0.894118 0.341531
vt 0.895901 0.352945
vt 0.899180 0.360939
vt 0.902458 0.367131
vt 0.384099 0.134370
vt 0.391442 0.130266
vt 0.878509 0.350639
vt 0.884599 0.360625
vt 0.890565 0.367588
vt 0.867575 0.737144
vt 0.883668 0.739291
vt 0.884748 0.763332
vt 0.869134 0.759506
vt 0.855479 0.756321
vt 0.854647 0.734243
vt 0.854867 0.715516
vt 0.867343 0.718368
vt 0.879756 0.721828
vt 0.908484 0.735757
vt 0.903813 0.767490
vt 0.892937 0.706350
vt 0.229789 0.668565
vt 0.230036 0.660926
vt 0.243339 0.660934
vt 0.243477 0.669586
vt 0.244057 0.677801
vt 0.230289 0.678173
vt 0.214094 0.675285
vt 0.214754 0.667176
vt 0.216253 0.659784
vt 0.631378 0.358898
vt 0.651927 0.346052
vt 0.217961 0.654836
vt 0.668595 0.328365
vt 0.255928 0.660506
vt 0.255671 0.669972
vt 0.628705 0.350689
vt 0.644730 0.341048
vt 0.660069 0.324783
vt 0.678832 0.307672
vt 0.265984 0.660339
vt 0.668934 0.298813
vt 0.856354 0.833978
vt 0.856009 0.860272
vt 0.840832 0.859772
vt 0.841346 0.832992
vt 0.841877 0.805345
vt 0.856490 0.806732
vt 0.870615 0.809733
vt 0.870560 0.836484
vt 0.870573 0.861903
vt 0.884803 0.864435
vt 0.885298 0.886067
vt 0.870471 0.884730
vt 0.855607 0.884157
vt 0.883881 0.839701
vt 0.549183 0.418044
vt 0.551059 0.419349
vt 0.547933 0.424941
vt 0.545897 0.423077
vt 0.543934 0.420731
vt 0.547271 0.416300
vt 0.550694 0.411672
vt 0.552640 0.412912
vt 0.554546 0.413930
vt 0.508138 0.476540
vt 0.513681 0.484449
vt 0.507554 0.488727
vt 0.502713 0.480531
vt 0.498831 0.473173
vt 0.503519 0.469228
vt 0.508145 0.464119
vt 0.513051 0.471189
vt 0.518968 0.478723
vt 0.513129 0.458209
vt 0.517840 0.464824
vt 0.523704 0.471920
vt 0.518605 0.451715
vt 0.522777 0.457825
vt 0.528302 0.464494
vt 0.524375 0.445419
vt 0.527909 0.450954
vt 0.532796 0.457046
vt 0.532959 0.444999
vt 0.537077 0.450206
vt 0.530069 0.440225
vt 0.537523 0.439937
vt 0.540984 0.444050
vt 0.534963 0.436043
vt 0.541376 0.435172
vt 0.544331 0.438271
vt 0.539097 0.432027
vt 0.544741 0.430253
vt 0.547297 0.432444
vt 0.542663 0.427828
vt 0.520752 0.492887
vt 0.513996 0.498122
vt 0.526395 0.486683
vt 0.531270 0.479490
vt 0.535606 0.471594
vt 0.539447 0.463466
vt 0.542799 0.455563
vt 0.293121 0.791340
vt 0.284651 0.789988
vt 0.277137 0.786062
vt 0.306520 0.779209
vt 0.308746 0.765129
vt 0.308360 0.770690
vt 0.311455 0.774437
vt 0.308420 0.758251
vt 0.314476 0.759174
vt 0.313872 0.767258
vt 0.307303 0.750983
vt 0.313319 0.750320
vt 0.301285 0.751523
vt 0.304947 0.744058
vt 0.310050 0.741854
vt 0.299326 0.744480
vt 0.297531 0.737534
vt 0.302458 0.738641
vt 0.304593 0.734701
vt 0.295271 0.752247
vt 0.293343 0.744772
vt 0.291276 0.737032
vt 0.289433 0.753218
vt 0.287327 0.745732
vt 0.284779 0.737782
vt 0.283694 0.754607
vt 0.281414 0.747484
vt 0.278405 0.739839
vt 0.277797 0.756388
vt 0.275546 0.749871
vt 0.272753 0.743080
vt 0.314159 0.407193
vt 0.314818 0.390716
vt 0.322062 0.390680
vt 0.328110 0.375548
vt 0.322038 0.374399
vt 0.568102 0.445490
vt 0.562909 0.445223
vt 0.563264 0.437475
vt 0.568145 0.437779
vt 0.573233 0.437748
vt 0.573385 0.445336
vt 0.573688 0.454038
vt 0.568278 0.454209
vt 0.563976 0.430528
vt 0.568495 0.430937
vt 0.573275 0.431039
vt 0.565158 0.424273
vt 0.569207 0.424807
vt 0.573522 0.425005
vt 0.570210 0.419294
vt 0.573922 0.419497
vt 0.566742 0.418743
vt 0.571299 0.414531
vt 0.574371 0.414529
vt 0.568486 0.414167
vt 0.572040 0.410686
vt 0.574666 0.410264
vt 0.569888 0.411193
vt 0.571725 0.407895
vt 0.574527 0.407014
vt 0.568847 0.409671
vt 0.570805 0.405944
vt 0.574058 0.404776
vt 0.567384 0.408239
vt 0.569681 0.404394
vt 0.573431 0.402902
vt 0.565811 0.406994
vt 0.564215 0.405851
vt 0.568444 0.402962
vt 0.572720 0.401209
vt 0.562485 0.404749
vt 0.567025 0.401530
vt 0.571926 0.399489
vt 0.571900 0.516298
vt 0.562129 0.515020
vt 0.564788 0.507230
vt 0.573137 0.508550
vt 0.581278 0.509070
vt 0.581583 0.516829
vt 0.581806 0.522486
vt 0.570978 0.522166
vt 0.560017 0.520802
vt 0.567048 0.497316
vt 0.574125 0.498099
vt 0.580862 0.498502
vt 0.568400 0.486269
vt 0.574569 0.486675
vt 0.580407 0.486955
vt 0.574490 0.475088
vt 0.579935 0.474942
vt 0.568812 0.474955
vt 0.574102 0.463973
vt 0.579488 0.463580
vt 0.568612 0.464045
vt 0.579094 0.453578
vt 0.578752 0.444886
vt 0.578459 0.437413
vt 0.578199 0.430822
vt 0.577965 0.424865
vt 0.577749 0.419356
vt 0.577549 0.414286
vt 0.577375 0.409854
vt 0.577247 0.406587
vt 0.577158 0.404339
vt 0.577082 0.402408
vt 0.577011 0.400598
vt 0.576938 0.398724
vt 0.570906 0.397706
vt 0.576855 0.396632
vt 0.565455 0.400178
vt 0.569423 0.395747
vt 0.576761 0.394217
vt 0.563460 0.398922
vt 0.560658 0.397752
vt 0.566822 0.393980
vt 0.576633 0.390962
vt 0.556165 0.397232
vt 0.561175 0.392687
vt 0.585949 0.387783
vt 0.570675 0.526340
vt 0.559180 0.525574
vt 0.581957 0.526324
vt 0.571097 0.529516
vt 0.559730 0.529370
vt 0.582071 0.529217
vt 0.571819 0.532304
vt 0.561170 0.532348
vt 0.582181 0.531989
vt 0.573111 0.535165
vt 0.563553 0.535533
vt 0.582314 0.535369
vt 0.549953 0.705868
vt 0.540990 0.699056
vt 0.582542 0.541164
vt 0.547254 0.724474
vt 0.535016 0.716933
vt 0.559194 0.725776
vt 0.549908 0.532597
vt 0.553236 0.535177
vt 0.532687 0.692373
vt 0.563626 0.417798
vt 0.566151 0.413031
vt 0.561462 0.423484
vt 0.559808 0.429872
vt 0.558642 0.436859
vt 0.557784 0.444555
vt 0.539719 0.532986
vt 0.542302 0.536532
vt 0.552468 0.406073
vt 0.554364 0.407085
vt 0.548953 0.409909
vt 0.547930 0.407215
vt 0.550973 0.405098
vt 0.552754 0.401776
vt 0.556040 0.401979
vt 0.558512 0.402775
vt 0.560626 0.403728
vt 0.556324 0.408015
vt 0.558347 0.408960
vt 0.560167 0.409852
vt 0.556399 0.414809
vt 0.562014 0.410801
vt 0.558426 0.415693
vt 0.564006 0.411866
vt 0.560882 0.416729
vt 0.548373 0.403061
vt 0.550545 0.397890
vt 0.553911 0.392576
vt 0.544716 0.399621
vt 0.546634 0.393659
vt 0.543662 0.405398
vt 0.595616 0.385799
vt 0.604510 0.385464
vt 0.540390 0.395414
vt 0.611759 0.386027
vt 0.539683 0.401848
vt 0.404360 0.647021
vt 0.395758 0.649193
vt 0.395640 0.634156
vt 0.402898 0.635438
vt 0.410513 0.656479
vt 0.402530 0.662613
vt 0.431191 0.665672
vt 0.419716 0.663814
vt 0.221456 0.694137
vt 0.229124 0.691311
vt 0.230471 0.699054
vt 0.222130 0.700973
vt 0.213450 0.701572
vt 0.213557 0.694601
vt 0.213682 0.688897
vt 0.219960 0.689121
vt 0.224000 0.684572
vt 0.230641 0.706783
vt 0.222179 0.708197
vt 0.213374 0.708589
vt 0.238913 0.696713
vt 0.238678 0.704378
vt 0.237512 0.688417
vt 0.230641 0.713900
vt 0.222198 0.714948
vt 0.213348 0.715311
vt 0.238541 0.712173
vt 0.247294 0.702137
vt 0.246219 0.709622
vt 0.246796 0.694610
vt 0.229788 0.719673
vt 0.221729 0.720506
vt 0.213359 0.720608
vt 0.237394 0.718430
vt 0.244843 0.716751
vt 0.254471 0.707577
vt 0.253037 0.715376
vt 0.254732 0.700070
vt 0.228575 0.725740
vt 0.221103 0.726384
vt 0.213387 0.726360
vt 0.235542 0.724749
vt 0.242469 0.723924
vt 0.249231 0.723594
vt 0.262882 0.714783
vt 0.255834 0.724312
vt 0.263618 0.705631
vt 0.228260 0.733275
vt 0.221094 0.733737
vt 0.213432 0.733665
vt 0.234796 0.732628
vt 0.240892 0.732112
vt 0.246430 0.732316
vt 0.228847 0.742755
vt 0.221561 0.743215
vt 0.213568 0.743283
vt 0.235024 0.742232
vt 0.213838 0.682819
vt 0.245514 0.686643
vt 0.254473 0.685540
vt 0.254509 0.692575
vt 0.404345 0.523731
vt 0.231624 0.524940
vt 0.478893 0.852403
vt 0.391225 0.529583
vt 0.491945 0.853011
vt 0.488656 0.861222
vt 0.493658 0.841474
vt 0.494268 0.825942
vt 0.492354 0.807621
vt 0.400442 0.516219
vt 0.236599 0.515868
vt 0.388005 0.521576
vt 0.240668 0.505347
vt 0.375997 0.528591
vt 0.511198 0.722471
vt 0.496071 0.738559
vt 0.485445 0.722344
vt 0.473759 0.158430
vt 0.462320 0.141257
vt 0.522490 0.701326
vt 0.525107 0.745450
vt 0.504192 0.758800
vt 0.244971 0.493409
vt 0.248901 0.479756
vt 0.253171 0.465262
vt 0.257333 0.450170
vt 0.262181 0.435673
vt 0.262825 0.467939
vt 0.259094 0.482701
vt 0.255723 0.496972
vt 0.266314 0.452542
vt 0.270459 0.437247
vt 0.272048 0.470134
vt 0.275358 0.454473
vt 0.278538 0.438505
vt 0.283664 0.455793
vt 0.281049 0.471946
vt 0.286075 0.439357
vt 0.291130 0.456744
vt 0.289403 0.473357
vt 0.303833 0.475048
vt 0.304688 0.458005
vt 0.305493 0.440854
vt 0.296927 0.474312
vt 0.302800 0.491981
vt 0.295335 0.490911
vt 0.297884 0.457498
vt 0.310264 0.492648
vt 0.318289 0.492990
vt 0.292827 0.507463
vt 0.301716 0.509034
vt 0.310067 0.510020
vt 0.318892 0.510510
vt 0.309262 0.527555
vt 0.299312 0.526218
vt 0.290035 0.524180
vt 0.319356 0.528188
vt 0.297114 0.543395
vt 0.286685 0.540815
vt 0.308103 0.545095
vt 0.319269 0.545771
vt 0.318796 0.562451
vt 0.486099 0.909676
vt 0.945817 0.946056
vt 0.493359 0.917190
vt 0.934177 0.954094
vt 0.500905 0.911209
vt 0.975510 0.446991
vt 0.982985 0.429403
vt 0.369500 0.216546
vt 0.362090 0.224644
vt 0.354697 0.232163
vt 0.343002 0.223029
vt 0.964232 0.438444
vt 0.969022 0.422316
vt 0.958304 0.430909
vt 0.960210 0.416669
vt 0.375630 0.208080
vt 0.384797 0.229430
vt 0.376434 0.238006
vt 0.985930 0.411232
vt 0.969660 0.405940
vt 0.958997 0.402537
vt 0.952178 0.411522
vt 0.949824 0.400156
vt 0.401143 0.244490
vt 0.946190 0.390164
vt 0.940751 0.398579
vt 0.938150 0.390586
vt 0.943408 0.407920
vt 0.933148 0.397886
vt 0.930750 0.391082
vt 0.923122 0.391465
vt 0.870209 0.783855
vt 0.856230 0.780629
vt 0.842379 0.779193
vt 0.842845 0.754880
vt 0.843271 0.732699
vt 0.382531 0.737927
vt 0.391239 0.764632
vt 0.392186 0.787625
vt 0.385224 0.761332
vt 0.374652 0.736997
vt 0.368215 0.714265
vt 0.352231 0.683973
vt 0.396264 0.760991
vt 0.404760 0.766129
vt 0.403961 0.816832
vt 0.397457 0.804672
vt 0.906912 0.979922
vt 0.919076 0.988874
vt 0.365140 0.535177
vt 0.350514 0.524942
vt 0.354258 0.541061
vt 0.497666 0.866276
vt 0.507197 0.877201
vt 0.339629 0.527105
vt 0.341913 0.544424
vt 0.502846 0.889607
vt 0.327906 0.510446
vt 0.329338 0.528023
vt 0.330082 0.545586
vt 0.507550 0.904861
vt 0.513944 0.912939
vt 0.506210 0.918445
vt 0.330385 0.562688
vt 0.514484 0.897629
vt 0.521897 0.907374
vt 0.522476 0.888611
vt 0.530726 0.902026
vt 0.535485 0.874500
vt 0.541788 0.897765
vt 0.517216 0.862981
vt 0.538447 0.848576
vt 0.521994 0.845281
vt 0.524604 0.825377
vt 0.540304 0.826500
vt 0.556498 0.827323
vt 0.555908 0.849833
vt 0.555244 0.875205
vt 0.511890 0.939192
vt 0.391224 0.859088
vt 0.912751 0.973680
vt 0.924826 0.982343
vt 0.511059 0.931895
vt 0.918136 0.967883
vt 0.929511 0.976552
vt 0.509473 0.925497
vt 0.520431 0.936948
vt 0.370783 0.893045
vt 0.519963 0.928684
vt 0.517881 0.921003
vt 0.935067 0.970328
vt 0.528441 0.926616
vt 0.528576 0.935926
vt 0.341425 0.922880
vt 0.526215 0.917201
vt 0.536847 0.924721
vt 0.536731 0.935650
vt 0.301914 0.946024
vt 0.907214 0.378690
vt 0.901823 0.376310
vt 0.896418 0.372594
vt 0.891538 0.379986
vt 0.883659 0.376616
vt 0.898269 0.382538
vt 0.904360 0.384408
vt 0.910124 0.385547
vt 0.915776 0.386183
vt 0.895868 0.390118
vt 0.888475 0.389182
vt 0.879007 0.387903
vt 0.902256 0.390896
vt 0.909034 0.391453
vt 0.886355 0.399428
vt 0.876808 0.400843
vt 0.866038 0.403383
vt 0.868926 0.385825
vt 0.875278 0.371860
vt 0.894095 0.398712
vt 0.358854 0.125581
vt 0.366090 0.130747
vt 0.531815 0.679672
vt 0.522171 0.680066
vt 0.544393 0.749910
vt 0.222212 0.753964
vt 0.229759 0.753381
vt 0.230965 0.763857
vt 0.223111 0.764668
vt 0.213762 0.765054
vt 0.213687 0.754261
vt 0.232631 0.773839
vt 0.239245 0.772721
vt 0.241753 0.782108
vt 0.234667 0.783330
vt 0.225357 0.784110
vt 0.224266 0.774665
vt 0.237185 0.763006
vt 0.235850 0.752764
vt 0.247324 0.780546
vt 0.251474 0.789475
vt 0.244836 0.791502
vt 0.236681 0.792754
vt 0.244243 0.771592
vt 0.241906 0.762315
vt 0.240586 0.752334
vt 0.240087 0.741960
vt 0.251316 0.779184
vt 0.255954 0.787849
vt 0.261545 0.796523
vt 0.255949 0.798778
vt 0.248419 0.800871
vt 0.247781 0.770682
vt 0.245590 0.761827
vt 0.244400 0.752282
vt 0.244804 0.742064
vt 0.260017 0.786363
vt 0.266479 0.794509
vt 0.274481 0.801646
vt 0.268398 0.804880
vt 0.261004 0.808057
vt 0.254664 0.778228
vt 0.250963 0.770216
vt 0.248591 0.761654
vt 0.247598 0.752468
vt 0.248540 0.742657
vt 0.269824 0.792341
vt 0.278169 0.798480
vt 0.288673 0.801851
vt 0.285838 0.809603
vt 0.274785 0.814311
vt 0.263134 0.784897
vt 0.257933 0.777166
vt 0.254136 0.769696
vt 0.251648 0.761744
vt 0.250726 0.752900
vt 0.251994 0.743842
vt 0.261441 0.775992
vt 0.266631 0.783215
vt 0.273284 0.789999
vt 0.257823 0.768873
vt 0.255720 0.761565
vt 0.255044 0.753749
vt 0.256145 0.745777
vt 0.260517 0.761304
vt 0.262521 0.767768
vt 0.265979 0.774263
vt 0.259732 0.754635
vt 0.260527 0.748185
vt 0.263925 0.749985
vt 0.264658 0.754615
vt 0.266055 0.760327
vt 0.632913 0.213944
vt 0.642425 0.212302
vt 0.648666 0.225140
vt 0.637576 0.224354
vt 0.625091 0.223939
vt 0.622599 0.215276
vt 0.619594 0.209205
vt 0.624724 0.205289
vt 0.631001 0.200731
vt 0.651006 0.210787
vt 0.658532 0.226921
vt 0.660509 0.241418
vt 0.650971 0.237094
vt 0.639598 0.234912
vt 0.659302 0.254343
vt 0.666345 0.260397
vt 0.660282 0.275334
vt 0.654942 0.267141
vt 0.647159 0.260810
vt 0.650538 0.248971
vt 0.671605 0.267108
vt 0.664463 0.283839
vt 0.649178 0.301452
vt 0.646060 0.292693
vt 0.646102 0.279952
vt 0.677140 0.275556
vt 0.550103 0.426446
vt 0.553052 0.420422
vt 0.545726 0.448150
vt 0.548201 0.441147
vt 0.550480 0.434398
vt 0.552882 0.427801
vt 0.555439 0.421509
vt 0.552766 0.443286
vt 0.554344 0.435879
vt 0.556077 0.428972
vt 0.558214 0.422532
vt 0.360688 0.749609
vt 0.357058 0.754165
vt 0.343316 0.721738
vt 0.345148 0.716938
vt 0.346450 0.710670
vt 0.363196 0.742905
vt 0.372786 0.775365
vt 0.367853 0.783301
vt 0.361060 0.787651
vt 0.366266 0.819062
vt 0.357389 0.820114
vt 0.376207 0.813101
vt 0.354266 0.856813
vt 0.346262 0.849346
vt 0.364553 0.865825
vt 0.330871 0.887955
vt 0.328168 0.870641
vt 0.326749 0.907640
vt 0.338601 0.839926
vt 0.349268 0.816870
vt 0.354530 0.788098
vt 0.324286 0.855407
vt 0.302705 0.899770
vt 0.307584 0.880846
vt 0.308230 0.864193
vt 0.332237 0.828619
vt 0.342100 0.810245
vt 0.320111 0.840603
vt 0.306525 0.848254
vt 0.292697 0.853486
vt 0.287918 0.838924
vt 0.303741 0.832494
vt 0.316306 0.825936
vt 0.293218 0.867462
vt 0.321734 0.696299
vt 0.321334 0.690327
vt 0.316951 0.678070
vt 0.352326 0.756209
vt 0.340376 0.725066
vt 0.320721 0.700620
vt 0.337184 0.727129
vt 0.319422 0.704073
vt 0.347385 0.756386
vt 0.348057 0.785525
vt 0.333687 0.728566
vt 0.317901 0.707039
vt 0.341712 0.755323
vt 0.341649 0.781022
vt 0.335929 0.801682
vt 0.327303 0.816423
vt 0.336353 0.775688
vt 0.336784 0.753489
vt 0.330087 0.729886
vt 0.331085 0.792804
vt 0.323401 0.804826
vt 0.313398 0.812792
vt 0.301436 0.818148
vt 0.288778 0.822461
vt 0.331932 0.770348
vt 0.332219 0.751544
vt 0.326524 0.731414
vt 0.327613 0.785057
vt 0.320751 0.795255
vt 0.311622 0.802428
vt 0.300187 0.807428
vt 0.327928 0.749902
vt 0.322719 0.732927
vt 0.328325 0.765599
vt 0.324887 0.779022
vt 0.319028 0.789132
vt 0.310731 0.796418
vt 0.299989 0.801056
vt 0.323618 0.749145
vt 0.318577 0.735397
vt 0.324533 0.762392
vt 0.322346 0.774525
vt 0.317870 0.784774
vt 0.310114 0.791970
vt 0.318958 0.749798
vt 0.314742 0.738736
vt 0.320281 0.760792
vt 0.318403 0.770585
vt 0.314728 0.779335
vt 0.350714 0.703074
vt 0.347879 0.706085
vt 0.323668 0.677412
vt 0.329484 0.676616
vt 0.338046 0.677341
vt 0.356276 0.703232
vt 0.365249 0.722472
vt 0.364947 0.727822
vt 0.364594 0.735184
vt 0.611684 0.270699
vt 0.620611 0.269260
vt 0.625148 0.274466
vt 0.613527 0.279576
vt 0.600060 0.281648
vt 0.599734 0.271803
vt 0.599415 0.262160
vt 0.612182 0.261980
vt 0.623386 0.262447
vt 0.616059 0.288058
vt 0.600387 0.291546
vt 0.629801 0.281208
vt 0.612818 0.252956
vt 0.625701 0.253807
vt 0.599096 0.252540
vt 0.612944 0.242780
vt 0.626739 0.243711
vt 0.598797 0.243522
vt 0.598450 0.233055
vt 0.612452 0.232776
vt 0.626481 0.233483
vt 0.637347 0.256323
vt 0.632755 0.266069
vt 0.639652 0.245320
vt 0.611737 0.223750
vt 0.610849 0.214948
vt 0.610319 0.207322
vt 0.640459 0.271960
vt 0.633136 0.288589
vt 0.633845 0.295514
vt 0.618157 0.295650
vt 0.600634 0.299029
vt 0.620028 0.302367
vt 0.600875 0.306361
vt 0.624765 0.308331
vt 0.601103 0.313295
vt 0.626897 0.314733
vt 0.601313 0.319700
vt 0.276624 0.825473
vt 0.274609 0.837507
vt 0.264145 0.838214
vt 0.265996 0.828266
vt 0.265024 0.817758
vt 0.454967 0.586689
vt 0.428788 0.582217
vt 0.401680 0.588487
vt 0.253961 0.840028
vt 0.255216 0.830487
vt 0.275806 0.851030
vt 0.279993 0.858468
vt 0.281297 0.867381
vt 0.472421 0.650410
vt 0.472612 0.630968
vt 0.462317 0.610881
vt 0.276960 0.876213
vt 0.466136 0.667144
vt 0.289565 0.881466
vt 0.461503 0.646056
vt 0.460959 0.632446
vt 0.454174 0.614596
vt 0.451993 0.642225
vt 0.452755 0.631355
vt 0.446249 0.618751
vt 0.289582 0.921029
vt 0.281388 0.896922
vt 0.934196 0.443190
vt 0.938804 0.443019
vt 0.943321 0.443238
vt 0.946455 0.442331
vt 0.949278 0.440864
vt 0.945653 0.431223
vt 0.931431 0.421553
vt 0.938455 0.426285
vt 0.943526 0.432909
vt 0.913726 0.422896
vt 0.922081 0.422514
vt 0.929709 0.424371
vt 0.935856 0.428301
vt 0.940540 0.434452
vt 0.936848 0.435704
vt 0.323964 0.237169
vt 0.904269 0.476861
vt 0.922465 0.477567
vt 0.929787 0.484314
vt 0.338584 0.244186
vt 0.328769 0.247775
vt 0.318677 0.249511
vt 0.316594 0.238689
vt 0.888610 0.468825
vt 0.309122 0.249543
vt 0.299941 0.248743
vt 0.903687 0.474594
vt 0.892051 0.467606
vt 0.894326 0.467765
vt 0.281582 0.795613
vt 0.291245 0.797628
vt 0.300827 0.796211
vt 0.301341 0.789839
vt 0.308451 0.785610
vt 0.915901 0.391664
vt 0.908563 0.398032
vt 0.900875 0.398351
vt 0.916739 0.397788
vt 0.924782 0.397704
vt 0.918047 0.404096
vt 0.926877 0.404528
vt 0.935817 0.405838
vt 0.368421 0.117802
vt 0.374783 0.123357
vt 0.379588 0.128988
vt 0.371608 0.135164
vt 0.257515 0.961693
vt 0.545226 0.937030
vt 0.553638 0.936748
vt 0.215292 0.964056
vt 0.215030 0.953131
vt 0.262615 0.944817
vt 0.312290 0.929169
vt 0.244000 0.928559
vt 0.266440 0.913616
vt 0.214743 0.930743
vt 0.214618 0.910851
vt 0.235682 0.907595
vt 0.454588 0.723784
vt 0.214600 0.892100
vt 0.230679 0.889978
vt 0.417067 0.705583
vt 0.535335 0.397272
vt 0.535270 0.404253
vt 0.531345 0.406611
vt 0.530783 0.399208
vt 0.622545 0.387752
vt 0.617364 0.386801
vt 0.535809 0.410721
vt 0.532086 0.413404
vt 0.527923 0.416349
vt 0.526979 0.409206
vt 0.526197 0.401259
vt 0.539602 0.407995
vt 0.533400 0.419382
vt 0.529293 0.422427
vt 0.524214 0.425738
vt 0.522730 0.419522
vt 0.521566 0.412109
vt 0.536934 0.416366
vt 0.540461 0.413303
vt 0.544095 0.410160
vt 0.517673 0.429491
vt 0.519571 0.434980
vt 0.512406 0.440031
vt 0.509958 0.434202
vt 0.507625 0.427826
vt 0.515895 0.423245
vt 0.525953 0.430876
vt 0.530996 0.427475
vt 0.535076 0.424372
vt 0.538651 0.421062
vt 0.542030 0.417542
vt 0.545457 0.413823
vt 0.515274 0.445906
vt 0.509162 0.451860
vt 0.505637 0.445684
vt 0.502474 0.439690
vt 0.521762 0.440242
vt 0.527813 0.435539
vt 0.532882 0.431960
vt 0.537084 0.428380
vt 0.540622 0.424820
vt 0.503946 0.457559
vt 0.500093 0.451469
vt 0.499544 0.462597
vt 0.627400 0.388755
vt 0.514062 0.415966
vt 0.512118 0.407428
vt 0.520315 0.403843
vt 0.499451 0.433618
vt 0.496201 0.426882
vt 0.505171 0.420617
vt 0.496349 0.445689
vt 0.495745 0.456690
vt 0.491756 0.451572
vt 0.487351 0.446731
vt 0.492552 0.440021
vt 0.492395 0.461264
vt 0.495571 0.466654
vt 0.491414 0.469130
vt 0.490091 0.464480
vt 0.486563 0.463043
vt 0.488455 0.457301
vt 0.493614 0.475560
vt 0.531045 0.534415
vt 0.528103 0.541276
vt 0.534060 0.538784
vt 0.535428 0.655355
vt 0.533324 0.661747
vt 0.536410 0.541944
vt 0.534986 0.642757
vt 0.530137 0.649422
vt 0.633997 0.390317
vt 0.643295 0.393036
vt 0.502426 0.412618
vt 0.654636 0.397475
vt 0.492348 0.419379
vt 0.666942 0.403924
vt 0.488326 0.433961
vt 0.483316 0.427510
vt 0.678106 0.412557
vt 0.482316 0.441734
vt 0.476319 0.436462
vt 0.686968 0.421937
vt 0.478075 0.449866
vt 0.471319 0.445600
vt 0.693498 0.431688
vt 0.483701 0.453674
vt 0.475420 0.458200
vt 0.468102 0.454955
vt 0.698439 0.441674
vt 0.481514 0.460882
vt 0.474224 0.466837
vt 0.466334 0.464667
vt 0.701719 0.452450
vt 0.480869 0.468479
vt 0.486563 0.469422
vt 0.474453 0.475751
vt 0.466068 0.474602
vt 0.703306 0.463630
vt 0.481675 0.476488
vt 0.487927 0.476556
vt 0.475931 0.484854
vt 0.467200 0.484603
vt 0.703190 0.474949
vt 0.483520 0.484897
vt 0.490294 0.484407
vt 0.496678 0.483040
vt 0.478518 0.494227
vt 0.469666 0.494775
vt 0.701332 0.486439
vt 0.486361 0.493716
vt 0.493533 0.492871
vt 0.482320 0.503960
vt 0.473713 0.505262
vt 0.697513 0.498361
vt 0.490179 0.502999
vt 0.497679 0.501949
vt 0.487381 0.514117
vt 0.479493 0.516047
vt 0.691473 0.510525
vt 0.494967 0.512686
vt 0.493877 0.524234
vt 0.487105 0.526739
vt 0.683186 0.522392
vt 0.496081 0.536609
vt 0.673453 0.533102
vt 0.663503 0.542120
vt 0.336095 0.230022
vt 0.346962 0.238914
vt 0.500594 0.491331
vt 0.505578 0.500552
vt 0.526107 0.657372
vt 0.523313 0.667062
vt 0.511600 0.676475
vt 0.446354 0.150834
vt 0.437313 0.140363
vt 0.428882 0.132254
vt 0.437721 0.124111
vt 0.421434 0.125061
vt 0.429403 0.118732
vt 0.418535 0.138783
vt 0.412583 0.130347
vt 0.424802 0.147962
vt 0.412284 0.152871
vt 0.407916 0.143526
vt 0.403408 0.134727
vt 0.415300 0.118026
vt 0.423233 0.113218
vt 0.407318 0.122409
vt 0.398883 0.126449
vt 0.410062 0.110609
vt 0.418781 0.107014
vt 0.402168 0.114355
vt 0.394521 0.118761
vt 0.387166 0.123538
vt 0.404861 0.101843
vt 0.414217 0.098701
vt 0.396962 0.105906
vt 0.389607 0.110888
vt 0.397987 0.091272
vt 0.382280 0.116947
vt 0.390351 0.096380
vt 0.383573 0.103038
vt 0.376661 0.110463
vt 0.297589 0.286525
vt 0.299374 0.274868
vt 0.299980 0.262091
vt 0.312188 0.291377
vt 0.311803 0.277535
vt 0.310551 0.263185
vt 0.322158 0.263125
vt 0.325804 0.278834
vt 0.328750 0.294707
vt 0.213807 0.774907
vt 0.213837 0.784205
vt 0.226339 0.793326
vt 0.213859 0.793364
vt 0.227293 0.802823
vt 0.213875 0.802734
vt 0.238864 0.802360
vt 0.252075 0.810457
vt 0.241129 0.812032
vt 0.228237 0.812708
vt 0.254695 0.820376
vt 0.242776 0.822086
vt 0.228926 0.822873
vt 0.242990 0.832111
vt 0.229118 0.833037
vt 0.242139 0.841740
vt 0.228668 0.842511
vt 0.379352 0.605785
vt 0.227933 0.851224
vt 0.270720 0.780525
vt 0.270891 0.771911
vt 0.268229 0.766213
vt 0.273834 0.764239
vt 0.271934 0.758443
vt 0.269996 0.752517
vt 0.267275 0.746871
vt 0.856238 0.699050
vt 0.870684 0.701328
vt 0.843629 0.714056
vt 0.843939 0.697900
vt 0.844254 0.681509
vt 0.857186 0.682240
vt 0.870947 0.683166
vt 0.251201 0.733085
vt 0.260635 0.726989
vt 0.255119 0.735013
vt 0.267803 0.720548
vt 0.271402 0.726071
vt 0.264409 0.731386
vt 0.259200 0.738224
vt 0.268363 0.736617
vt 0.263535 0.742146
vt 0.279640 0.762646
vt 0.289589 0.728939
vt 0.281945 0.729868
vt 0.279424 0.722717
vt 0.288675 0.721829
vt 0.298269 0.723788
vt 0.297625 0.730373
vt 0.274782 0.732449
vt 0.277140 0.716667
vt 0.287607 0.715276
vt 0.274922 0.710312
vt 0.298937 0.717385
vt 0.310084 0.724090
vt 0.307516 0.729458
vt 0.301407 0.682141
vt 0.299991 0.676058
vt 0.294468 0.667012
vt 0.301367 0.686813
vt 0.301062 0.691071
vt 0.286055 0.686022
vt 0.286234 0.681009
vt 0.286215 0.676032
vt 0.300719 0.695211
vt 0.285996 0.690968
vt 0.285916 0.696031
vt 0.273730 0.696662
vt 0.273768 0.690853
vt 0.273958 0.685466
vt 0.300315 0.699761
vt 0.316303 0.710555
vt 0.299846 0.705165
vt 0.286030 0.702561
vt 0.274007 0.703235
vt 0.314398 0.714405
vt 0.263450 0.698168
vt 0.286616 0.708815
vt 0.299439 0.711002
vt 0.312257 0.719046
vt 0.375555 0.764336
vt 0.382188 0.798186
vt 0.376247 0.751911
vt 0.385030 0.780811
vt 0.388938 0.812066
vt 0.381255 0.836574
vt 0.887285 0.679571
vt 0.869433 0.668560
vt 0.878849 0.658823
vt 0.892346 0.647773
vt 0.374682 0.332636
vt 0.398174 0.332718
vt 0.269144 0.885936
vt 0.455025 0.680507
vt 0.437933 0.688209
vt 0.432778 0.674190
vt 0.447600 0.668023
vt 0.457423 0.658004
vt 0.441405 0.660674
vt 0.447987 0.652037
vt 0.396559 0.669860
vt 0.386789 0.652013
vt 0.416451 0.672018
vt 0.414841 0.683541
vt 0.238162 0.865109
vt 0.390977 0.685186
vt 0.227568 0.877429
vt 0.226323 0.867856
vt 0.226547 0.859500
vt 0.238364 0.858527
vt 0.385130 0.632543
vt 0.392595 0.612518
vt 0.399457 0.619598
vt 0.414066 0.628529
vt 0.419383 0.622383
vt 0.427450 0.618106
vt 0.434108 0.617054
vt 0.357756 0.252633
vt 0.369800 0.269463
vt 0.356028 0.274962
vt 0.346963 0.258299
vt 0.367567 0.245881
vt 0.381561 0.262359
vt 0.334718 0.261664
vt 0.925374 0.773931
vt 0.948850 0.781202
vt 0.943875 0.802131
vt 0.920493 0.797028
vt 0.901177 0.792218
vt 0.933230 0.749945
vt 0.955669 0.759770
vt 0.442668 0.316147
vt 0.458840 0.297954
vt 0.929518 0.711157
vt 0.471606 0.272987
vt 0.433632 0.775287
vt 0.440836 0.789767
vt 0.455682 0.764755
vt 0.462736 0.780240
vt 0.480199 0.242128
vt 0.483051 0.209535
vt 0.477194 0.752492
vt 0.450033 0.259882
vt 0.457920 0.234722
vt 0.460729 0.207408
vt 0.884374 0.813429
vt 0.884829 0.787897
vt 0.647957 0.312057
vt 0.626744 0.322070
vt 0.601518 0.325961
vt 0.620748 0.343436
vt 0.634640 0.336351
vt 0.602473 0.355112
vt 0.602206 0.346942
vt 0.602048 0.342119
vt 0.615556 0.340840
vt 0.620532 0.336307
vt 0.624820 0.329103
vt 0.643795 0.324333
vt 0.601714 0.331924
vt 0.601899 0.337573
vt 0.424291 0.595016
vt 0.405763 0.601786
vt 0.444952 0.597761
vt 0.409314 0.609948
vt 0.423579 0.604225
vt 0.439644 0.605467
vt 0.424877 0.611813
vt 0.414349 0.616474
vt 0.436011 0.612493
vt 0.683603 0.284116
vt 0.276042 0.665344
vt 0.686824 0.268015
vt 0.285849 0.670295
vt 0.265749 0.670813
vt 0.275363 0.672947
vt 0.254566 0.677743
vt 0.264507 0.678134
vt 0.274622 0.679160
vt 0.263881 0.685050
vt 0.263490 0.691518
vt 0.407889 0.624172
vt 0.213808 0.878318
vt 0.213314 0.868580
vt 0.598141 0.223718
vt 0.597869 0.215516
vt 0.597570 0.206508
vt 0.612096 0.199955
vt 0.597303 0.198447
vt 0.614989 0.193215
vt 0.597063 0.191214
vt 0.617693 0.186864
vt 0.636835 0.196161
vt 0.596834 0.184354
vt 0.619623 0.180388
vt 0.641760 0.191368
vt 0.596598 0.177253
vt 0.621111 0.173484
vt 0.645710 0.185688
vt 0.596315 0.168796
vt 0.623739 0.164846
vt 0.650462 0.179356
vt 0.596045 0.160752
vt 0.226895 0.640572
vt 0.242437 0.642820
vt 0.595735 0.151494
vt 0.228233 0.635898
vt 0.244489 0.639540
vt 0.213406 0.634947
vt 0.229084 0.632437
vt 0.246928 0.636678
vt 0.213478 0.631550
vt 0.230223 0.629188
vt 0.249627 0.633524
vt 0.213534 0.628490
vt 0.232408 0.625222
vt 0.252934 0.630015
vt 0.213604 0.624318
vt 0.234607 0.620340
vt 0.257511 0.625569
vt 0.213658 0.619169
vt 0.237261 0.615083
vt 0.263602 0.621082
vt 0.213680 0.613414
vt 0.687961 0.238964
vt 0.678213 0.202242
vt 0.263869 0.644639
vt 0.279381 0.654746
vt 0.267046 0.643016
vt 0.288400 0.655593
vt 0.271509 0.641330
vt 0.296166 0.655409
vt 0.845109 0.636991
vt 0.503802 0.856464
vt 0.507603 0.842500
vt 0.509686 0.824779
vt 0.509975 0.804560
vt 0.526350 0.803484
vt 0.541875 0.803822
vt 0.418937 0.261677
vt 0.407961 0.273300
vt 0.391693 0.254330
vt 0.396388 0.281625
vt 0.381610 0.288835
vt 0.306893 0.375445
vt 0.314198 0.375007
vt 0.307652 0.390810
vt 0.301270 0.390635
vt 0.300312 0.375642
vt 0.306611 0.423779
vt 0.307432 0.406837
vt 0.489199 0.788663
vt 0.468361 0.796078
vt 0.484292 0.769844
vt 0.508724 0.782501
vt 0.527040 0.778760
vt 0.271799 0.392103
vt 0.278400 0.391796
vt 0.276601 0.406794
vt 0.269571 0.406697
vt 0.370039 0.407572
vt 0.370165 0.393380
vt 0.371862 0.377759
vt 0.272743 0.376541
vt 0.278664 0.376535
vt 0.283854 0.375446
vt 0.284255 0.390764
vt 0.289411 0.374338
vt 0.290160 0.389867
vt 0.458997 0.183458
vt 0.438249 0.185764
vt 0.435050 0.170198
vt 0.454018 0.164744
vt 0.430491 0.158143
vt 0.350371 0.312886
vt 0.371287 0.313313
vt 0.340902 0.278122
vt 0.391538 0.310492
vt 0.410461 0.304283
vt 0.543265 0.778547
vt 0.558511 0.751161
vt 0.557756 0.779572
vt 0.446965 0.803968
vt 0.389729 0.838990
vt 0.375865 0.869357
vt 0.352778 0.900042
vt 0.906875 0.958447
vt 0.900378 0.965081
vt 0.915014 0.950793
vt 0.924964 0.961182
vt 0.925904 0.943850
vt 0.346442 0.295667
vt 0.364647 0.293717
vt 0.858807 0.663511
vt 0.844615 0.662696
vt 0.426085 0.293862
vt 0.438990 0.279666
vt 0.266046 0.420850
vt 0.273819 0.421862
vt 0.372189 0.421612
vt 0.281318 0.422551
vt 0.292801 0.439922
vt 0.213292 0.860247
vt 0.213497 0.852063
vt 0.213702 0.843210
vt 0.213830 0.833425
vt 0.213880 0.823124
vt 0.213885 0.812577
vt 0.535092 0.914024
vt 0.544338 0.912127
vt 0.545244 0.924119
vt 0.554672 0.897140
vt 0.554285 0.911979
vt 0.553968 0.924110
vt 0.295642 0.390053
vt 0.294664 0.375479
vt 0.300708 0.423525
vt 0.301228 0.406639
vt 0.282767 0.556466
vt 0.295445 0.406258
vt 0.289866 0.406315
vt 0.294252 0.423035
vt 0.287955 0.422893
vt 0.299200 0.440340
vt 0.283247 0.406653
vt 0.557094 0.804676
vt 0.311668 0.652868
vt 0.324414 0.653969
vt 0.302928 0.654224
vt 0.840363 0.884189
vt 0.241639 0.610163
vt 0.271766 0.617492
vt 0.213698 0.606864
vt 0.247638 0.603192
vt 0.282961 0.613581
vt 0.213749 0.600326
vt 0.849291 0.963554
vt 0.860430 0.963557
vt 0.213842 0.588879
vt 0.850857 0.953521
vt 0.839037 0.953258
vt 0.852434 0.944175
vt 0.839217 0.943877
vt 0.839408 0.933959
vt 0.839653 0.921194
vt 0.839965 0.904918
vt 0.276547 0.638911
vt 0.283360 0.635743
vt 0.292874 0.633087
vt 0.919451 0.513373
vt 0.913738 0.512608
vt 0.912106 0.504714
vt 0.056506 0.204188
vt 0.066012 0.205728
vt 0.060968 0.207746
vt 0.904231 0.511399
vt 0.071330 0.206421
vt 0.908991 0.515386
vt 0.061756 0.216811
vt 0.055249 0.216409
vt 0.068213 0.216202
vt 0.073963 0.214423
vt 0.902850 0.523917
vt 0.909547 0.523918
vt 0.915498 0.522826
vt 0.921929 0.521567
vt 0.064319 0.228239
vt 0.058330 0.228489
vt 0.070592 0.227574
vt 0.076523 0.226041
vt 0.906227 0.535156
vt 0.911811 0.534453
vt 0.917213 0.533830
vt 0.922964 0.532358
vt 0.066809 0.240237
vt 0.067994 0.252841
vt 0.060478 0.248279
vt 0.930819 0.541284
vt 0.073333 0.239842
vt 0.075788 0.251823
vt 0.079239 0.238319
vt 0.083165 0.249324
vt 0.084615 0.236349
vt 0.904645 0.551286
vt 0.912543 0.546211
vt 0.910996 0.553915
vt 0.918594 0.545640
vt 0.919029 0.553607
vt 0.925211 0.543900
vt 0.926978 0.551289
vt 0.869629 0.548347
vt 0.862299 0.543011
vt 0.115963 0.216219
vt 0.873110 0.543646
vt 0.120020 0.226439
vt 0.115419 0.223890
vt 0.123337 0.230227
vt 0.862088 0.554727
vt 0.868030 0.553729
vt 0.877955 0.553653
vt 0.880579 0.547427
vt 0.873754 0.558105
vt 0.869979 0.562888
vt 0.120026 0.237136
vt 0.114906 0.234706
vt 0.110416 0.230818
vt 0.106221 0.223441
vt 0.889839 0.554326
vt 0.886274 0.559865
vt 0.882051 0.563767
vt 0.878925 0.567274
vt 0.115066 0.244598
vt 0.110021 0.242050
vt 0.105458 0.238856
vt 0.102302 0.232998
vt 0.895175 0.556616
vt 0.904711 0.558736
vt 0.901453 0.566476
vt 0.891805 0.561791
vt 0.898199 0.569476
vt 0.887234 0.565523
vt 0.893053 0.573501
vt 0.116554 0.253007
vt 0.107375 0.259300
vt 0.110941 0.251155
vt 0.100849 0.254857
vt 0.105520 0.248069
vt 0.093925 0.250946
vt 0.100648 0.244785
vt 0.898078 0.548729
vt 0.912017 0.558319
vt 0.088584 0.256856
vt 0.078069 0.258758
vt 0.098891 0.260032
vt 0.068361 0.260092
vt 0.020151 0.232465
vt 0.014851 0.227711
vt 0.954549 0.512578
vt 0.023255 0.228754
vt 0.960033 0.519676
vt 0.955310 0.518641
vt 0.012071 0.236774
vt 0.964206 0.522452
vt 0.017895 0.237153
vt 0.030958 0.249248
vt 0.027466 0.254006
vt 0.969033 0.530043
vt 0.022962 0.242389
vt 0.958647 0.539370
vt 0.962538 0.529629
vt 0.953149 0.537400
vt 0.956944 0.527476
vt 0.947724 0.534284
vt 0.951732 0.524453
vt 0.941957 0.530104
vt 0.033062 0.225802
vt 0.038250 0.237916
vt 0.029603 0.231592
vt 0.034801 0.244196
vt 0.026532 0.237003
vt 0.040738 0.257499
vt 0.049627 0.266048
vt 0.045580 0.269775
vt 0.960420 0.551226
vt 0.953310 0.562494
vt 0.954889 0.550689
vt 0.945364 0.562458
vt 0.948805 0.549044
vt 0.936377 0.555900
vt 0.943309 0.545390
vt 0.051712 0.242048
vt 0.059406 0.255189
vt 0.048393 0.247008
vt 0.053895 0.260420
vt 0.044601 0.252553
vt 0.059936 0.265748
vt 0.054188 0.270715
vt 0.048735 0.274861
vt 0.953837 0.569244
vt 0.944217 0.569836
vt 0.935081 0.567245
vt 0.927181 0.556785
vt 0.919401 0.562402
vt 0.909028 0.575501
vt 0.919920 0.574726
vt 0.931853 0.575583
vt 0.943948 0.577752
vt 0.901208 0.577810
vt 0.894594 0.579789
vt 0.106850 0.269424
vt 0.955640 0.576663
vt 0.052641 0.280628
vt 0.058699 0.277996
vt 0.064076 0.273843
vt 0.073772 0.269739
vt 0.079936 0.268068
vt 0.089172 0.267126
vt 0.018456 0.290365
vt 0.979489 0.607103
vt 0.978941 0.599466
vt 0.021739 0.286431
vt 0.016564 0.294016
vt 0.013842 0.296071
vt 0.975039 0.603708
vt 0.971998 0.607030
vt 0.975339 0.599173
vt 0.958412 0.601743
vt 0.958988 0.593921
vt 0.966188 0.598803
vt 0.965168 0.604544
vt 0.028807 0.307579
vt 0.964803 0.610145
vt 0.030113 0.301723
vt 0.023087 0.298068
vt 0.032861 0.295787
vt 0.026154 0.293217
vt 0.968017 0.587042
vt 0.034745 0.290468
vt 0.028475 0.288404
vt 0.030929 0.283213
vt 0.962434 0.588839
vt 0.968873 0.594143
vt 0.949248 0.598960
vt 0.947494 0.587775
vt 0.038265 0.313409
vt 0.041898 0.309560
vt 0.045284 0.303749
vt 0.049557 0.293499
vt 0.047726 0.297721
vt 0.956156 0.581730
vt 0.060984 0.288863
vt 0.067912 0.284179
vt 0.076195 0.281336
vt 0.081229 0.280234
vt 0.090234 0.279625
vt 0.103171 0.281217
vt 0.894280 0.590727
vt 0.903683 0.587972
vt 0.912229 0.586387
vt 0.921954 0.585859
vt 0.933172 0.586084
vt 0.063001 0.301560
vt 0.053082 0.305558
vt 0.070922 0.298466
vt 0.078245 0.296028
vt 0.085095 0.295019
vt 0.093224 0.294719
vt 0.102202 0.294710
vt 0.897291 0.601290
vt 0.905828 0.598535
vt 0.913685 0.596993
vt 0.921620 0.596581
vt 0.929869 0.597326
vt 0.937781 0.599523
vt 0.305567 0.360373
vt 0.298386 0.361169
vt 0.313086 0.359470
vt 0.320616 0.358816
vt 0.327416 0.359289
vt 0.334303 0.359972
vt 0.340843 0.360729
vt 0.346912 0.361552
vt 0.354707 0.360327
vt 0.362016 0.361837
vt 0.261706 0.360568
vt 0.270041 0.361764
vt 0.277717 0.361924
vt 0.049411 0.313366
vt 0.046519 0.318068
vt 0.941787 0.604934
vt 0.293088 0.362652
vt 0.288870 0.362235
vt 0.283774 0.361751
vt 0.647588 0.515177
vt 0.655651 0.515394
vt 0.650962 0.524775
vt 0.644140 0.524141
vt 0.651311 0.505095
vt 0.659991 0.505299
vt 0.637645 0.516424
vt 0.638998 0.504953
vt 0.635773 0.524147
vt 0.657072 0.525907
vt 0.650946 0.534535
vt 0.646072 0.532894
vt 0.662714 0.516087
vt 0.640345 0.531523
vt 0.655467 0.536556
vt 0.648379 0.544189
vt 0.645103 0.541537
vt 0.662807 0.527516
vt 0.641416 0.539288
vt 0.651424 0.546987
vt 0.643453 0.554301
vt 0.577242 0.649539
vt 0.659704 0.539072
vt 0.582332 0.653690
vt 0.574464 0.623195
vt 0.582560 0.636773
vt 0.186820 0.118858
vt 0.200242 0.128029
vt 0.190910 0.144046
vt 0.180228 0.138188
vt 0.195065 0.098492
vt 0.212212 0.111517
vt 0.172113 0.112838
vt 0.176173 0.089583
vt 0.168493 0.134318
vt 0.184412 0.159863
vt 0.720540 0.354959
vt 0.712475 0.369560
vt 0.175246 0.156502
vt 0.192754 0.163915
vt 0.188521 0.176620
vt 0.200335 0.150989
vt 0.744631 0.348672
vt 0.736351 0.358114
vt 0.194743 0.178839
vt 0.754010 0.341345
vt 0.200203 0.168302
vt 0.729489 0.369521
vt 0.764969 0.335999
vt 0.770801 0.343546
vt 0.762339 0.347250
vt 0.200992 0.182086
vt 0.754291 0.353188
vt 0.747264 0.360694
vt 0.740836 0.370129
vt 0.780598 0.341867
vt 0.782373 0.348774
vt 0.775256 0.349883
vt 0.777862 0.333276
vt 0.768612 0.352428
vt 0.761398 0.357389
vt 0.755464 0.363580
vt 0.789832 0.349806
vt 0.789223 0.354288
vt 0.784163 0.354581
vt 0.790690 0.343124
vt 0.778736 0.355524
vt 0.773359 0.357709
vt 0.767381 0.361330
vt 0.762427 0.366336
vt 0.787454 0.359538
vt 0.782277 0.360591
vt 0.792474 0.357846
vt 0.777291 0.362076
vt 0.772694 0.364595
vt 0.768895 0.368751
vt 0.780515 0.366246
vt 0.776581 0.367119
vt 0.785284 0.365630
vt 0.775462 0.370605
vt 0.523236 0.239259
vt 0.529603 0.236151
vt 0.529501 0.251662
vt 0.523734 0.258381
vt 0.529835 0.212315
vt 0.536647 0.213907
vt 0.516680 0.241190
vt 0.524527 0.209575
vt 0.519498 0.267604
vt 0.833249 0.574314
vt 0.034690 0.146114
vt 0.272838 0.217287
vt 0.831408 0.604234
vt 0.817954 0.599971
vt 0.810300 0.624205
vt 0.061088 0.114220
vt 0.051662 0.131632
vt 0.826018 0.637029
vt 0.044643 0.148816
vt 0.772620 0.438114
vt 0.778125 0.438992
vt 0.778315 0.445148
vt 0.771790 0.444514
vt 0.774331 0.431555
vt 0.779164 0.433026
vt 0.767170 0.436110
vt 0.769370 0.429736
vt 0.765073 0.442434
vt 0.759318 0.438444
vt 0.762514 0.433232
vt 0.764799 0.427591
vt 0.759290 0.430720
vt 0.760023 0.426148
vt 0.755715 0.432553
vt 0.779159 0.451225
vt 0.771006 0.450998
vt 0.784395 0.443892
vt 0.786370 0.449037
vt 0.783106 0.438823
vt 0.762755 0.448358
vt 0.755490 0.442441
vt 0.750728 0.434511
vt 0.788755 0.452965
vt 0.780146 0.456261
vt 0.792173 0.445306
vt 0.795446 0.447670
vt 0.789495 0.441228
vt 0.770043 0.456898
vt 0.759811 0.453164
vt 0.751549 0.445350
vt 0.746484 0.435326
vt 0.781031 0.459203
vt 0.769224 0.460150
vt 0.790585 0.455230
vt 0.757375 0.456268
vt 0.747162 0.447759
vt 0.742423 0.435072
vt 0.767165 0.460912
vt 0.755833 0.456809
vt 0.780965 0.459684
vt 0.744257 0.447120
vt 0.739054 0.432645
vt 0.752947 0.456032
vt 0.740816 0.444303
vt 0.766584 0.461254
vt 0.737190 0.429684
vt 0.734880 0.438093
vt 0.735115 0.422617
vt 0.747366 0.454280
vt 0.787608 0.436019
vt 0.782432 0.434528
vt 0.785132 0.431076
vt 0.809487 0.919594
vt 0.810383 0.932975
vt 0.795048 0.933783
vt 0.794278 0.919034
vt 0.824636 0.920272
vt 0.825088 0.933257
vt 0.809668 0.903352
vt 0.824756 0.904029
vt 0.794684 0.903032
vt 0.798152 0.945342
vt 0.812313 0.943937
vt 0.783811 0.948527
vt 0.776198 0.935725
vt 0.802182 0.954109
vt 0.789736 0.957287
vt 0.814777 0.953278
vt 0.071234 0.665567
vt 0.086461 0.659731
vt 0.052439 0.706420
vt 0.040848 0.711837
vt 0.107492 0.633345
vt 0.121972 0.632877
vt 0.794862 0.964269
vt 0.805993 0.962979
vt 0.783369 0.969154
vt 0.602340 0.460721
vt 0.608956 0.457588
vt 0.611993 0.466405
vt 0.604270 0.470623
vt 0.600949 0.451382
vt 0.606598 0.449113
vt 0.596113 0.462376
vt 0.595365 0.452661
vt 0.597229 0.472939
vt 0.615725 0.475193
vt 0.607132 0.480483
vt 0.599218 0.483669
vt 0.620345 0.483477
vt 0.611174 0.489738
vt 0.602337 0.493861
vt 0.625792 0.490911
vt 0.616119 0.498013
vt 0.606476 0.502885
vt 0.631769 0.497655
vt 0.621231 0.505223
vt 0.610756 0.510283
vt 0.625256 0.511986
vt 0.614193 0.516025
vt 0.626809 0.518570
vt 0.615722 0.521418
vt 0.626396 0.524604
vt 0.615574 0.526080
vt 0.673651 0.630729
vt 0.680334 0.631492
vt 0.678530 0.636344
vt 0.673663 0.637352
vt 0.676027 0.623786
vt 0.683180 0.625937
vt 0.665539 0.631678
vt 0.668549 0.623004
vt 0.666076 0.640539
vt 0.677103 0.643516
vt 0.670579 0.648205
vt 0.682326 0.639458
vt 0.687219 0.643764
vt 0.681940 0.648492
vt 0.676084 0.653295
vt 0.761838 0.863778
vt 0.764813 0.842191
vt 0.782978 0.840608
vt 0.781018 0.864197
vt 0.740770 0.860594
vt 0.742909 0.842349
vt 0.757350 0.883622
vt 0.736508 0.874062
vt 0.778785 0.884910
vt 0.742591 0.820392
vt 0.765422 0.817950
vt 0.783705 0.815019
vt 0.646419 0.859504
vt 0.649520 0.849987
vt 0.654537 0.837834
vt 0.660699 0.824095
vt 0.633532 0.846171
vt 0.636202 0.832635
vt 0.640546 0.816889
vt 0.761866 0.902618
vt 0.778428 0.902922
vt 0.778212 0.918894
vt 0.762451 0.916455
vt 0.165884 0.543429
vt 0.176102 0.535981
vt 0.746498 0.914122
vt 0.150064 0.534920
vt 0.160068 0.529940
vt 0.169954 0.524134
vt 0.155471 0.515913
vt 0.165012 0.511630
vt 0.146091 0.519720
vt 0.759258 0.929282
vt 0.744859 0.923872
vt 0.140953 0.538958
vt 0.136779 0.523081
vt 0.133571 0.506827
vt 0.142458 0.504440
vt 0.151941 0.501539
vt 0.139380 0.489123
vt 0.148831 0.486813
vt 0.130406 0.491046
vt 0.814653 0.424276
vt 0.809001 0.430015
vt 0.807504 0.422034
vt 0.811228 0.415347
vt 0.814964 0.435558
vt 0.807875 0.438626
vt 0.823186 0.412840
vt 0.209638 0.235858
vt 0.815724 0.404531
vt 0.804656 0.415221
vt 0.806704 0.409164
vt 0.808168 0.399412
vt 0.800933 0.404014
vt 0.801460 0.395886
vt 0.799965 0.409083
vt 0.793519 0.399540
vt 0.794060 0.393093
vt 0.792625 0.403091
vt 0.784110 0.395844
vt 0.785597 0.390587
vt 0.782674 0.398881
vt 0.806118 0.433460
vt 0.805780 0.426268
vt 0.804298 0.441294
vt 0.803309 0.418588
vt 0.798838 0.411649
vt 0.791703 0.405288
vt 0.781738 0.400641
vt 0.770494 0.398962
vt 0.771733 0.397182
vt 0.773911 0.393965
vt 0.760003 0.400309
vt 0.761543 0.398141
vt 0.764167 0.393945
vt 0.752801 0.400754
vt 0.755276 0.395416
vt 0.751786 0.404356
vt 0.746086 0.405350
vt 0.747630 0.398118
vt 0.744967 0.409838
vt 0.739967 0.411886
vt 0.740427 0.402782
vt 0.739593 0.418180
vt 0.803970 0.434861
vt 0.803928 0.427639
vt 0.801957 0.442216
vt 0.801917 0.420283
vt 0.797682 0.413360
vt 0.790629 0.406940
vt 0.780874 0.402318
vt 0.769992 0.400730
vt 0.759846 0.402316
vt 0.751790 0.406387
vt 0.799448 0.441584
vt 0.801412 0.435030
vt 0.801493 0.428356
vt 0.799714 0.421661
vt 0.795529 0.414995
vt 0.788788 0.409032
vt 0.779814 0.404828
vt 0.769994 0.403291
vt 0.796414 0.439904
vt 0.798307 0.434490
vt 0.798260 0.428912
vt 0.796626 0.422926
vt 0.792360 0.416965
vt 0.786204 0.411836
vt 0.793700 0.437159
vt 0.795926 0.433846
vt 0.794901 0.430164
vt 0.792812 0.425316
vt 0.808109 0.447738
vt 0.802704 0.448192
vt 0.097254 0.180874
vt 0.799581 0.449116
vt 0.797655 0.449133
vt 0.690892 0.638630
vt 0.697863 0.641148
vt 0.693806 0.648477
vt 0.692828 0.633793
vt 0.697816 0.632916
vt 0.685627 0.634275
vt 0.688908 0.629835
vt 0.687530 0.653894
vt 0.681605 0.657459
vt 0.047280 0.455829
vt 0.044358 0.471790
vt 0.174497 0.463401
vt 0.169144 0.449075
vt 0.057691 0.457769
vt 0.055074 0.473930
vt 0.051488 0.440347
vt 0.060999 0.441922
vt 0.164211 0.434591
vt 0.041043 0.487711
vt 0.179391 0.477740
vt 0.052204 0.490296
vt 0.037366 0.502334
vt 0.184086 0.490503
vt 0.048920 0.505814
vt 0.033567 0.514420
vt 0.188264 0.501437
vt 0.045705 0.519003
vt 0.067505 0.459118
vt 0.065639 0.475494
vt 0.069951 0.443030
vt 0.062865 0.492229
vt 0.060356 0.508540
vt 0.056730 0.523451
vt 0.078781 0.443709
vt 0.076467 0.459911
vt 0.075116 0.476510
vt 0.073243 0.493469
vt 0.070708 0.510468
vt 0.085794 0.443882
vt 0.084872 0.460333
vt 0.083793 0.477105
vt 0.082420 0.494265
vt 0.080605 0.511564
vt 0.092932 0.443747
vt 0.092410 0.460446
vt 0.091916 0.477354
vt 0.091208 0.494701
vt 0.099258 0.443450
vt 0.099578 0.460311
vt 0.099659 0.477332
vt 0.105454 0.442993
vt 0.106137 0.459995
vt 0.106940 0.477099
vt 0.098287 0.426612
vt 0.104415 0.426000
vt 0.092296 0.427224
vt 0.085853 0.427649
vt 0.090834 0.410472
vt 0.096695 0.409480
vt 0.084924 0.411254
vt 0.079713 0.427929
vt 0.079039 0.411849
vt 0.077890 0.395339
vt 0.083651 0.394658
vt 0.089587 0.393649
vt 0.071954 0.427507
vt 0.073069 0.412174
vt 0.072130 0.395652
vt 0.071302 0.379170
vt 0.077181 0.378798
vt 0.083065 0.378135
vt 0.063645 0.426637
vt 0.065483 0.411582
vt 0.065439 0.395443
vt 0.064882 0.379005
vt 0.054276 0.425139
vt 0.056588 0.410556
vt 0.057564 0.395212
vt 0.057075 0.379188
vt 0.146167 0.774003
vt 0.140572 0.774804
vt 0.141043 0.767493
vt 0.146696 0.767856
vt 0.147807 0.779941
vt 0.141244 0.782179
vt 0.150470 0.772984
vt 0.153220 0.776147
vt 0.152065 0.768656
vt 0.134573 0.774653
vt 0.135363 0.766920
vt 0.134364 0.782696
vt 0.127715 0.781301
vt 0.128739 0.773576
vt 0.129725 0.765886
vt 0.136580 0.759518
vt 0.142233 0.760525
vt 0.130903 0.758630
vt 0.123583 0.771842
vt 0.124402 0.764906
vt 0.125217 0.757937
vt 0.791627 0.432786
vt 0.788827 0.427461
vt 0.781591 0.427903
vt 0.784889 0.423340
vt 0.788730 0.419714
vt 0.776835 0.425900
vt 0.780008 0.419847
vt 0.783232 0.415410
vt 0.774322 0.417681
vt 0.776576 0.412395
vt 0.771924 0.423188
vt 0.768666 0.415936
vt 0.769742 0.411010
vt 0.766897 0.421712
vt 0.763369 0.415402
vt 0.763378 0.411238
vt 0.761720 0.420420
vt 0.759249 0.415914
vt 0.757892 0.413441
vt 0.757044 0.419788
vt 0.211294 0.138371
vt 0.208187 0.157911
vt 0.219464 0.148126
vt 0.225728 0.157439
vt 0.215107 0.165114
vt 0.207068 0.173429
vt 0.213227 0.179242
vt 0.206720 0.185683
vt 0.220767 0.172906
vt 0.217938 0.186124
vt 0.210567 0.190871
vt 0.225244 0.181289
vt 0.791452 0.334504
vt 0.228941 0.189629
vt 0.221537 0.193128
vt 0.212865 0.196603
vt 0.805240 0.340497
vt 0.800920 0.348076
vt 0.796835 0.353850
vt 0.231429 0.197946
vt 0.223331 0.200226
vt 0.214039 0.202340
vt 0.815561 0.349654
vt 0.808684 0.355851
vt 0.818815 0.736208
vt 0.816399 0.758493
vt 0.800650 0.761718
vt 0.802651 0.737736
vt 0.831845 0.733805
vt 0.830166 0.755835
vt 0.819767 0.717455
vt 0.832343 0.715083
vt 0.807231 0.720436
vt 0.781439 0.765140
vt 0.777989 0.733251
vt 0.794653 0.704463
vt 0.199737 0.666735
vt 0.186134 0.667092
vt 0.188058 0.658520
vt 0.201862 0.658957
vt 0.197935 0.676750
vt 0.184516 0.675463
vt 0.552530 0.349325
vt 0.573877 0.360790
vt 0.174482 0.658379
vt 0.177445 0.652939
vt 0.173820 0.667420
vt 0.559384 0.343860
vt 0.576008 0.352425
vt 0.543011 0.328643
vt 0.163327 0.658917
vt 0.162461 0.650929
vt 0.532458 0.303320
vt 0.826311 0.833401
vt 0.825646 0.859689
vt 0.827220 0.806170
vt 0.812020 0.835360
vt 0.812991 0.808627
vt 0.811031 0.860760
vt 0.810257 0.883574
vt 0.795390 0.884342
vt 0.796714 0.862744
vt 0.825132 0.883572
vt 0.798585 0.838064
vt 0.606122 0.415805
vt 0.609794 0.420564
vt 0.607910 0.422582
vt 0.604355 0.417253
vt 0.607892 0.413916
vt 0.611566 0.418071
vt 0.602274 0.410960
vt 0.604117 0.409572
vt 0.600454 0.412125
vt 0.651635 0.470894
vt 0.657357 0.474446
vt 0.653175 0.482997
vt 0.646731 0.479214
vt 0.655666 0.463243
vt 0.660650 0.466807
vt 0.646318 0.465946
vt 0.650653 0.458512
vt 0.641011 0.473921
vt 0.641043 0.459977
vt 0.645220 0.453012
vt 0.635755 0.467512
vt 0.635572 0.453388
vt 0.639251 0.446968
vt 0.630587 0.460470
vt 0.629915 0.446942
vt 0.633004 0.441145
vt 0.625522 0.453398
vt 0.620717 0.446916
vt 0.624414 0.441401
vt 0.626920 0.436416
vt 0.616339 0.441086
vt 0.619466 0.436714
vt 0.621712 0.432631
vt 0.612548 0.435588
vt 0.615251 0.432266
vt 0.617276 0.428952
vt 0.609133 0.430012
vt 0.611509 0.427627
vt 0.613391 0.425047
vt 0.647492 0.492870
vt 0.640345 0.488181
vt 0.634231 0.482440
vt 0.628807 0.475653
vt 0.623863 0.468122
vt 0.619395 0.460321
vt 0.615433 0.452706
vt 0.143234 0.789182
vt 0.134932 0.790520
vt 0.150762 0.785325
vt 0.121505 0.778715
vt 0.119556 0.770195
vt 0.119114 0.764609
vt 0.116522 0.774004
vt 0.114048 0.766831
vt 0.113389 0.758717
vt 0.119386 0.757686
vt 0.114496 0.749797
vt 0.120452 0.750360
vt 0.126419 0.750805
vt 0.122773 0.743361
vt 0.117729 0.741233
vt 0.128344 0.743698
vt 0.125243 0.737877
vt 0.130133 0.736693
vt 0.123154 0.733950
vt 0.134290 0.743910
vt 0.132396 0.751440
vt 0.136347 0.736113
vt 0.140283 0.744803
vt 0.138214 0.752329
vt 0.142811 0.736804
vt 0.146190 0.746506
vt 0.143954 0.753650
vt 0.149165 0.738831
vt 0.152070 0.748872
vt 0.149876 0.755391
vt 0.154819 0.742074
vt 0.103285 0.408831
vt 0.095335 0.392341
vt 0.102578 0.392356
vt 0.089243 0.377227
vt 0.095311 0.376060
vt 0.589417 0.444652
vt 0.588768 0.436968
vt 0.593611 0.436281
vt 0.594573 0.443978
vt 0.584138 0.444913
vt 0.583694 0.437336
vt 0.589926 0.453357
vt 0.584519 0.453612
vt 0.587882 0.430175
vt 0.592356 0.429411
vt 0.583125 0.430651
vt 0.586691 0.424119
vt 0.590686 0.423270
vt 0.582405 0.424655
vt 0.581574 0.419196
vt 0.585258 0.418702
vt 0.588673 0.417881
vt 0.580737 0.414279
vt 0.583799 0.414039
vt 0.586575 0.413456
vt 0.580108 0.410050
vt 0.582759 0.410265
vt 0.584944 0.410601
vt 0.579991 0.406799
vt 0.582854 0.407457
vt 0.585862 0.409002
vt 0.580284 0.404531
vt 0.583618 0.405440
vt 0.587209 0.407459
vt 0.580761 0.402613
vt 0.584617 0.403806
vt 0.588679 0.406095
vt 0.585738 0.402282
vt 0.590181 0.404830
vt 0.581337 0.400871
vt 0.587040 0.400742
vt 0.591819 0.403596
vt 0.581994 0.399093
vt 0.591195 0.515539
vt 0.589352 0.507912
vt 0.597572 0.505940
vt 0.600835 0.513497
vt 0.592576 0.521316
vt 0.603396 0.519094
vt 0.587546 0.497570
vt 0.594540 0.496234
vt 0.586205 0.486217
vt 0.592324 0.485327
vt 0.585374 0.474660
vt 0.591024 0.474082
vt 0.584887 0.463549
vt 0.590366 0.463189
vt 0.582871 0.397235
vt 0.588499 0.399272
vt 0.584196 0.395166
vt 0.590389 0.397863
vt 0.586650 0.393201
vt 0.593090 0.396477
vt 0.592178 0.391468
vt 0.597529 0.395605
vt 0.604606 0.523786
vt 0.593206 0.525454
vt 0.604355 0.527614
vt 0.593035 0.528653
vt 0.603155 0.530696
vt 0.592535 0.531489
vt 0.601030 0.534059
vt 0.591472 0.534442
vt 0.598804 0.538688
vt 0.569502 0.706365
vt 0.583837 0.718283
vt 0.571192 0.725137
vt 0.614401 0.530059
vt 0.611287 0.532893
vt 0.587697 0.693911
vt 0.588814 0.412140
vt 0.591705 0.416694
vt 0.594309 0.422193
vt 0.596459 0.428431
vt 0.598170 0.435305
vt 0.599630 0.442909
vt 0.624589 0.529646
vt 0.622294 0.533384
vt 0.601909 0.404129
vt 0.605714 0.407677
vt 0.600098 0.405287
vt 0.603322 0.403039
vt 0.606522 0.404910
vt 0.598026 0.400328
vt 0.601286 0.399867
vt 0.595624 0.401316
vt 0.598217 0.406368
vt 0.593592 0.402432
vt 0.596274 0.407469
vt 0.594530 0.408501
vt 0.598675 0.413147
vt 0.596724 0.414187
vt 0.592763 0.409591
vt 0.594357 0.415412
vt 0.590861 0.410810
vt 0.603184 0.395819
vt 0.605755 0.400805
vt 0.599411 0.390786
vt 0.606750 0.391295
vt 0.609131 0.397088
vt 0.610634 0.402764
vt 0.613113 0.392554
vt 0.614322 0.398913
vt 0.705968 0.642722
vt 0.705855 0.631047
vt 0.712875 0.628800
vt 0.714783 0.643716
vt 0.701144 0.652924
vt 0.709879 0.657926
vt 0.693011 0.661431
vt 0.681890 0.664816
vt 0.205723 0.693635
vt 0.204829 0.700481
vt 0.196649 0.698082
vt 0.198250 0.690288
vt 0.207414 0.688687
vt 0.203641 0.683799
vt 0.204618 0.707760
vt 0.196289 0.705926
vt 0.188464 0.703136
vt 0.188437 0.695276
vt 0.190135 0.686812
vt 0.204532 0.714578
vt 0.196196 0.713178
vt 0.188462 0.711125
vt 0.181032 0.708297
vt 0.180110 0.700543
vt 0.180836 0.692807
vt 0.205014 0.720220
vt 0.197041 0.719115
vt 0.189577 0.717620
vt 0.182321 0.715690
vt 0.174333 0.714077
vt 0.173033 0.706033
vt 0.172948 0.698278
vt 0.205684 0.726165
vt 0.198263 0.725327
vt 0.191393 0.724178
vt 0.184621 0.723195
vt 0.178017 0.722586
vt 0.171511 0.723165
vt 0.164689 0.713386
vt 0.164141 0.703965
vt 0.205776 0.733536
vt 0.198609 0.732908
vt 0.192079 0.732164
vt 0.186051 0.731676
vt 0.180610 0.731603
vt 0.205595 0.743032
vt 0.198352 0.742429
vt 0.192225 0.741827
vt 0.182472 0.684629
vt 0.173431 0.690550
vt 0.173811 0.683303
vt 0.186160 0.526340
vt 0.197504 0.517084
vt 0.026572 0.531443
vt 0.632696 0.856476
vt 0.036912 0.539249
vt 0.619626 0.856394
vt 0.618520 0.844788
vt 0.618726 0.829253
vt 0.621602 0.811070
vt 0.181158 0.517282
vt 0.192764 0.509939
vt 0.029770 0.523427
vt 0.177059 0.506772
vt 0.041798 0.530406
vt 0.607356 0.725121
vt 0.269833 0.119880
vt 0.258460 0.099107
vt 0.621578 0.741964
vt 0.597283 0.703449
vt 0.273859 0.140118
vt 0.592193 0.747294
vt 0.612373 0.761729
vt 0.172722 0.494848
vt 0.168752 0.481206
vt 0.164440 0.466724
vt 0.160234 0.451644
vt 0.155345 0.437161
vt 0.158568 0.484179
vt 0.154795 0.469429
vt 0.161980 0.498441
vt 0.151260 0.454042
vt 0.147071 0.438759
vt 0.145578 0.471651
vt 0.142222 0.455999
vt 0.138996 0.440040
vt 0.136581 0.473488
vt 0.133920 0.457343
vt 0.131462 0.440914
vt 0.128232 0.474923
vt 0.126457 0.458315
vt 0.112903 0.459615
vt 0.113807 0.476656
vt 0.112048 0.442467
vt 0.120711 0.475900
vt 0.122350 0.492495
vt 0.114888 0.493585
vt 0.119705 0.459089
vt 0.107427 0.494275
vt 0.099403 0.494639
vt 0.124906 0.509039
vt 0.116022 0.510636
vt 0.107674 0.511646
vt 0.098851 0.512162
vt 0.118476 0.527813
vt 0.108529 0.529179
vt 0.127747 0.525748
vt 0.098437 0.529841
vt 0.131145 0.542373
vt 0.120723 0.544983
vt 0.109739 0.546715
vt 0.098575 0.547423
vt 0.724050 0.950753
vt 0.616259 0.906424
vt 0.123285 0.561046
vt 0.743935 0.950442
vt 0.734780 0.959506
vt 0.607632 0.914003
vt 0.713331 0.424336
vt 0.144005 0.151839
vt 0.154970 0.152342
vt 0.152582 0.168886
vt 0.724292 0.442774
vt 0.133461 0.151735
vt 0.725732 0.417239
vt 0.723029 0.400471
vt 0.732585 0.395960
vt 0.732648 0.410463
vt 0.156705 0.132418
vt 0.165289 0.154009
vt 0.144728 0.132250
vt 0.162916 0.170534
vt 0.724513 0.383992
vt 0.735632 0.381968
vt 0.745126 0.380773
vt 0.741297 0.391849
vt 0.157647 0.110212
vt 0.750060 0.371241
vt 0.758055 0.372705
vt 0.754415 0.380371
vt 0.750545 0.389380
vt 0.765400 0.374161
vt 0.762117 0.380663
vt 0.772989 0.375534
vt 0.828482 0.780096
vt 0.814390 0.782784
vt 0.045328 0.739284
vt 0.042858 0.762747
vt 0.036183 0.789239
vt 0.036898 0.766182
vt 0.059409 0.715391
vt 0.053193 0.738205
vt 0.075105 0.684883
vt 0.031847 0.762625
vt 0.031130 0.806464
vt 0.024801 0.818821
vt 0.023424 0.767934
vt 0.770189 0.977298
vt 0.605619 0.945134
vt 0.052674 0.536962
vt 0.067270 0.526685
vt 0.063573 0.542814
vt 0.613217 0.869330
vt 0.603125 0.879728
vt 0.078161 0.528816
vt 0.075928 0.546142
vt 0.606822 0.892335
vt 0.089837 0.512123
vt 0.088455 0.529704
vt 0.087761 0.547269
vt 0.601328 0.907319
vt 0.601958 0.920952
vt 0.594521 0.915050
vt 0.087508 0.564372
vt 0.594780 0.899737
vt 0.586868 0.909078
vt 0.578330 0.903276
vt 0.587269 0.890316
vt 0.567505 0.898442
vt 0.575014 0.875545
vt 0.593863 0.865010
vt 0.573412 0.849505
vt 0.572713 0.827366
vt 0.588454 0.827081
vt 0.590016 0.847088
vt 0.038075 0.861052
vt 0.033227 0.875808
vt 0.606223 0.938151
vt 0.764595 0.970836
vt 0.596414 0.934131
vt 0.607560 0.932483
vt 0.759436 0.964837
vt 0.598331 0.927824
vt 0.058964 0.894831
vt 0.059187 0.911722
vt 0.587689 0.930459
vt 0.590169 0.922897
vt 0.742423 0.966630
vt 0.092734 0.941317
vt 0.579331 0.927950
vt 0.088714 0.924351
vt 0.582044 0.918665
vt 0.130971 0.961448
vt 0.571035 0.925617
vt 0.128501 0.947028
vt 0.796280 0.363123
vt 0.790573 0.364807
vt 0.802174 0.360104
vt 0.814428 0.365786
vt 0.806102 0.368138
vt 0.799031 0.369820
vt 0.792690 0.370901
vt 0.786771 0.371294
vt 0.781029 0.371198
vt 0.807977 0.377743
vt 0.800452 0.377721
vt 0.817622 0.377692
vt 0.793955 0.377671
vt 0.787097 0.377349
vt 0.818145 0.390934
vt 0.808770 0.388278
vt 0.827984 0.376921
vt 0.828597 0.394877
vt 0.823436 0.362113
vt 0.801113 0.386555
vt 0.211660 0.224275
vt 0.840460 0.373707
vt 0.619942 0.536385
vt 0.598895 0.682361
vt 0.572680 0.750689
vt 0.205171 0.753806
vt 0.197648 0.753101
vt 0.204416 0.764519
vt 0.196573 0.763592
vt 0.194989 0.773574
vt 0.193007 0.783054
vt 0.185923 0.781748
vt 0.188382 0.772369
vt 0.203350 0.774513
vt 0.202317 0.783951
vt 0.190363 0.762653
vt 0.191577 0.752398
vt 0.182869 0.791122
vt 0.176235 0.789029
vt 0.180359 0.780116
vt 0.191029 0.792460
vt 0.183393 0.771168
vt 0.185653 0.761886
vt 0.186853 0.751896
vt 0.187170 0.741531
vt 0.171765 0.787353
vt 0.176381 0.778696
vt 0.171771 0.798307
vt 0.166183 0.796007
vt 0.179305 0.800461
vt 0.179867 0.770193
vt 0.181981 0.761326
vt 0.183057 0.751763
vt 0.182480 0.741509
vt 0.161260 0.793953
vt 0.167721 0.785821
vt 0.159340 0.804336
vt 0.153267 0.801061
vt 0.166733 0.807552
vt 0.173050 0.777687
vt 0.176702 0.769666
vt 0.178996 0.761084
vt 0.179882 0.751867
vt 0.178790 0.741984
vt 0.149608 0.797857
vt 0.157942 0.791744
vt 0.141986 0.809056
vt 0.139180 0.801225
vt 0.152992 0.813764
vt 0.164627 0.784308
vt 0.169806 0.776572
vt 0.173553 0.769085
vt 0.175965 0.761108
vt 0.176784 0.752220
vt 0.175397 0.743078
vt 0.161171 0.782572
vt 0.166334 0.775332
vt 0.154518 0.789355
vt 0.169900 0.768187
vt 0.171930 0.760847
vt 0.172518 0.752984
vt 0.171329 0.744941
vt 0.165252 0.766986
vt 0.167177 0.760494
vt 0.161856 0.773505
vt 0.167883 0.753792
vt 0.167023 0.747296
vt 0.162989 0.753696
vt 0.163670 0.749058
vt 0.161667 0.759417
vt 0.562797 0.216267
vt 0.558833 0.226963
vt 0.547819 0.228481
vt 0.553196 0.215259
vt 0.573177 0.216913
vt 0.571264 0.225722
vt 0.570395 0.207090
vt 0.575774 0.210657
vt 0.563829 0.202957
vt 0.538091 0.230910
vt 0.544534 0.214315
vt 0.546311 0.240561
vt 0.537080 0.245506
vt 0.557515 0.237631
vt 0.539140 0.258322
vt 0.544337 0.270802
vt 0.539548 0.279329
vt 0.532512 0.264827
vt 0.547529 0.252382
vt 0.551685 0.263971
vt 0.535936 0.288089
vt 0.527704 0.271870
vt 0.554886 0.295708
vt 0.552350 0.304652
vt 0.554005 0.283000
vt 0.522737 0.280661
vt 0.605865 0.424253
vt 0.602452 0.418480
vt 0.611933 0.445546
vt 0.608916 0.438759
vt 0.606114 0.432210
vt 0.603201 0.425822
vt 0.600159 0.419750
vt 0.604533 0.441250
vt 0.602378 0.433990
vt 0.600108 0.427240
vt 0.597472 0.420988
vt 0.067320 0.750417
vt 0.082696 0.717487
vt 0.084587 0.722183
vt 0.070989 0.754860
vt 0.064750 0.743805
vt 0.081306 0.711324
vt 0.060399 0.784295
vt 0.055409 0.776476
vt 0.067210 0.788491
vt 0.071140 0.821019
vt 0.062303 0.820159
vt 0.052347 0.814391
vt 0.082513 0.850211
vt 0.074670 0.857889
vt 0.064594 0.867179
vt 0.100756 0.871347
vt 0.098327 0.888821
vt 0.102788 0.908626
vt 0.079176 0.817580
vt 0.089995 0.840588
vt 0.073722 0.788775
vt 0.104384 0.855960
vt 0.121346 0.881331
vt 0.126466 0.900323
vt 0.120426 0.864610
vt 0.086236 0.810754
vt 0.096169 0.829075
vt 0.108295 0.840965
vt 0.121805 0.848494
vt 0.124353 0.832462
vt 0.140096 0.838698
vt 0.135510 0.853577
vt 0.111888 0.826056
vt 0.135301 0.867731
vt 0.106537 0.690528
vt 0.106218 0.696383
vt 0.110724 0.678414
vt 0.087572 0.725391
vt 0.075741 0.756769
vt 0.107290 0.700577
vt 0.108623 0.703915
vt 0.090794 0.727334
vt 0.080685 0.756808
vt 0.080155 0.786030
vt 0.110165 0.706771
vt 0.094312 0.728644
vt 0.086353 0.755585
vt 0.086514 0.781347
vt 0.092301 0.801989
vt 0.100942 0.816664
vt 0.091268 0.753605
vt 0.091764 0.775853
vt 0.097921 0.729835
vt 0.097066 0.792931
vt 0.104737 0.804865
vt 0.114681 0.812690
vt 0.126548 0.817879
vt 0.139099 0.822050
vt 0.095812 0.751519
vt 0.096143 0.770368
vt 0.101478 0.731233
vt 0.100486 0.785039
vt 0.107335 0.795138
vt 0.116416 0.802161
vt 0.127760 0.806993
vt 0.105257 0.732612
vt 0.100071 0.749740
vt 0.099710 0.765493
vt 0.103174 0.778889
vt 0.109038 0.788915
vt 0.117312 0.796060
vt 0.127983 0.800532
vt 0.109348 0.734957
vt 0.104333 0.748850
vt 0.103453 0.762160
vt 0.105678 0.774293
vt 0.110185 0.784494
vt 0.117943 0.791558
vt 0.113111 0.738197
vt 0.108929 0.749384
vt 0.107650 0.760450
vt 0.109576 0.770250
vt 0.113296 0.778963
vt 0.076874 0.703912
vt 0.097832 0.677254
vt 0.103784 0.677940
vt 0.079788 0.706829
vt 0.071265 0.704181
vt 0.089210 0.678088
vt 0.062838 0.728840
vt 0.062475 0.723521
vt 0.063273 0.736156
vt 0.587737 0.271492
vt 0.586485 0.280471
vt 0.574551 0.276141
vt 0.578734 0.270647
vt 0.586663 0.262825
vt 0.575514 0.264032
vt 0.584518 0.289102
vt 0.570354 0.283175
vt 0.572633 0.255565
vt 0.585432 0.253863
vt 0.570929 0.245560
vt 0.584632 0.243718
vt 0.584461 0.233703
vt 0.570509 0.235337
vt 0.566405 0.268266
vt 0.561179 0.258846
vt 0.558150 0.248019
vt 0.584576 0.224650
vt 0.584880 0.215809
vt 0.584903 0.208164
vt 0.559107 0.274653
vt 0.567512 0.290761
vt 0.567261 0.297717
vt 0.582925 0.296816
vt 0.581500 0.303641
vt 0.577166 0.309905
vt 0.575457 0.316433
vt 0.151218 0.824974
vt 0.161837 0.827724
vt 0.163802 0.837642
vt 0.153331 0.837039
vt 0.162748 0.817229
vt 0.673034 0.581799
vt 0.647695 0.589755
vt 0.173965 0.839459
vt 0.700739 0.584361
vt 0.172615 0.829954
vt 0.628169 0.609369
vt 0.148183 0.858351
vt 0.636173 0.636008
vt 0.638981 0.655249
vt 0.624701 0.666177
vt 0.643670 0.614717
vt 0.647463 0.670983
vt 0.632902 0.689041
vt 0.139319 0.881758
vt 0.647919 0.635903
vt 0.649213 0.649463
vt 0.652238 0.617302
vt 0.655902 0.633718
vt 0.658117 0.644388
vt 0.660651 0.620354
vt 0.139909 0.921614
vt 0.147535 0.897173
vt 0.750642 0.425119
vt 0.755230 0.425930
vt 0.746086 0.424726
vt 0.743058 0.423413
vt 0.740415 0.421582
vt 0.745309 0.412413
vt 0.760824 0.404611
vt 0.753179 0.408421
vt 0.747236 0.414377
vt 0.778416 0.408282
vt 0.770082 0.406803
vt 0.762199 0.407662
vt 0.755532 0.410783
vt 0.750036 0.416314
vt 0.753571 0.418062
vt 0.776930 0.471364
vt 0.115594 0.166572
vt 0.762469 0.461832
vt 0.780780 0.463488
vt 0.104077 0.158987
vt 0.113562 0.154599
vt 0.798028 0.468487
vt 0.095705 0.164884
vt 0.797503 0.457474
vt 0.088916 0.171607
vt 0.223795 0.232073
vt 0.781654 0.461299
vt 0.794215 0.455811
vt 0.791912 0.455693
vt 0.136673 0.796929
vt 0.146224 0.794939
vt 0.127193 0.795628
vt 0.119606 0.785140
vt 0.126746 0.789210
vt 0.780194 0.376669
vt 0.794372 0.385314
vt 0.786715 0.383997
vt 0.778560 0.382692
vt 0.770518 0.381565
vt 0.776434 0.388837
vt 0.767536 0.388126
vt 0.758416 0.388280
vt 0.224511 0.214602
vt 0.223928 0.223028
vt 0.833640 0.355099
vt 0.223937 0.207222
vt 0.173060 0.962176
vt 0.562025 0.937471
vt 0.167331 0.945260
vt 0.117684 0.930163
vt 0.185419 0.928832
vt 0.162687 0.914008
vt 0.193406 0.908012
vt 0.666539 0.725552
vt 0.198634 0.890146
vt 0.701265 0.702461
vt 0.618298 0.394009
vt 0.618911 0.400963
vt 0.622988 0.395581
vt 0.623009 0.403006
vt 0.622803 0.409836
vt 0.618881 0.407454
vt 0.627565 0.405249
vt 0.627185 0.412445
vt 0.627720 0.397266
vt 0.614886 0.405034
vt 0.626296 0.418612
vt 0.621962 0.415898
vt 0.632611 0.415200
vt 0.631620 0.421514
vt 0.633189 0.407718
vt 0.618202 0.413170
vt 0.614446 0.410393
vt 0.610576 0.407546
vt 0.638434 0.424741
vt 0.646496 0.428831
vt 0.644513 0.434834
vt 0.636973 0.430362
vt 0.639717 0.418375
vt 0.648321 0.422292
vt 0.630289 0.426772
vt 0.624995 0.423778
vt 0.620683 0.421005
vt 0.616859 0.417986
vt 0.613215 0.414743
vt 0.609506 0.411304
vt 0.651705 0.439938
vt 0.648676 0.446372
vt 0.642115 0.440916
vt 0.654388 0.433714
vt 0.635203 0.435780
vt 0.628800 0.431566
vt 0.623467 0.428397
vt 0.618996 0.425158
vt 0.615189 0.421887
vt 0.654324 0.451643
vt 0.657686 0.445269
vt 0.659108 0.456319
vt 0.640973 0.410974
vt 0.633787 0.399380
vt 0.642241 0.402310
vt 0.656925 0.427424
vt 0.650202 0.414913
vt 0.659636 0.420453
vt 0.660965 0.439213
vt 0.666006 0.444717
vt 0.662431 0.450133
vt 0.664306 0.433264
vt 0.670017 0.439545
vt 0.666130 0.454429
vt 0.663388 0.460052
vt 0.668680 0.457454
vt 0.667726 0.462193
vt 0.669746 0.450169
vt 0.672084 0.455744
vt 0.666038 0.468776
vt 0.633348 0.530390
vt 0.636821 0.536997
vt 0.630687 0.534982
vt 0.586306 0.657578
vt 0.587419 0.664488
vt 0.589744 0.671590
vt 0.587969 0.644872
vt 0.592218 0.652020
vt 0.652310 0.406723
vt 0.662887 0.412671
vt 0.672530 0.420067
vt 0.668043 0.426891
vt 0.680209 0.428441
vt 0.674645 0.434168
vt 0.685911 0.437158
vt 0.679510 0.441941
vt 0.674201 0.446179
vt 0.689853 0.446231
vt 0.682812 0.450041
vt 0.676947 0.453193
vt 0.692378 0.455774
vt 0.684683 0.458557
vt 0.678187 0.460715
vt 0.672585 0.462103
vt 0.693424 0.465657
vt 0.685154 0.467461
vt 0.678013 0.468763
vt 0.671786 0.469322
vt 0.693081 0.475716
vt 0.684397 0.476651
vt 0.676834 0.477291
vt 0.670042 0.477335
vt 0.663572 0.476474
vt 0.691422 0.486049
vt 0.682554 0.486199
vt 0.674695 0.486306
vt 0.667479 0.486026
vt 0.688212 0.496822
vt 0.679529 0.496200
vt 0.671619 0.495859
vt 0.664059 0.495402
vt 0.683297 0.508026
vt 0.675281 0.506722
vt 0.667607 0.505892
vt 0.676549 0.519284
vt 0.669602 0.517319
vt 0.668378 0.529828
vt 0.121799 0.166386
vt 0.123217 0.152416
vt 0.660319 0.485046
vt 0.656075 0.494630
vt 0.595420 0.660273
vt 0.597861 0.669661
vt 0.609444 0.679270
vt 0.256782 0.158408
vt 0.255790 0.144610
vt 0.606306 0.666694
vt 0.256537 0.170104
vt 0.602850 0.656157
vt 0.256343 0.180456
vt 0.246342 0.182962
vt 0.244601 0.172786
vt 0.242557 0.161861
vt 0.233732 0.176925
vt 0.230227 0.167224
vt 0.236753 0.186339
vt 0.599017 0.646584
vt 0.256966 0.189769
vt 0.248219 0.192301
vt 0.239394 0.195396
vt 0.594222 0.638058
vt 0.258494 0.198719
vt 0.250259 0.201640
vt 0.241733 0.203920
vt 0.233151 0.205730
vt 0.589249 0.628104
vt 0.261000 0.208599
vt 0.252539 0.211299
vt 0.243812 0.212965
vt 0.263596 0.220939
vt 0.234345 0.213847
vt 0.254583 0.222712
vt 0.245082 0.222784
vt 0.234945 0.222407
vt 0.054637 0.153562
vt 0.064132 0.160556
vt 0.073582 0.169177
vt 0.061549 0.139818
vt 0.071050 0.149892
vt 0.080296 0.160938
vt 0.080048 0.139087
vt 0.088557 0.152785
vt 0.070925 0.125766
vt 0.201378 0.793155
vt 0.200456 0.802637
vt 0.188873 0.802038
vt 0.186630 0.811674
vt 0.175671 0.810005
vt 0.199534 0.812502
vt 0.185008 0.821684
vt 0.173084 0.819882
vt 0.198844 0.822655
vt 0.184813 0.831677
vt 0.198608 0.832836
vt 0.198887 0.842436
vt 0.185687 0.841302
vt 0.199277 0.851447
vt 0.725193 0.598495
vt 0.157165 0.779793
vt 0.157012 0.771023
vt 0.159575 0.765309
vt 0.153953 0.763250
vt 0.155772 0.757459
vt 0.157642 0.751538
vt 0.160305 0.745897
vt 0.831606 0.698577
vt 0.817083 0.700299
vt 0.831303 0.681743
vt 0.817517 0.682141
vt 0.175976 0.732232
vt 0.172185 0.734100
vt 0.166769 0.725866
vt 0.159754 0.719284
vt 0.163049 0.730325
vt 0.156143 0.724932
vt 0.168222 0.737285
vt 0.163978 0.741189
vt 0.159148 0.735589
vt 0.148104 0.761644
vt 0.138064 0.727951
vt 0.145652 0.728820
vt 0.139060 0.720761
vt 0.148221 0.721569
vt 0.130078 0.729490
vt 0.129528 0.722874
vt 0.152764 0.731389
vt 0.150592 0.715387
vt 0.140246 0.714110
vt 0.152919 0.708869
vt 0.120310 0.728740
vt 0.117836 0.723428
vt 0.128974 0.716448
vt 0.128191 0.675814
vt 0.126849 0.681736
vt 0.133488 0.666899
vt 0.126927 0.686255
vt 0.142389 0.679835
vt 0.142474 0.684731
vt 0.127233 0.690388
vt 0.142459 0.675040
vt 0.127552 0.694431
vt 0.142423 0.689621
vt 0.154611 0.689063
vt 0.154463 0.694944
vt 0.142385 0.694679
vt 0.154612 0.683638
vt 0.127907 0.698901
vt 0.111763 0.710176
vt 0.142114 0.701225
vt 0.128292 0.704249
vt 0.153994 0.701651
vt 0.113646 0.713920
vt 0.164511 0.696304
vt 0.141377 0.707553
vt 0.128595 0.710063
vt 0.115739 0.718463
vt 0.052545 0.765519
vt 0.046242 0.799575
vt 0.051739 0.753126
vt 0.043237 0.782237
vt 0.047622 0.838128
vt 0.039685 0.813683
vt 0.801329 0.677921
vt 0.810555 0.657512
vt 0.819591 0.667603
vt 0.076670 0.066476
vt 0.063079 0.084367
vt 0.772261 0.688625
vt 0.645443 0.708626
vt 0.660274 0.682728
vt 0.678247 0.688057
vt 0.665948 0.669357
vt 0.681466 0.673471
vt 0.654866 0.660753
vt 0.663412 0.653567
vt 0.671098 0.661239
vt 0.724049 0.645302
vt 0.716772 0.664302
vt 0.697351 0.669120
vt 0.700500 0.680321
vt 0.736070 0.651590
vt 0.187629 0.873604
vt 0.199966 0.868101
vt 0.200046 0.877365
vt 0.737374 0.624208
vt 0.199900 0.859951
vt 0.723071 0.625786
vt 0.712977 0.606949
vt 0.707130 0.614888
vt 0.687761 0.620331
vt 0.693858 0.625704
vt 0.679190 0.617182
vt 0.672451 0.617037
vt 0.121173 0.135080
vt 0.109530 0.138688
vt 0.104184 0.120488
vt 0.117819 0.114659
vt 0.132888 0.132934
vt 0.131164 0.111385
vt 0.098483 0.144951
vt 0.759646 0.770749
vt 0.763638 0.794017
vt 0.740077 0.798219
vt 0.735909 0.777114
vt 0.783123 0.789952
vt 0.752717 0.746480
vt 0.729917 0.755436
vt 0.160754 0.031613
vt 0.136456 0.030149
vt 0.113448 0.036987
vt 0.681961 0.781881
vt 0.187422 0.040279
vt 0.708239 0.782459
vt 0.652633 0.785302
vt 0.660497 0.770215
vt 0.215296 0.056064
vt 0.639672 0.756852
vt 0.649374 0.740809
vt 0.204750 0.077040
vt 0.181399 0.064792
vt 0.226024 0.094398
vt 0.799100 0.811792
vt 0.799626 0.786262
vt 0.554264 0.315152
vt 0.576090 0.323742
vt 0.583473 0.344665
vt 0.569146 0.338510
vt 0.588485 0.341733
vt 0.583222 0.337538
vt 0.559223 0.327124
vt 0.578472 0.330632
vt 0.698483 0.598088
vt 0.679213 0.593876
vt 0.659109 0.599378
vt 0.696063 0.606654
vt 0.681157 0.602905
vt 0.665406 0.606300
vt 0.691952 0.613798
vt 0.680892 0.610599
vt 0.669952 0.612774
vt 0.153006 0.664110
vt 0.152139 0.658626
vt 0.145953 0.661485
vt 0.142832 0.669578
vt 0.163476 0.668762
vt 0.153627 0.671349
vt 0.174238 0.675330
vt 0.164345 0.675938
vt 0.154177 0.677369
vt 0.164611 0.682893
vt 0.164710 0.689487
vt 0.699391 0.620555
vt 0.582642 0.200931
vt 0.579308 0.194397
vt 0.557705 0.198783
vt 0.576188 0.188240
vt 0.552471 0.194328
vt 0.573831 0.181906
vt 0.548151 0.188923
vt 0.571884 0.175117
vt 0.542986 0.182922
vt 0.568686 0.166674
vt 0.535895 0.176763
vt 0.199550 0.641141
vt 0.182134 0.640374
vt 0.198569 0.636333
vt 0.179939 0.637123
vt 0.197895 0.632712
vt 0.177390 0.633691
vt 0.196872 0.629343
vt 0.174161 0.630015
vt 0.194801 0.625265
vt 0.169645 0.625516
vt 0.192682 0.620320
vt 0.163607 0.621101
vt 0.190062 0.615074
vt 0.509523 0.244873
vt 0.146998 0.653849
vt 0.162589 0.645000
vt 0.167327 0.647618
vt 0.138188 0.655398
vt 0.159541 0.642984
vt 0.130498 0.655430
vt 0.155185 0.641199
vt 0.607602 0.859214
vt 0.604537 0.845075
vt 0.603386 0.827276
vt 0.587861 0.805136
vt 0.604162 0.807082
vt 0.572336 0.804642
vt 0.158112 0.085477
vt 0.144007 0.109916
vt 0.142133 0.084997
vt 0.128059 0.087272
vt 0.112504 0.092601
vt 0.110459 0.377062
vt 0.109745 0.392429
vt 0.103154 0.376645
vt 0.117041 0.377241
vt 0.116127 0.392236
vt 0.110011 0.408455
vt 0.110881 0.425395
vt 0.625757 0.792318
vt 0.631658 0.773797
vt 0.646178 0.800813
vt 0.606580 0.785135
vt 0.588478 0.780425
vt 0.145602 0.393619
vt 0.147872 0.408206
vt 0.140842 0.408323
vt 0.138999 0.393331
vt 0.047239 0.395180
vt 0.047407 0.409371
vt 0.144613 0.378060
vt 0.152776 0.377457
vt 0.138692 0.378071
vt 0.133142 0.392315
vt 0.133498 0.376997
vt 0.127234 0.391436
vt 0.127938 0.375905
vt 0.241709 0.112580
vt 0.225388 0.125597
vt 0.251397 0.129348
vt 0.234114 0.138879
vt 0.239397 0.150634
vt 0.087910 0.082556
vt 0.073400 0.097627
vt 0.091241 0.128931
vt 0.104242 0.070255
vt 0.122026 0.061290
vt 0.572283 0.779334
vt 0.667133 0.809810
vt 0.039256 0.840781
vt 0.053479 0.871042
vt 0.076920 0.901495
vt 0.771050 0.955839
vt 0.777288 0.962718
vt 0.763211 0.947879
vt 0.752870 0.957878
vt 0.752596 0.940523
vt 0.097045 0.101121
vt 0.082776 0.112595
vt 0.830402 0.662965
vt 0.159610 0.058580
vt 0.140448 0.057639
vt 0.143667 0.423384
vt 0.151437 0.422349
vt 0.045297 0.423417
vt 0.136171 0.424094
vt 0.124737 0.441498
vt 0.573345 0.915028
vt 0.562680 0.924577
vt 0.564210 0.912649
vt 0.122688 0.377061
vt 0.121752 0.391638
vt 0.116214 0.408240
vt 0.116783 0.425124
vt 0.739944 0.932923
vt 0.127576 0.407883
vt 0.121996 0.407842
vt 0.129534 0.424456
vt 0.123237 0.424615
vt 0.118339 0.441935
vt 0.134196 0.408201
vt 0.102676 0.654508
vt 0.115236 0.653222
vt 0.123830 0.654405
vt 0.155517 0.617623
vt 0.185720 0.610204
vt 0.144433 0.613791
vt 0.179826 0.603266
vt 0.131429 0.608167
vt 0.828396 0.963153
vt 0.827216 0.953068
vt 0.825999 0.943668
vt 0.150257 0.638797
vt 0.143570 0.635743
vt 0.134199 0.633269
vt 0.777253 0.490972
vt 0.774384 0.485062
vt 0.184018 0.252557
vt 0.782954 0.490182
vt 0.190800 0.260606
vt 0.185369 0.260300
vt 0.180543 0.262654
vt 0.176020 0.258885
vt 0.787706 0.492935
vt 0.768615 0.496301
vt 0.192945 0.269460
vt 0.186623 0.270943
vt 0.180597 0.271089
vt 0.173971 0.271019
vt 0.787189 0.501456
vt 0.781241 0.500393
vt 0.774815 0.499165
vt 0.768101 0.508696
vt 0.194158 0.281125
vt 0.187993 0.282496
vt 0.181875 0.282932
vt 0.175800 0.283037
vt 0.784976 0.511984
vt 0.779578 0.511387
vt 0.773830 0.509943
vt 0.195624 0.293308
vt 0.201222 0.290848
vt 0.204197 0.298922
vt 0.198520 0.305650
vt 0.189306 0.295014
vt 0.190798 0.307168
vt 0.183215 0.295451
vt 0.182999 0.307147
vt 0.789836 0.523182
vt 0.792211 0.528752
vt 0.784298 0.523725
vt 0.785879 0.531407
vt 0.778252 0.523184
vt 0.777855 0.531140
vt 0.771638 0.521478
vt 0.769906 0.528866
vt 0.827167 0.525679
vt 0.823674 0.520998
vt 0.826648 0.514974
vt 0.133447 0.291037
vt 0.144283 0.293275
vt 0.140727 0.297160
vt 0.138784 0.301812
vt 0.132305 0.302387
vt 0.828782 0.531046
vt 0.818871 0.531005
vt 0.816231 0.524799
vt 0.823083 0.535434
vt 0.139030 0.311009
vt 0.144128 0.307316
vt 0.148214 0.303379
vt 0.151238 0.298258
vt 0.814642 0.516605
vt 0.810589 0.537237
vt 0.807008 0.531722
vt 0.814821 0.541116
vt 0.147354 0.316618
vt 0.151213 0.312820
vt 0.155191 0.308795
vt 0.158505 0.304309
vt 0.806061 0.521523
vt 0.801690 0.534030
vt 0.805075 0.539182
vt 0.795465 0.543899
vt 0.792177 0.536188
vt 0.809655 0.542888
vt 0.798729 0.546878
vt 0.812110 0.547556
vt 0.158213 0.329077
vt 0.157217 0.317731
vt 0.163197 0.324326
vt 0.161381 0.313075
vt 0.167977 0.318031
vt 0.164959 0.308406
vt 0.173303 0.312114
vt 0.167066 0.302837
vt 0.784879 0.535808
vt 0.180257 0.316022
vt 0.190844 0.314478
vt 0.171485 0.322319
vt 0.200486 0.312649
vt 0.237406 0.271032
vt 0.233275 0.268503
vt 0.231960 0.263350
vt 0.734170 0.490593
vt 0.741443 0.496424
vt 0.736733 0.497482
vt 0.732581 0.500275
vt 0.728037 0.496871
vt 0.241046 0.274759
vt 0.232516 0.290413
vt 0.237911 0.281348
vt 0.244124 0.283856
vt 0.732479 0.518435
vt 0.734284 0.507432
vt 0.738219 0.517138
vt 0.739858 0.505254
vt 0.743699 0.515142
vt 0.745046 0.502208
vt 0.749099 0.512003
vt 0.750014 0.497047
vt 0.216327 0.278993
vt 0.228159 0.273225
vt 0.221974 0.281990
vt 0.232801 0.277378
vt 0.227255 0.286847
vt 0.225872 0.301369
vt 0.230865 0.304147
vt 0.738667 0.539582
vt 0.220167 0.312325
vt 0.742030 0.528421
vt 0.743668 0.540203
vt 0.748097 0.526746
vt 0.751603 0.540122
vt 0.753566 0.523067
vt 0.760542 0.533521
vt 0.759287 0.518302
vt 0.215256 0.293859
vt 0.207420 0.305139
vt 0.220627 0.297910
vt 0.214320 0.308345
vt 0.210286 0.315331
vt 0.217327 0.318212
vt 0.737254 0.544341
vt 0.743178 0.546949
vt 0.752788 0.547482
vt 0.761896 0.544843
vt 0.769731 0.534355
vt 0.777527 0.539922
vt 0.787951 0.552945
vt 0.777074 0.552228
vt 0.765165 0.553150
vt 0.753102 0.555386
vt 0.795770 0.555209
vt 0.160525 0.337813
vt 0.166921 0.333769
vt 0.741422 0.554371
vt 0.734488 0.549192
vt 0.215366 0.326565
vt 0.208938 0.324336
vt 0.198424 0.323531
vt 0.192040 0.323909
vt 0.182972 0.325958
vt 0.257530 0.325527
vt 0.253163 0.322832
vt 0.252860 0.319596
vt 0.717811 0.584930
vt 0.260485 0.328394
vt 0.723473 0.588553
vt 0.722231 0.581509
vt 0.725289 0.584806
vt 0.721900 0.576983
vt 0.738816 0.579434
vt 0.732091 0.582276
vt 0.731033 0.576552
vt 0.738188 0.571628
vt 0.739983 0.584438
vt 0.259436 0.337989
vt 0.250062 0.340011
vt 0.255575 0.334312
vt 0.245569 0.335246
vt 0.251123 0.330678
vt 0.237635 0.327033
vt 0.723618 0.569150
vt 0.247391 0.326842
vt 0.242092 0.330793
vt 0.728321 0.571917
vt 0.734715 0.566576
vt 0.749622 0.565417
vt 0.747944 0.576597
vt 0.747206 0.582982
vt 0.241361 0.351195
vt 0.236301 0.346752
vt 0.232066 0.341804
vt 0.228985 0.338376
vt 0.740938 0.559435
vt 0.216658 0.337611
vt 0.208589 0.335372
vt 0.199819 0.335311
vt 0.194688 0.335869
vt 0.185945 0.338159
vt 0.174170 0.343791
vt 0.166863 0.349222
vt 0.793358 0.565364
vt 0.784818 0.563827
vt 0.775106 0.563354
vt 0.763909 0.563642
vt 0.229472 0.350950
vt 0.218783 0.350309
vt 0.210279 0.349894
vt 0.202551 0.349912
vt 0.195726 0.351135
vt 0.187912 0.353440
vt 0.179386 0.356290
vt 0.172706 0.361181
vt 0.791279 0.575918
vt 0.783427 0.574422
vt 0.775504 0.574055
vt 0.767275 0.574846
vt 0.759392 0.577087
vt 0.118926 0.362762
vt 0.111742 0.361986
vt 0.104221 0.361105
vt 0.096688 0.360473
vt 0.089890 0.360965
vt 0.083004 0.361669
vt 0.076467 0.362444
vt 0.070400 0.363285
vt 0.062602 0.362082
vt 0.055297 0.363614
vt 0.047333 0.364406
vt 0.147272 0.363275
vt 0.139596 0.363458
vt 0.235439 0.357196
vt 0.752763 0.587372
vt 0.755430 0.582515
vt 0.124228 0.364230
vt 0.128445 0.363801
vt 0.133539 0.363301
vt 0.759354 0.593587
vt 0.762061 0.589765
vt 0.765572 0.586911
vt 0.230159 0.367549
vt 0.225176 0.365530
vt 0.770798 0.585337
vt 0.776663 0.584124
vt 0.782726 0.584442
vt 0.788841 0.585358
vt 0.178654 0.373344
vt 0.184338 0.371012
vt 0.190605 0.368999
vt 0.197151 0.367058
vt 0.203593 0.365429
vt 0.210868 0.365022
vt 0.218161 0.365122
vt 0.054486 0.324111
vt 0.935191 0.612239
vt 0.931654 0.609401
vt 0.057696 0.321494
vt 0.061774 0.318001
vt 0.926407 0.607855
vt 0.920522 0.606673
vt 0.914447 0.607025
vt 0.908326 0.607977
vt 0.902235 0.612551
vt 0.102187 0.310224
vt 0.095614 0.310308
vt 0.088799 0.310549
vt 0.082183 0.311053
vt 0.075164 0.312979
vt 0.068289 0.315389
vt 0.135108 0.558013
vt 0.732613 0.941963
vt 0.145865 0.554162
vt 0.611178 0.900027
vt 0.074840 0.564163
vt 0.099096 0.564102
vt 0.057027 0.563138
vt 0.045599 0.548739
vt 0.622483 0.864764
vt 0.111383 0.562986
vt 0.633062 0.863745
vt 0.714784 0.879238
vt 0.730298 0.883236
vt 0.741984 0.891843
vt 0.155851 0.549426
vt 0.745402 0.903471
vt 0.938838 0.936741
vt 0.294599 0.559465
vt 0.934274 0.927508
vt 0.498094 0.897065
vt 0.343052 0.562442
vt 0.492686 0.903188
vt 0.360862 0.561366
vt 0.372249 0.546934
vt 0.380908 0.537419
vt 0.306506 0.561371
vt 0.478149 0.859644
vt 0.466342 0.861694
vt 0.950384 0.887460
vt 0.241710 0.534552
vt 0.933011 0.917702
vt 0.934514 0.907102
vt 0.757915 0.707863
vt 0.093248 0.049831
vt 0.050611 0.103414
vt 0.797492 0.645952
vt 0.633057 0.726334
vt 0.240329 0.077130
vt 0.669394 0.753938
vt 0.690404 0.764958
vt 0.719650 0.730720
vt 0.739773 0.721152
vt 0.784864 0.667182
vt 0.585013 0.614842
vt 0.269844 0.204218
vt 0.267206 0.195108
vt 0.265978 0.187572
vt 0.266454 0.179311
vt 0.268546 0.169628
vt 0.271517 0.157241
vt 0.613219 0.694956
vt 0.620953 0.711109
vt 0.041557 0.124742
vt 0.820827 0.575197
vt 0.421547 0.327550
vt 0.915921 0.691383
vt 0.880382 0.625551
vt 0.352425 0.329563
vt 0.480373 0.181171
vt 0.468355 0.735958
vt 0.447654 0.748032
vt 0.991619 0.744770
vt 0.966877 0.735466
vt 0.947137 0.725133
vt 0.904150 0.669472
vt 0.407109 0.087332
vt 0.534950 0.625942
vt 0.529255 0.635457
vt 0.523787 0.643526
vt 0.519093 0.652869
vt 0.515051 0.663659
vt 0.448571 0.130785
vt 0.507051 0.692016
vt 0.498394 0.707760
vt 0.873664 0.601041
vt 0.543191 0.595468
vt 0.589631 0.681389
vt 0.628593 0.538317
vt 0.633587 0.541059
vt 0.637492 0.543899
vt 0.639769 0.546789
vt 0.607694 0.536737
vt 0.578785 0.699993
vt 0.559697 0.707821
vt 0.590237 0.540236
vt 0.520233 0.562601
vt 0.569621 0.647324
vt 0.641616 0.550362
vt 0.544882 0.539339
vt 0.531340 0.669133
vt 0.531647 0.545071
vt 0.527977 0.548209
vt 0.525935 0.551269
vt 0.557121 0.538727
vt 0.566136 0.539974
vt 0.574799 0.540844
vt 0.522854 0.559047
vt 0.524374 0.554976
vt 0.583413 0.597062
vt 0.573627 0.597518
vt 0.563271 0.596990
vt 0.871744 0.576175
vt 0.552905 0.596702
vt 0.712813 0.802304
vt 0.716362 0.822623
vt 0.674003 0.795958
vt 0.702878 0.762144
vt 0.694570 0.739068
vt 0.717167 0.870575
vt 0.644747 0.866411
vt 0.718550 0.841858
vt 0.718833 0.858266
vt 0.970962 0.807260
vt 0.452635 0.818581
vt 0.976295 0.787605
vt 0.982431 0.767511
vt 0.426090 0.757942
vt 0.963991 0.875313
vt 0.966040 0.884062
vt 0.963712 0.846564
vt 0.962799 0.862950
vt 0.817265 0.962728
vt 0.091338 0.634121
vt 0.838856 0.962709
vt 0.173396 0.593833
vt 0.173325 0.976231
vt 0.215563 0.982230
vt 0.570580 0.936538
vt 0.578710 0.937240
vt 0.586791 0.938686
vt 0.595204 0.941374
vt 0.016753 0.828571
vt 0.013313 0.774313
vt 0.028615 0.717334
vt 0.056108 0.670871
vt 0.296088 0.607931
vt 0.871684 0.964240
vt 0.254238 0.593762
vt 0.257695 0.975693
vt 0.299828 0.960383
vt 0.337773 0.939782
vt 0.370882 0.909807
vt 0.396324 0.873642
vt 0.412146 0.826363
vt 0.414933 0.772297
vt 0.399098 0.715779
vt 0.371342 0.669841
vt 0.610208 0.926687
vt 0.614857 0.920370
vt 0.747736 0.973063
vt 0.752196 0.979030
vt 0.757690 0.985775
vt 0.622498 0.913245
vt 0.497672 0.923742
vt 0.942978 0.963502
vt 0.500013 0.929669
vt 0.501053 0.935399
vt 0.501292 0.942404
vt 0.954036 0.955168
vt 0.183754 0.644030
vt 0.516815 0.207596
vt 0.512577 0.273775
vt 0.152810 0.652054
vt 0.213363 0.639137
vt 0.564658 0.157125
vt 0.516852 0.289624
vt 0.523163 0.312807
vt 0.534738 0.332776
vt 0.191744 0.653566
vt 0.602810 0.365394
vt 0.205366 0.653688
vt 0.657125 0.172736
vt 0.258741 0.645485
vt 0.282763 0.661708
vt 0.273359 0.654554
vt 0.627119 0.155049
vt 0.276257 0.659608
vt 0.265573 0.650841
vt 0.253239 0.653994
vt 0.241465 0.654918
vt 0.230563 0.654977
vt 0.724369 0.678735
vt 0.186021 0.882659
vt 0.185257 0.850757
vt 0.187919 0.858937
vt 0.186702 0.866387
vt 0.174142 0.895939
vt 0.159923 0.885832
vt 0.151586 0.876213
vt 0.176224 0.847531
vt 0.146904 0.867463
vt 0.152330 0.850703
vt 0.620616 0.637581
vt 0.160183 0.847694
vt 0.167760 0.846898
vt 0.239291 0.872733
vt 0.243998 0.882857
vt 0.242585 0.851104
vt 0.370744 0.632906
vt 0.375726 0.659864
vt 0.254262 0.895031
vt 0.473211 0.704170
vt 0.482998 0.683075
vt 0.251823 0.848077
vt 0.488043 0.659315
vt 0.476956 0.603494
vt 0.488239 0.630432
vt 0.267989 0.848233
vt 0.260475 0.847618
vt 0.501907 0.548481
vt 0.511452 0.555563
vt 0.491279 0.540272
vt 0.480734 0.530359
vt 0.471538 0.519180
vt 0.464562 0.507528
vt 0.459817 0.495942
vt 0.457062 0.484633
vt 0.456057 0.473357
vt 0.456760 0.462087
vt 0.459184 0.451086
vt 0.463326 0.440742
vt 0.469070 0.430508
vt 0.477168 0.420461
vt 0.487620 0.410978
vt 0.499382 0.403582
vt 0.510339 0.398266
vt 0.519395 0.394824
vt 0.525849 0.392749
vt 0.530610 0.391368
vt 0.541228 0.388801
vt 0.535701 0.390013
vt 0.548410 0.387670
vt 0.557303 0.387306
vt 0.567096 0.388525
vt 0.646344 0.557639
vt 0.045497 0.379564
vt 0.155603 0.362055
vt 0.159345 0.420709
vt 0.155784 0.407538
vt 0.041807 0.438220
vt 0.153752 0.393525
vt 0.021770 0.509563
vt 0.017317 0.518105
vt 0.013435 0.525629
vt 0.025765 0.498339
vt 0.029699 0.484621
vt 0.033836 0.469140
vt 0.037902 0.453628
vt 0.264578 0.375961
vt 0.369983 0.362606
vt 0.258134 0.419233
vt 0.261657 0.406052
vt 0.253308 0.433129
vt 0.263648 0.392032
vt 0.395964 0.507689
vt 0.224972 0.508559
vt 0.220253 0.515718
vt 0.391937 0.496477
vt 0.387964 0.482770
vt 0.383782 0.467301
vt 0.379671 0.451802
vt 0.131629 0.166461
vt 0.740651 0.459950
vt 0.754265 0.467637
vt 0.213926 0.208483
vt 0.822954 0.340445
vt 0.213137 0.215507
vt 0.817432 0.452134
vt 0.101871 0.174018
vt 0.108163 0.169890
vt 0.841697 0.397378
vt 0.831910 0.427822
vt 0.707536 0.387182
vt 0.172566 0.172657
vt 0.708128 0.405758
vt 0.142119 0.167121
vt 0.808506 0.329301
vt 0.791199 0.322669
vt 0.772905 0.321431
vt 0.756560 0.325760
vt 0.741952 0.333502
vt 0.730854 0.342671
vt 0.180953 0.174578
vt 0.962396 0.463708
vt 0.944138 0.478497
vt 0.331569 0.234272
vt 0.866148 0.363671
vt 0.376026 0.139434
vt 0.857080 0.381079
vt 0.308484 0.237094
vt 0.886693 0.479577
vt 0.907049 0.485089
vt 0.852853 0.404172
vt 0.858589 0.435320
vt 0.362282 0.198054
vt 0.983320 0.393294
vt 0.356128 0.206517
vt 0.349964 0.215155
vt 0.379245 0.144326
vt 0.381665 0.150006
vt 0.382604 0.156397
vt 0.381088 0.162989
vt 0.378956 0.169700
vt 0.376116 0.175664
vt 0.372199 0.182454
vt 0.082980 0.178657
vt 0.235100 0.232191
vt 0.245384 0.234075
vt 0.255402 0.235998
vt 0.265582 0.236580
vt 0.093787 0.189323
vt 0.275637 0.236320
vt 0.361940 0.111491
vt 0.369862 0.103425
vt 0.375815 0.094829
vt 0.381551 0.086394
vt 0.293864 0.296943
vt 0.349243 0.118806
vt 0.288723 0.305884
vt 0.234038 0.369013
vt 0.239679 0.360742
vt 0.246034 0.353697
vt 0.799818 0.578621
vt 0.794948 0.589890
vt 0.802761 0.568062
vt 0.802384 0.557149
vt 0.221956 0.327133
vt 0.732638 0.557593
vt 0.729128 0.564820
vt 0.253162 0.345158
vt 0.732493 0.587866
vt 0.263722 0.329483
vt 0.243413 0.322692
vt 0.718305 0.577302
vt 0.260419 0.322617
vt 0.223825 0.320408
vt 0.803887 0.550872
vt 0.225198 0.314570
vt 0.210522 0.290213
vt 0.754835 0.507799
vt 0.237351 0.293812
vt 0.736511 0.528987
vt 0.763482 0.525805
vt 0.223025 0.268836
vt 0.742171 0.490367
vt 0.727801 0.507880
vt 0.246451 0.272538
vt 0.240916 0.264827
vt 0.798762 0.526167
vt 0.159635 0.297744
vt 0.152479 0.321276
vt 0.817957 0.544604
vt 0.175867 0.304772
vt 0.152871 0.289919
vt 0.826869 0.540195
vt 0.141323 0.286166
vt 0.834717 0.532022
vt 0.834467 0.520326
vt 0.177485 0.295296
vt 0.790554 0.512661
vt 0.199923 0.279451
vt 0.766025 0.518893
vt 0.793875 0.501425
vt 0.198992 0.267002
vt 0.792441 0.488933
vt 0.193900 0.255804
vt 0.784548 0.482293
vt 0.937929 0.616048
vt 0.944491 0.609781
vt 0.950031 0.605351
vt 0.110080 0.297221
vt 0.108309 0.310627
vt 0.111814 0.284040
vt 0.114191 0.271223
vt 0.962551 0.571434
vt 0.964456 0.579830
vt 0.037774 0.285495
vt 0.957278 0.606762
vt 0.020593 0.302774
vt 0.973844 0.610771
vt 0.973564 0.591339
vt 0.021003 0.283270
vt 0.014799 0.288522
vt 0.959755 0.566597
vt 0.113604 0.262215
vt 0.958314 0.561844
vt 0.937554 0.540649
vt 0.042640 0.233279
vt 0.964403 0.540638
vt 0.036899 0.261719
vt 0.933395 0.548189
vt 0.946729 0.519310
vt 0.022856 0.223458
vt 0.017882 0.246744
vt 0.968739 0.519019
vt 0.962564 0.512763
vt 0.096883 0.240181
vt 0.890753 0.544108
vt 0.884797 0.570211
vt 0.119926 0.246968
vt 0.089163 0.244808
vt 0.882143 0.539215
vt 0.126025 0.239013
vt 0.870113 0.537623
vt 0.129654 0.228713
vt 0.124967 0.218330
vt 0.906995 0.545692
vt 0.082307 0.224207
vt 0.928695 0.531083
vt 0.060727 0.239691
vt 0.080214 0.212248
vt 0.928126 0.518671
vt 0.074412 0.201414
vt 0.922298 0.507441
vt 0.064827 0.197969
vn 0.792503 -0.374922 0.481011
vn 0.770073 -0.354502 0.530392
vn 0.622980 -0.646631 0.440188
vn 0.638053 -0.671800 0.376262
vn 0.665524 -0.683524 0.299786
vn 0.834848 -0.379348 0.398903
vn 0.857518 -0.091056 0.506332
vn 0.801720 -0.089761 0.590921
vn 0.791534 -0.053791 0.608753
vn 0.646321 -0.596402 0.475998
vn 0.441168 -0.800849 0.404985
vn 0.408872 -0.841432 0.353294
vn 0.418292 -0.860393 0.291130
vn 0.801895 -0.308973 0.511370
vn 0.505725 -0.768132 0.392702
vn 0.277283 -0.873218 0.400754
vn 0.258365 -0.896615 0.359623
vn 0.236949 -0.924069 0.299919
vn 0.720039 -0.563035 0.405630
vn 0.246577 -0.884143 0.396851
vn 0.082545 -0.906927 0.413123
vn 0.095530 -0.905219 0.414067
vn 0.111742 -0.935372 0.335548
vn 0.504110 -0.802690 0.318687
vn 0.016945 -0.978349 0.206270
vn -0.000000 -0.974880 0.222733
vn -0.000000 -0.911629 0.411015
vn 0.000000 -0.906636 0.421913
vn 0.113186 -0.951957 0.284548
vn 0.937131 0.200366 -0.285724
vn 0.945328 -0.037263 -0.323984
vn 0.827576 -0.038235 -0.560050
vn 0.837973 0.143151 -0.526602
vn 0.824080 0.260079 -0.503240
vn 0.904743 0.334944 -0.263158
vn 0.942796 0.329199 -0.052566
vn 0.984879 0.165886 -0.049959
vn 0.991023 -0.100010 -0.088721
vn 0.792345 -0.194595 -0.578206
vn 0.897238 -0.279446 -0.341869
vn 0.878171 -0.379689 -0.290952
vn 0.828007 -0.200062 -0.523812
vn 0.696425 0.026770 -0.717130
vn 0.602183 -0.102943 -0.791694
vn 0.636051 -0.093542 -0.765956
vn 0.937662 -0.061180 -0.342122
vn 0.859091 0.164158 -0.484784
vn 0.631372 0.435414 -0.641704
vn 0.521079 0.228646 -0.822312
vn 0.440658 -0.056131 -0.895918
vn 0.956403 -0.244216 -0.160164
vn 0.727750 0.384491 -0.567931
vn 0.401628 0.545822 -0.735372
vn 0.376906 0.586868 -0.716608
vn 0.333533 0.384687 -0.860681
vn 0.930316 0.140274 -0.338873
vn 0.973214 0.025242 -0.228512
vn 0.995936 -0.043172 -0.079048
vn 0.402941 0.279266 -0.871579
vn 0.197421 0.346363 -0.917092
vn 0.155335 0.582219 -0.798055
vn 0.134707 0.651797 -0.746335
vn 0.756903 0.108204 -0.644508
vn 0.936336 -0.089641 -0.339469
vn 0.951882 -0.131895 -0.276631
vn 0.181426 -0.119576 -0.976108
vn -0.249249 -0.030883 -0.967947
vn -0.240753 0.304253 -0.921666
vn -0.210714 0.534789 -0.818291
vn 0.348053 -0.157375 -0.924171
vn 0.668497 -0.285183 -0.686864
vn 0.860176 -0.349168 -0.371725
vn 0.877994 -0.315283 -0.360172
vn 0.195014 -0.472410 -0.859534
vn -0.058046 -0.488993 -0.870354
vn -0.476661 -0.271253 -0.836192
vn 0.502042 -0.467706 -0.727465
vn 0.804420 -0.416696 -0.423406
vn 0.830652 -0.403362 -0.383818
vn 0.613212 -0.629439 -0.477260
vn 0.218988 -0.744150 -0.631099
vn 0.033039 -0.741800 -0.669806
vn 0.524580 -0.761538 -0.380626
vn -0.644725 0.686912 -0.335383
vn -0.923833 0.154315 -0.350314
vn -0.949488 0.114481 -0.292176
vn -0.707025 0.660958 -0.251497
vn -0.378813 0.908093 -0.178517
vn -0.359315 0.892890 -0.271369
vn -0.350351 0.909968 -0.221840
vn -0.601500 0.782399 -0.161400
vn -0.961140 0.201057 -0.189174
vn 0.010020 -0.983261 0.181929
vn -0.000000 -0.984499 0.175390
vn -0.144971 -0.984267 0.101003
vn -0.125870 -0.969316 0.211146
vn -0.084517 -0.922244 0.377257
vn 0.063023 -0.930815 0.360017
vn -0.000000 -0.935983 0.352046
vn -0.356470 -0.847475 0.393338
vn -0.271759 -0.747965 0.605554
vn -0.002036 -0.834036 0.551707
vn 0.152673 -0.859818 0.487242
vn -0.380871 -0.895471 0.230366
vn 0.111982 0.312938 0.943149
vn 0.029742 0.655991 0.754183
vn -0.220633 0.649129 0.727979
vn -0.095439 0.373669 0.922639
vn 0.027637 -0.128396 0.991338
vn 0.151943 -0.152279 0.976588
vn 0.232781 -0.166305 0.958204
vn 0.252758 0.278747 0.926506
vn 0.213425 0.604499 0.767484
vn 0.311317 0.263776 0.912964
vn 0.375314 0.559580 0.738924
vn 0.277054 -0.211833 0.937213
vn 0.559670 -0.180437 0.808834
vn 0.502434 0.204098 0.840181
vn 0.671407 0.424609 0.607388
vn -0.048923 0.876915 0.478148
vn -0.285590 0.850635 0.441428
vn -0.513966 0.767530 0.383062
vn -0.439364 0.596268 0.671881
vn -0.355217 0.384623 0.851990
vn 0.155373 0.853551 0.497303
vn 0.437176 0.773861 0.458276
vn 0.750704 0.557172 0.354968
vn -0.314294 0.943243 0.107289
vn -0.536984 0.842005 0.051719
vn -0.817370 0.575143 -0.033434
vn -0.815180 0.524878 0.244917
vn -0.762410 0.373430 0.528471
vn -0.095816 0.985895 0.137226
vn 0.109090 0.984953 0.134041
vn 0.413881 0.902108 0.122084
vn 0.747790 0.658220 0.086925
vn -0.096245 0.992725 -0.072347
vn -0.307149 0.949477 -0.064439
vn -0.532308 0.842995 -0.077513
vn 0.074878 0.993564 -0.084990
vn 0.340627 0.936335 -0.085143
vn 0.686483 0.717038 -0.120826
vn 0.075008 0.992961 -0.091666
vn -0.083468 0.994087 -0.069451
vn -0.255322 0.965594 -0.049393
vn 0.308433 0.939040 -0.151898
vn 0.642228 0.713465 -0.280199
vn 0.399068 0.913738 -0.076336
vn 0.132621 0.989785 0.052312
vn -0.080014 0.991810 0.099555
vn 0.670799 0.688051 -0.276794
vn 0.814113 0.567920 -0.121192
vn 0.740894 0.574174 0.348427
vn 0.271452 0.769520 0.578060
vn -0.705921 0.012818 0.708174
vn -0.200781 -0.054219 0.978135
vn -0.346831 -0.499813 0.793659
vn 0.258452 0.234350 0.937168
vn 0.541855 0.217913 0.811731
vn 0.576091 0.182944 0.796650
vn 0.205571 0.188011 0.960413
vn 0.085747 0.220762 0.971551
vn 0.094640 0.268143 0.958719
vn 0.119173 0.212270 0.969917
vn 0.259676 0.207624 0.943112
vn 0.544704 0.172030 0.820794
vn 0.574843 0.079494 0.814393
vn 0.170463 -0.026889 0.984997
vn 0.772548 0.371285 0.515089
vn 0.907033 0.228688 0.353543
vn 0.928944 -0.063211 0.364785
vn 0.542746 -0.223418 0.809636
vn 0.229618 -0.418912 0.878515
vn 0.468250 -0.847186 0.251033
vn 0.509555 -0.852669 0.115370
vn 0.381481 -0.910180 0.161382
vn 0.379568 -0.910016 0.166731
vn 0.306062 -0.941207 0.143024
vn 0.352848 -0.876952 0.326271
vn 0.469100 -0.655460 0.591877
vn 0.733366 -0.577416 0.358838
vn 0.802967 -0.593395 0.055914
vn 0.707388 0.491036 0.508415
vn 0.723060 0.418485 0.549595
vn 0.877987 0.298591 0.374142
vn 0.874017 0.327592 0.358856
vn 0.865109 0.392071 0.312836
vn 0.683442 0.598165 0.418456
vn 0.450162 0.758523 0.471166
vn 0.477290 0.640950 0.601147
vn 0.506311 0.535493 0.675941
vn 0.730948 0.350309 0.585660
vn 0.876523 0.280504 0.391183
vn 0.519484 0.422858 0.742514
vn 0.724802 0.271626 0.633152
vn 0.872070 0.235177 0.429168
vn 0.509650 0.298330 0.807004
vn 0.703529 0.177973 0.688021
vn 0.866932 0.145893 0.476597
vn 0.480775 0.183819 0.857360
vn 0.685955 0.110345 0.719229
vn 0.859531 0.043021 0.509270
vn 0.441527 0.131050 0.887626
vn 0.685810 0.118388 0.718087
vn 0.428164 0.209298 0.879131
vn 0.679478 0.178896 0.711552
vn 0.462437 0.373401 0.804191
vn 0.697387 0.270011 0.663887
vn 0.525699 0.506054 0.683776
vn 0.832385 0.422008 0.359227
vn 0.854066 0.469711 -0.223478
vn 0.700479 0.682964 -0.207096
vn 0.627077 0.730052 0.271659
vn 0.476363 0.666758 0.573161
vn 0.649616 0.350073 0.674869
vn 0.682156 0.146858 0.716307
vn 0.922571 0.160124 0.351031
vn 0.953312 0.139589 -0.267789
vn 0.732112 0.147738 -0.664971
vn 0.604132 0.498917 -0.621375
vn 0.394956 0.757165 -0.520300
vn 0.246416 0.561792 -0.789727
vn 0.007484 0.725375 -0.688313
vn 0.394305 0.145974 -0.907312
vn 0.872124 0.140240 0.468757
vn 0.756053 0.210837 0.619623
vn 0.719504 0.276392 0.637120
vn 0.860996 0.259626 0.437357
vn 0.946210 0.221305 0.236031
vn 0.958473 0.072130 0.275910
vn 0.885573 -0.279162 0.371254
vn 0.766188 -0.085428 0.636912
vn 0.747629 0.095968 0.657146
vn 0.842311 0.253593 0.475608
vn 0.944260 0.232017 0.233542
vn 0.680145 0.245485 0.690754
vn 0.993901 0.049677 0.098456
vn 0.943282 -0.311008 0.116157
vn 0.983382 0.165589 0.074427
vn 0.981299 0.186305 0.048397
vn 0.986482 0.108714 -0.122619
vn 0.994675 0.051400 -0.089332
vn 0.977244 0.142245 -0.157354
vn 0.585556 0.016237 0.810470
vn 0.551770 0.287128 0.783012
vn 0.696697 0.229398 0.679699
vn 0.704516 0.091705 0.703738
vn 0.438638 -0.445691 0.780356
vn 0.367069 -0.073966 0.927248
vn 0.310609 0.311443 0.898067
vn 0.339608 -0.110132 0.934097
vn 0.386742 0.275118 0.880194
vn 0.204798 -0.532175 0.821491
vn 0.211097 -0.479340 0.851864
vn 0.368369 -0.082883 0.925978
vn 0.413061 0.202558 0.887891
vn 0.297958 0.592436 0.748492
vn 0.522472 0.553518 0.648568
vn 0.366846 0.583757 0.724329
vn 0.398907 0.525286 0.751630
vn 0.323705 0.150122 0.934173
vn 0.362628 0.452208 0.814868
vn 0.284940 -0.073727 0.955706
vn 0.147350 -0.056499 0.987470
vn 0.218356 0.138765 0.965953
vn 0.306875 0.418578 0.854763
vn -0.994727 0.079650 -0.064606
vn -0.980581 -0.174440 -0.089618
vn -0.936251 -0.313905 -0.157792
vn -0.986953 0.050593 -0.152850
vn -0.941980 0.318458 -0.106102
vn -0.961639 0.272859 0.028262
vn -0.981059 -0.020705 0.192598
vn -0.998598 0.046688 0.024935
vn -0.992483 -0.111772 -0.049856
vn -0.747748 -0.656067 -0.102219
vn -0.620133 -0.775218 -0.120300
vn -0.837471 -0.537938 -0.096249
vn -0.436528 -0.894337 -0.097999
vn -0.358329 -0.930064 -0.081120
vn -0.299553 -0.950183 -0.086143
vn -0.140412 -0.985572 -0.094506
vn -0.118567 -0.990792 -0.065364
vn -0.092710 -0.992367 -0.081319
vn -0.006167 -0.995154 -0.098133
vn 0.003349 -0.997901 -0.064668
vn 0.005870 -0.996507 -0.083298
vn -0.878227 -0.433024 -0.202997
vn -0.986145 0.022536 -0.164350
vn -0.948278 0.285935 -0.137877
vn -0.511512 -0.840568 -0.178329
vn -0.273161 -0.949005 -0.157394
vn -0.081273 -0.984786 -0.153597
vn 0.008105 -0.988533 -0.150787
vn 0.065915 -0.994416 -0.082418
vn 0.064375 -0.986151 -0.152849
vn 0.062937 -0.995154 -0.075543
vn 0.317167 -0.935586 -0.155191
vn 0.224082 -0.951706 -0.209863
vn 0.377315 -0.915969 -0.136509
vn 0.764596 -0.618098 -0.182614
vn 0.711784 -0.636169 -0.297747
vn 0.584683 -0.724304 -0.365417
vn 0.954558 -0.233439 -0.185273
vn 0.903218 -0.235826 -0.358585
vn 0.846806 -0.250762 -0.469083
vn 0.973991 0.153627 -0.166557
vn 0.932660 0.180989 -0.312072
vn 0.871568 0.209632 -0.443197
vn -0.853160 -0.473746 -0.218362
vn -0.988120 -0.020598 -0.152301
vn -0.961070 0.227462 -0.156864
vn -0.484406 -0.830690 -0.274418
vn -0.245686 -0.928380 -0.278837
vn -0.070227 -0.963463 -0.258472
vn 0.000468 -0.967277 -0.253724
vn 0.036158 -0.964554 -0.261398
vn 0.165131 -0.940129 -0.298142
vn 0.514685 -0.768606 -0.379927
vn -0.988268 -0.082984 -0.128219
vn -0.981575 0.159861 -0.104663
vn -0.864399 -0.466067 -0.188670
vn -0.515607 -0.815170 -0.263908
vn -0.203417 -0.939089 -0.277008
vn -0.058312 -0.961831 -0.267359
vn -0.016191 -0.958710 -0.283926
vn 0.015885 -0.951932 -0.305897
vn -0.987428 -0.136088 -0.080418
vn -0.990102 0.135354 0.037104
vn -0.857238 -0.503243 -0.109038
vn -0.519413 -0.844926 -0.127712
vn -0.175462 -0.973598 -0.146018
vn -0.048106 -0.985952 -0.159950
vn -0.969678 -0.229100 0.085075
vn -0.962184 0.013494 0.272065
vn -0.847117 -0.516856 0.123504
vn -0.515173 -0.850667 0.104698
vn -0.758363 0.651435 -0.022756
vn -0.799213 0.559550 0.219459
vn -0.845534 0.040930 0.532350
vn -0.768743 0.634197 -0.082630
vn -0.777664 0.616742 -0.121931
vn -0.161180 0.886491 -0.433769
vn -0.467244 0.474379 -0.746088
vn -0.583311 0.670970 -0.457764
vn -0.507974 0.861291 0.011861
vn -0.262351 0.964706 -0.022694
vn 0.133606 0.941277 0.310075
vn 0.286531 0.953455 -0.093930
vn -0.333766 0.315789 -0.888188
vn -0.128999 0.081767 -0.988268
vn -0.203794 -0.933471 -0.295127
vn -0.245432 -0.947584 0.204569
vn -0.277051 -0.940343 0.197480
vn -0.255833 -0.907671 -0.332691
vn -0.151619 -0.703731 -0.694100
vn -0.109521 -0.710275 -0.695352
vn -0.069835 -0.731205 -0.678574
vn -0.159010 -0.949805 -0.269420
vn -0.218305 -0.958916 0.181170
vn -0.310156 -0.937167 0.159754
vn -0.311765 -0.894568 -0.320236
vn -0.201374 -0.709881 -0.674920
vn -0.338932 -0.932443 0.125201
vn -0.354816 -0.892280 -0.279180
vn -0.260316 -0.728197 -0.634007
vn -0.236833 -0.964733 0.114896
vn -0.254172 -0.930372 -0.264205
vn -0.206808 -0.767880 -0.606292
vn 0.010103 -0.345725 -0.938282
vn 0.022395 -0.375037 -0.926739
vn 0.040035 -0.401040 -0.915186
vn -0.029072 -0.341906 -0.939284
vn -0.073683 -0.370448 -0.925926
vn -0.081406 -0.452424 -0.888080
vn 0.182574 0.076171 -0.980237
vn 0.210972 0.092191 -0.973135
vn 0.177758 0.079917 -0.980824
vn 0.146462 0.065937 -0.987016
vn 0.109704 0.037259 -0.993266
vn 0.308403 0.402746 -0.861791
vn 0.336979 0.453340 -0.825184
vn 0.294857 0.363367 -0.883756
vn 0.269636 0.353353 -0.895789
vn 0.226629 0.361217 -0.904523
vn 0.408980 0.611769 -0.677107
vn 0.419106 0.647251 -0.636723
vn 0.393386 0.596564 -0.699542
vn 0.364208 0.612868 -0.701246
vn 0.469987 0.757793 -0.452617
vn 0.462672 0.780470 -0.420476
vn 0.448721 0.763570 -0.464338
vn 0.502966 0.841636 -0.196659
vn 0.478514 0.858884 -0.182599
vn 0.479152 0.849874 -0.219379
vn 0.430449 0.883871 -0.182992
vn 0.430164 0.812067 -0.394344
vn 0.405264 0.658534 -0.634109
vn 0.362373 0.437521 -0.822959
vn 0.454695 0.805514 -0.379999
vn 0.438878 0.585219 -0.681839
vn 0.398005 0.319383 -0.859992
vn 0.264257 0.095248 -0.959737
vn 0.325898 0.042301 -0.944458
vn 0.409303 0.262198 -0.873913
vn 0.298793 -0.008997 -0.954276
vn 0.485784 0.498214 -0.718190
vn 0.060785 -0.414644 -0.907951
vn 0.107716 -0.433720 -0.894586
vn 0.070710 -0.457024 -0.886639
vn 0.256400 -0.012868 -0.966485
vn -0.000624 -0.447240 -0.894414
vn 0.414063 0.286861 -0.863865
vn -0.080138 -0.767696 -0.635783
vn -0.110011 -0.795656 -0.595675
vn -0.185060 -0.792377 -0.581285
vn -0.258937 -0.769006 -0.584449
vn -0.170261 -0.958982 -0.226637
vn -0.245627 -0.949114 -0.197105
vn -0.353931 -0.922687 -0.152914
vn -0.411746 -0.902372 -0.127241
vn 0.651108 -0.469049 0.596701
vn 0.814387 -0.300139 0.496679
vn 0.755396 -0.112348 0.645566
vn 0.579259 -0.307398 0.754961
vn 0.359987 -0.518869 0.775361
vn 0.451219 -0.677308 0.581082
vn 0.545719 -0.740554 0.392137
vn 0.662832 -0.592627 0.457654
vn 0.801850 -0.500672 0.326136
vn 0.664641 0.072521 0.743635
vn 0.464188 -0.125673 0.876776
vn 0.236552 -0.312840 0.919877
vn 0.338849 0.048484 0.939591
vn 0.114363 -0.111217 0.987194
vn 0.531509 0.260534 0.805990
vn 0.880475 0.057202 0.470630
vn 0.785907 0.258906 0.561532
vn 0.647770 0.440081 0.621871
vn 0.357787 0.453724 0.816164
vn 0.202809 0.223869 0.953285
vn 0.416109 0.625590 0.659916
vn -0.831995 -0.338447 0.439588
vn -0.443776 -0.764130 0.468153
vn -0.079877 -0.899097 0.430400
vn -0.013349 -0.648791 0.760850
vn -0.138182 -0.986758 0.084942
vn 0.025247 -0.914518 0.403757
vn 0.105844 -0.629989 0.769357
vn -0.023798 -0.996851 0.075641
vn 0.013242 -0.998780 0.047575
vn 0.072694 -0.921769 0.380864
vn 0.162169 -0.643994 0.747645
vn 0.062139 -0.997996 0.011959
vn 0.110455 -0.936267 0.333472
vn 0.209545 -0.643289 0.736390
vn 0.175405 -0.983676 -0.040181
vn 0.241255 -0.937485 0.250833
vn 0.462924 -0.599512 0.652906
vn 0.542078 -0.835705 -0.088029
vn 0.517871 -0.844837 0.134384
vn 0.822255 -0.425740 0.377680
vn 0.681090 0.003943 -0.732189
vn 0.438307 -0.176038 -0.881418
vn 0.495886 -0.179020 -0.849735
vn 0.290823 -0.210258 -0.933388
vn 0.382451 -0.328501 -0.863608
vn 0.286505 0.008844 -0.958038
vn 0.120863 0.478093 -0.869954
vn 0.121979 0.071219 -0.989974
vn 0.154723 -0.237472 -0.958993
vn -0.164298 0.546869 -0.820939
vn -0.169865 0.158140 -0.972696
vn -0.106833 -0.264225 -0.958526
vn -0.170632 0.642948 -0.746661
vn -0.411032 0.187175 -0.892199
vn -0.262016 -0.262851 -0.928578
vn -0.494361 0.484933 -0.721420
vn -0.597783 0.480669 -0.641571
vn -0.651855 0.320116 -0.687467
vn -0.650836 0.063706 -0.756541
vn -0.707349 0.065863 -0.703789
vn -0.500611 -0.334577 -0.798403
vn -0.815210 0.256533 -0.519253
vn -0.875575 0.208859 -0.435599
vn -0.884834 0.089955 -0.457141
vn 0.231011 0.113529 0.966305
vn 0.439724 0.058538 0.896223
vn 0.399514 0.143405 0.905441
vn 0.224834 0.168595 0.959701
vn 0.109347 0.173686 0.978712
vn 0.112900 0.111443 0.987337
vn 0.149678 -0.011064 0.988673
vn 0.309884 -0.037215 0.950046
vn 0.459665 -0.052526 0.886538
vn 0.493954 0.063867 0.867139
vn 0.584970 0.172773 0.792439
vn 0.460973 -0.236815 0.855232
vn 0.145703 -0.468571 0.871328
vn 0.096447 -0.684595 0.722515
vn 0.290436 -0.640028 0.711345
vn 0.302694 -0.422888 0.854133
vn 0.351655 -0.267692 0.897040
vn 0.269020 -0.384359 0.883117
vn 0.000000 -0.471879 0.881663
vn 0.000000 -0.499118 0.866534
vn 0.000000 -0.713760 0.700391
vn 0.067302 -0.956945 0.282359
vn 0.281821 -0.940259 0.191024
vn 0.000000 -0.959383 0.282107
vn 0.422437 -0.906285 -0.013936
vn 0.502780 -0.565000 0.654207
vn 0.483812 -0.391841 0.782552
vn 0.100800 -0.749969 -0.653748
vn 0.142624 -0.520704 -0.841740
vn -0.067411 -0.526066 -0.847768
vn 0.455413 -0.859423 -0.232361
vn 0.663535 -0.535323 0.522637
vn -0.255326 -0.628506 -0.734703
vn 0.084207 0.255482 0.963140
vn 0.108919 0.236521 0.965502
vn -0.000000 0.228565 0.973529
vn -0.000000 0.253128 0.967433
vn -0.000000 0.259689 0.965692
vn 0.087574 0.253907 0.963256
vn 0.168797 0.241172 0.955690
vn 0.177416 0.269495 0.946518
vn 0.230702 0.255486 0.938884
vn 0.503046 0.257294 0.825073
vn 0.548456 0.165126 0.819713
vn 0.256777 0.198321 0.945904
vn 0.127451 0.210251 0.969304
vn 0.439950 0.287221 0.850852
vn 0.826878 -0.214923 -0.519693
vn 0.829925 0.073839 -0.552967
vn 0.899439 0.026787 -0.436226
vn 0.818995 -0.248003 -0.517438
vn 0.729136 -0.397722 -0.556936
vn 0.782672 -0.430401 -0.449644
vn 0.787916 -0.388823 -0.477499
vn 0.811333 -0.143306 -0.566747
vn 0.769285 0.148248 -0.621469
vn 0.993864 -0.108710 -0.020410
vn 0.989356 -0.071523 0.126726
vn 0.963273 -0.233255 0.133031
vn 0.965270 -0.260994 -0.011704
vn 0.943041 -0.283690 -0.173764
vn 0.972766 -0.144821 -0.180980
vn 0.978964 -0.047450 -0.198440
vn 0.999407 0.000083 -0.034429
vn 0.992856 0.051416 0.107674
vn 0.975201 0.035061 -0.218528
vn 0.994854 0.090440 -0.045675
vn 0.986061 0.142566 0.085783
vn 0.967914 0.096394 -0.232059
vn 0.987609 0.148751 -0.050021
vn 0.979470 0.189437 0.068931
vn 0.965482 0.106787 -0.237575
vn 0.988613 0.142096 -0.049525
vn 0.982849 0.168224 0.075558
vn 0.995037 0.082639 -0.055436
vn 0.987400 0.126342 0.095289
vn 0.960244 0.068028 -0.270745
vn 0.993181 0.052948 -0.103866
vn 0.986182 0.144189 0.081575
vn 0.929909 -0.005061 -0.367755
vn 0.982825 0.036755 -0.180843
vn 0.983198 0.181555 0.018962
vn 0.896150 -0.104518 -0.431267
vn 0.962306 0.011286 -0.271735
vn 0.965678 0.229772 -0.121120
vn 0.863779 -0.214468 -0.455948
vn 0.951323 -0.022848 0.307348
vn 0.932183 -0.180844 0.313576
vn 0.956843 0.100591 0.272642
vn 0.953813 0.189108 0.233408
vn 0.951878 0.227634 0.205212
vn 0.955324 0.212715 0.205204
vn 0.954039 0.206390 0.217288
vn -0.011930 -0.479503 0.877459
vn 0.141083 -0.694196 0.705824
vn 0.269951 -0.826207 0.494479
vn -0.041773 0.092210 0.994863
vn 0.103661 0.598450 0.794425
vn 0.044258 0.392247 0.918795
vn -0.167974 0.339675 0.925422
vn 0.135575 0.750846 0.646413
vn -0.120997 0.773714 0.621874
vn -0.170172 0.588828 0.790141
vn 0.168262 0.875267 0.453427
vn -0.074580 0.904986 0.418854
vn 0.461505 0.766066 0.447387
vn 0.195572 0.944267 0.264786
vn -0.016327 0.978541 0.205404
vn 0.505312 0.838823 0.202571
vn 0.450758 0.890541 -0.061267
vn 0.208468 0.976629 0.052320
vn 0.089454 0.994498 -0.054513
vn 0.701758 0.592554 0.395493
vn 0.692789 0.711587 0.116997
vn 0.613029 0.775986 -0.148462
vn 0.847896 0.417541 0.326699
vn 0.842950 0.536771 0.036234
vn 0.761178 0.603780 -0.236766
vn 0.953921 0.201072 0.222722
vn 0.945508 0.324289 -0.029172
vn 0.860230 0.415505 -0.295566
vn 0.992624 -0.033115 0.116623
vn 0.992094 0.094566 -0.082506
vn 0.918484 0.177191 -0.353540
vn 0.450813 0.882492 -0.134074
vn 0.493519 0.868719 -0.042029
vn 0.522650 0.773775 -0.357924
vn 0.506394 0.476717 -0.718544
vn 0.549175 0.773243 -0.317021
vn 0.256257 0.926111 0.276859
vn 0.422536 0.864245 0.273028
vn 0.390520 0.918508 0.061945
vn 0.246608 0.966381 0.072746
vn 0.128693 0.988796 0.075631
vn 0.128556 0.952347 0.276603
vn 0.123437 0.868288 0.480458
vn 0.262628 0.835787 0.482169
vn 0.362323 0.919434 -0.152853
vn 0.233651 0.964168 -0.125646
vn 0.117910 0.986287 -0.115477
vn 0.330902 0.877606 -0.346858
vn 0.214039 0.924237 -0.316185
vn 0.103712 0.948821 -0.298300
vn 0.190397 0.866755 -0.460961
vn 0.093839 0.890450 -0.445301
vn 0.291080 0.824437 -0.485361
vn 0.159071 0.803391 -0.573812
vn 0.081660 0.812583 -0.577096
vn 0.244659 0.772524 -0.585960
vn 0.116944 0.721207 -0.682777
vn 0.058552 0.716008 -0.695633
vn 0.193789 0.711577 -0.675355
vn 0.139198 0.603884 -0.784824
vn 0.057402 0.613744 -0.787416
vn 0.255871 0.620529 -0.741265
vn 0.199101 0.498170 -0.843911
vn 0.090422 0.512762 -0.853756
vn 0.302371 0.529960 -0.792284
vn 0.238073 0.382523 -0.892747
vn 0.126962 0.329030 -0.935746
vn 0.371685 0.417052 -0.829408
vn 0.447017 0.262557 -0.855125
vn 0.273344 0.195749 -0.941788
vn 0.144639 0.139039 -0.979667
vn 0.498464 0.052701 -0.865307
vn 0.327873 0.003929 -0.944714
vn 0.159534 0.017206 -0.987043
vn 0.110096 0.092071 0.989647
vn 0.231377 0.112635 0.966322
vn 0.257118 0.174355 0.950521
vn 0.127119 0.165054 0.978058
vn -0.000000 0.158228 0.987403
vn 0.000000 0.081324 0.996688
vn 0.000000 0.200019 0.979792
vn 0.095761 0.207684 0.973497
vn 0.235718 0.215163 0.947704
vn 0.281899 0.311179 0.907580
vn 0.131584 0.315793 0.939660
vn -0.000000 0.314747 0.949176
vn 0.297259 0.469833 0.831200
vn 0.130037 0.489422 0.862297
vn -0.000000 0.492543 0.870288
vn 0.128123 0.647402 0.751303
vn -0.000000 0.656614 0.754227
vn 0.293098 0.612697 0.733959
vn 0.123654 0.764349 0.632835
vn -0.000000 0.776455 0.630173
vn 0.274468 0.727435 0.628892
vn -0.000000 0.879938 0.475088
vn -0.000000 0.962136 0.272569
vn -0.000000 0.997414 0.071870
vn 0.000000 0.993002 -0.118102
vn -0.000000 0.955108 -0.296257
vn 0.000000 0.897396 -0.441226
vn 0.000000 0.814415 -0.580283
vn -0.000000 0.708182 -0.706030
vn -0.000000 0.615771 -0.787925
vn -0.000000 0.521537 -0.853228
vn 0.000000 0.308512 -0.951220
vn -0.000000 0.131478 -0.991319
vn -0.000000 0.024662 -0.999696
vn 0.178661 -0.198562 -0.963667
vn 0.000000 -0.214992 -0.976616
vn 0.365277 -0.164346 -0.916277
vn 0.175753 -0.456387 -0.872251
vn 0.000000 -0.478997 -0.877816
vn 0.361209 -0.370283 -0.855815
vn 0.355355 -0.648315 -0.673357
vn 0.166813 -0.676605 -0.717202
vn 0.000000 -0.684391 -0.729115
vn 0.345345 -0.823276 -0.450504
vn 0.152128 -0.871328 -0.466525
vn 0.000000 -0.880811 -0.473468
vn 0.105227 0.478266 0.871889
vn 0.275537 0.447763 0.850639
vn -0.000000 0.486498 0.873682
vn 0.146126 0.750803 0.644160
vn 0.323387 0.664962 0.673236
vn -0.000000 0.780511 0.625142
vn 0.201753 0.966004 0.161656
vn 0.399080 0.884229 0.242639
vn -0.000000 0.992583 0.121566
vn 0.208277 0.666866 -0.715479
vn 0.340214 0.708699 -0.618061
vn 0.000000 0.576870 -0.816836
vn 0.121728 0.046049 -0.991495
vn 0.215963 0.142418 -0.965959
vn 0.000000 0.045375 -0.998970
vn 0.176924 0.111707 -0.977865
vn 0.280763 0.093688 -0.955193
vn -0.000000 0.103536 -0.994626
vn 0.665293 0.608472 0.432606
vn 0.770307 0.607869 -0.192671
vn 0.456298 0.108090 -0.883237
vn 0.377451 0.767315 -0.518420
vn 0.323376 0.700608 -0.636063
vn 0.439231 0.813976 -0.380157
vn 0.507113 0.840979 -0.188656
vn 0.572651 0.818710 0.042255
vn 0.636587 0.727687 0.255400
vn 0.785622 0.352897 0.508194
vn 0.917563 0.319406 0.236768
vn 0.707056 -0.460411 -0.536743
vn 0.713299 -0.332524 -0.616954
vn 0.762091 -0.500118 -0.411217
vn 0.647694 -0.685115 -0.333332
vn 0.603610 -0.677058 -0.421007
vn 0.474308 -0.763100 -0.438987
vn 0.544024 -0.572346 -0.613562
vn 0.562438 -0.308390 -0.767177
vn 0.530446 -0.132652 -0.837276
vn 0.693069 -0.126736 -0.709643
vn 0.639755 0.147930 -0.754208
vn 0.590561 0.283035 -0.755731
vn 0.720337 0.255061 -0.645026
vn 0.507371 0.429329 -0.747162
vn 0.617446 0.466632 -0.633257
vn 0.391941 0.604322 -0.693669
vn 0.468046 0.678001 -0.566787
vn 0.482367 -0.803867 -0.348023
vn 0.314937 -0.882696 -0.348802
vn 0.127756 -0.941329 -0.312376
vn 0.289247 -0.874549 -0.389230
vn 0.112522 -0.923240 -0.367377
vn 0.501420 -0.762608 -0.408665
vn -0.000000 -0.954550 -0.298052
vn 0.000000 -0.931777 -0.363031
vn 0.103949 -0.809979 -0.577173
vn 0.000000 -0.815987 -0.578070
vn 0.262602 -0.764057 -0.589285
vn -0.759070 0.492914 -0.425263
vn -0.883246 0.315203 -0.347165
vn -0.871660 0.479134 0.103149
vn -0.700526 0.712108 0.046526
vn -0.654163 0.253460 -0.712621
vn -0.727032 0.178816 -0.662910
vn -0.269334 -0.130452 -0.954171
vn -0.521008 0.057997 -0.851579
vn 0.273835 0.250016 0.928712
vn 0.541144 -0.055171 0.839118
vn 0.518756 0.389406 0.761088
vn 0.251708 0.577735 0.776444
vn 0.000000 0.632671 0.774421
vn -0.000000 0.341959 0.939715
vn -0.000000 -0.104986 0.994474
vn 0.243596 -0.101275 0.964575
vn 0.365257 -0.399099 0.841015
vn 0.418454 0.783230 0.459834
vn 0.211002 0.870193 0.445243
vn 0.000000 0.895353 0.445357
vn 0.741637 0.192120 0.642701
vn 0.741627 0.557266 0.373422
vn 0.561221 -0.146042 0.814680
vn 0.324430 0.910365 0.256868
vn 0.192760 0.939861 0.281966
vn 0.000000 0.952594 0.304245
vn 0.625228 0.761136 0.172514
vn 0.844185 0.454194 0.284710
vn 0.791320 0.582811 0.184780
vn 0.745282 0.254242 0.616372
vn 0.313093 0.817113 0.484044
vn 0.214720 0.837689 0.502168
vn 0.000000 0.854806 0.518948
vn 0.521612 0.710268 0.472694
vn 0.683664 0.518477 0.513600
vn 0.619483 0.678745 0.394394
vn 0.690504 0.492610 0.529659
vn 0.602390 0.669030 0.435345
vn 0.242855 0.610404 0.753942
vn 0.169129 0.664396 0.727992
vn -0.000000 0.697326 0.716754
vn 0.349445 0.529395 0.773064
vn 0.489464 0.402875 0.773380
vn 0.725841 0.281746 0.627514
vn 0.700637 0.602673 0.381960
vn 0.890398 0.258924 0.374366
vn 0.502388 0.761420 0.409690
vn 0.152383 0.546469 0.823499
vn 0.088507 0.592461 0.800722
vn 0.000000 0.611893 0.790940
vn 0.240570 0.488000 0.839036
vn 0.440443 0.415832 0.795672
vn 0.753676 0.279163 0.595013
vn 0.112018 0.600335 0.791865
vn 0.050038 0.623176 0.780479
vn 0.000000 0.630115 0.776502
vn 0.192168 0.562900 0.803875
vn 0.000000 -0.504084 0.863654
vn 0.503569 -0.039214 0.863064
vn 0.547643 0.065037 0.834180
vn 0.593101 0.428661 0.681529
vn 0.468807 -0.872126 0.140060
vn 0.457155 -0.752390 0.474256
vn 0.966289 -0.241071 -0.090386
vn 0.592559 -0.788167 -0.166332
vn 0.870966 -0.148478 -0.468372
vn 0.630753 -0.536864 -0.560292
vn 0.887826 0.050768 -0.457371
vn 0.864545 0.069022 -0.497793
vn 0.846630 0.120986 -0.518248
vn -0.012416 -0.992146 0.124465
vn 0.049186 -0.879847 0.472705
vn 0.043762 -0.970982 -0.235113
vn -0.066964 -0.856164 0.512347
vn 0.122062 -0.781078 -0.612387
vn 0.439615 0.167589 -0.882413
vn 0.612319 0.295067 -0.733486
vn 0.667173 0.262398 -0.697157
vn 0.517707 0.100010 -0.849692
vn 0.395459 -0.112316 -0.911590
vn 0.343415 0.025345 -0.938842
vn 0.383972 0.247325 -0.889604
vn 0.576959 0.303632 -0.758239
vn -0.144331 -0.781862 0.606515
vn -0.156830 -0.730901 0.664220
vn -0.202938 -0.703406 0.681202
vn -0.233728 -0.719164 0.654350
vn -0.224107 -0.735377 0.639528
vn -0.074705 -0.342226 0.936643
vn 0.021141 -0.375597 0.926542
vn 0.125169 -0.427216 0.895443
vn -0.126479 -0.310596 0.942090
vn -0.146411 -0.291329 0.945353
vn 0.052937 -0.022759 0.998339
vn -0.017153 -0.007020 0.999828
vn -0.075377 -0.011234 0.997092
vn 0.054256 0.184915 0.981256
vn 0.129311 0.159559 0.978683
vn 0.007348 0.211591 0.977331
vn 0.167875 0.413968 0.894678
vn 0.229163 0.403081 0.886008
vn 0.473127 0.867421 0.154051
vn 0.485132 0.864071 0.134271
vn 0.448176 0.887770 0.104896
vn 0.379788 0.720044 0.580774
vn 0.458425 0.870068 0.181185
vn 0.395202 0.710427 0.582331
vn 0.371960 0.738691 0.562122
vn 0.451509 0.861209 -0.233364
vn 0.419327 0.781274 -0.462358
vn 0.391608 0.714341 0.579965
vn 0.412589 0.889923 0.194440
vn 0.393178 0.895863 -0.206980
vn 0.377986 0.808376 -0.451282
vn 0.299475 0.943032 -0.144936
vn 0.328133 0.921196 0.209109
vn 0.361555 0.746993 0.557924
vn 0.293240 0.859605 -0.418437
vn 0.257275 0.945708 0.198611
vn 0.321427 0.793662 0.516513
vn 0.217848 0.971539 -0.093028
vn 0.185576 0.903091 -0.387283
vn 0.115855 0.919414 -0.375839
vn 0.172225 0.982425 -0.071969
vn 0.224340 0.956711 0.185405
vn 0.263376 0.962406 -0.066389
vn 0.302406 0.940561 0.154585
vn 0.250555 0.902581 -0.350100
vn 0.732971 -0.623425 0.272204
vn 0.817699 -0.574437 0.037292
vn 0.872238 -0.484214 0.068829
vn 0.724344 -0.619435 0.302698
vn 0.462670 -0.726541 0.508011
vn 0.539913 -0.603058 0.587209
vn 0.972060 -0.057755 0.227516
vn 0.953481 -0.297736 0.047190
vn 0.944563 0.327291 -0.026092
vn 0.993695 0.107338 -0.032370
vn 0.914453 -0.377786 -0.145099
vn 0.962215 -0.218326 0.162711
vn 0.814287 -0.376923 0.441436
vn 0.861161 -0.492424 -0.126179
vn 0.944534 -0.324949 -0.047574
vn 0.999563 -0.013245 -0.026418
vn 0.984162 0.141760 -0.106442
vn 0.991955 0.075124 -0.101895
vn 0.974887 0.042888 0.218531
vn 0.982861 -0.051150 -0.177110
vn 0.943479 -0.233054 -0.235654
vn 0.905330 -0.258560 -0.336934
vn 0.962853 -0.219930 -0.156666
vn 0.706262 -0.651162 -0.277815
vn 0.776463 -0.532736 -0.336599
vn 0.493832 -0.826718 -0.269570
vn 0.199138 0.206624 0.957941
vn 0.105995 0.220713 0.969562
vn -0.000000 0.224360 0.974506
vn 0.000000 0.172064 0.985086
vn 0.000000 0.111612 0.993752
vn 0.336106 -0.924928 0.177596
vn 0.282149 -0.956622 0.072570
vn 0.337944 -0.940067 -0.045484
vn 0.406454 -0.907959 0.102004
vn 0.397353 -0.900851 0.174865
vn 0.350950 -0.919908 0.174939
vn 0.364412 -0.922427 0.127801
vn 0.335092 -0.941127 0.044638
vn 0.476518 -0.879106 -0.010139
vn 0.432362 -0.894023 -0.117418
vn 0.308762 -0.946815 -0.090597
vn 0.752702 -0.654979 -0.066648
vn 0.711451 -0.682180 -0.168721
vn 0.128782 -0.408885 -0.903453
vn 0.062094 -0.003226 -0.998065
vn 0.106330 0.021764 -0.994093
vn 0.425856 -0.170062 -0.888665
vn 0.191293 0.175003 -0.965806
vn 0.164318 0.357131 -0.919488
vn 0.102797 0.376020 -0.920892
vn 0.113168 0.441107 -0.890290
vn 0.319301 0.626606 -0.710923
vn 0.245611 0.647733 -0.721192
vn 0.133652 0.695757 -0.705734
vn 0.250305 0.758130 -0.602152
vn 0.533896 0.645077 -0.546654
vn 0.567295 0.772078 -0.286483
vn 0.090107 0.748143 -0.657391
vn 0.213405 0.504276 -0.836758
vn 0.429893 0.477777 -0.766108
vn 0.150738 0.288191 -0.945634
vn 0.235765 0.285151 -0.929034
vn 0.093230 0.230770 -0.968531
vn 0.099083 0.208003 -0.973097
vn 0.231452 0.184515 -0.955188
vn 0.081044 0.191522 -0.978137
vn 0.241579 0.162022 -0.956759
vn 0.262129 0.120650 -0.957461
vn 0.090361 0.157320 -0.983405
vn -0.000000 0.170392 -0.985376
vn 0.000000 0.194511 -0.980900
vn 0.000000 0.223203 -0.974772
vn 0.717395 -0.643982 -0.265765
vn 0.411230 -0.883941 -0.222572
vn 0.978988 -0.180728 -0.094442
vn 0.963886 -0.194568 -0.181844
vn 0.947227 -0.157615 -0.279139
vn 0.922926 0.381702 -0.050102
vn 0.899986 0.411046 -0.145142
vn 0.872377 0.409630 -0.266762
vn 0.676230 -0.611182 -0.411302
vn 0.408445 -0.841830 -0.352838
vn 0.858718 -0.118187 -0.498634
vn 0.762106 0.385988 -0.519815
vn 0.565423 0.820122 -0.087732
vn 0.734395 -0.089104 -0.672848
vn 0.571464 -0.542318 -0.615890
vn 0.368479 -0.732642 -0.572239
vn 0.645276 0.297560 -0.703617
vn 0.482373 -0.085191 -0.871814
vn 0.400616 -0.474277 -0.783944
vn 0.247984 -0.598724 -0.761599
vn -0.227566 -0.653784 -0.721651
vn -0.579086 -0.406284 -0.706818
vn -0.804787 -0.114740 -0.582368
vn -0.906005 -0.257966 -0.335572
vn -0.973686 -0.053625 -0.221497
vn -0.647249 -0.607452 -0.460511
vn -0.267342 -0.851554 -0.450981
vn -0.025892 -0.916462 -0.399284
vn 0.106403 -0.926197 -0.361715
vn -0.597556 -0.757770 -0.262128
vn -0.915658 -0.366819 -0.164360
vn -0.990875 -0.122749 -0.055677
vn -0.229918 -0.937058 -0.262792
vn -0.030307 -0.967011 -0.252924
vn -0.889156 -0.438604 -0.130492
vn -0.993361 -0.103825 -0.049538
vn -0.998707 -0.037850 0.033929
vn -0.995165 -0.098001 -0.006518
vn -0.977208 0.010263 -0.212036
vn -0.510780 -0.840426 -0.181076
vn -0.980989 -0.170171 0.093291
vn -0.986118 -0.157636 -0.052171
vn 0.882557 -0.039865 -0.468512
vn 0.492804 -0.250646 -0.833259
vn 0.199685 0.270986 -0.941643
vn 0.042390 0.658917 0.751020
vn 0.089479 0.642599 0.760960
vn 0.086366 0.714757 0.694020
vn 0.054946 0.718843 0.692998
vn -0.000000 0.718948 0.695064
vn 0.000000 0.662390 0.749159
vn 0.101383 0.804044 0.585863
vn 0.180460 0.767803 0.614746
vn 0.197706 0.844175 0.498279
vn 0.111042 0.876996 0.467491
vn 0.091276 0.888718 0.449277
vn 0.080498 0.805774 0.586728
vn 0.180225 0.674541 0.715900
vn 0.177718 0.608924 0.773064
vn 0.418412 0.728796 0.542021
vn 0.516018 0.780052 0.353897
vn 0.262647 0.905179 0.334167
vn 0.122128 0.938103 0.324112
vn 0.378365 0.656858 0.652210
vn 0.373897 0.565003 0.735508
vn 0.411210 0.496610 0.764385
vn 0.446331 0.452395 0.772093
vn 0.737225 0.360493 0.571440
vn 0.770858 0.486458 0.411262
vn 0.781105 0.565395 0.264961
vn 0.561985 0.804232 0.193349
vn 0.331941 0.929035 0.163429
vn 0.722071 0.314448 0.616228
vn 0.710367 0.291738 0.640521
vn 0.703666 0.255318 0.663074
vn 0.743638 0.251529 0.619464
vn 0.867774 -0.129503 0.479790
vn 0.924731 0.061403 0.375636
vn 0.939392 0.190024 0.285366
vn 0.807737 0.570752 0.147660
vn 0.575745 0.815029 0.065166
vn 0.837407 -0.293151 0.461315
vn 0.905307 -0.278509 0.320705
vn 0.953451 -0.176842 0.244250
vn 0.943485 -0.118607 0.309464
vn 0.957124 -0.001366 0.289674
vn 0.629998 -0.644816 0.432798
vn 0.768551 -0.364677 0.525681
vn 0.748510 -0.062418 0.660180
vn 0.915833 0.357655 0.182573
vn 0.807705 0.589252 0.019900
vn 0.558741 -0.755343 0.342439
vn 0.634102 -0.740519 0.222590
vn 0.771904 -0.634119 0.045357
vn 0.832928 -0.535363 -0.140066
vn 0.868124 -0.445201 -0.219448
vn 0.932129 -0.272068 -0.238985
vn 0.469634 -0.881996 0.039079
vn 0.335978 -0.911043 0.238997
vn 0.261270 -0.862285 0.433823
vn 0.582964 -0.800770 -0.137556
vn 0.666126 -0.682820 -0.300055
vn 0.743390 -0.517809 -0.423374
vn 0.823209 -0.318361 -0.470077
vn 0.692187 -0.667237 -0.275086
vn 0.610417 -0.783405 -0.116914
vn 0.508670 -0.858776 0.061315
vn 0.743090 -0.517316 -0.424501
vn 0.792993 -0.296343 -0.532300
vn 0.853468 -0.243320 -0.460855
vn 0.865492 -0.407509 -0.291307
vn 0.838664 -0.527691 -0.134850
vn -0.347942 0.920671 0.176920
vn -0.376034 0.925261 0.049905
vn -0.689850 0.719728 0.078091
vn -0.615516 0.730399 0.296068
vn -0.465030 0.744385 0.479205
vn -0.272957 0.913957 0.300295
vn -0.157956 0.967979 0.195107
vn -0.170296 0.979130 0.110920
vn -0.183345 0.982028 0.044775
vn -0.384037 0.920920 -0.066495
vn -0.710607 0.695530 -0.106190
vn -0.980176 0.145839 -0.134114
vn -0.972898 0.207381 0.102286
vn -0.881152 0.246997 0.403193
vn -0.845719 -0.516309 -0.134848
vn -0.785074 -0.553346 -0.278329
vn -0.421663 -0.875598 -0.235643
vn -0.488681 -0.863917 -0.121815
vn -0.531828 -0.845755 0.043101
vn -0.875668 -0.475221 0.085852
vn -0.655619 -0.624791 -0.424028
vn -0.380540 -0.797268 -0.468565
vn -0.315152 -0.834606 -0.451788
vn -0.264476 -0.934814 -0.237011
vn -0.303774 -0.945707 -0.115583
vn -0.267193 -0.745837 -0.610193
vn 0.896893 0.274610 -0.346658
vn 0.803954 0.257617 -0.535996
vn 0.948220 0.245379 0.201665
vn 0.940529 0.314142 0.129306
vn 0.901365 0.431403 -0.037853
vn 0.806061 0.525516 -0.272209
vn 0.705608 0.522101 -0.479090
vn 0.834672 0.510722 0.206121
vn 0.762689 0.646655 0.011962
vn 0.659294 0.718859 -0.220394
vn 0.554572 0.721580 -0.414454
vn 0.885660 -0.455509 0.090103
vn 0.962544 -0.253884 0.095140
vn 0.894471 -0.285252 0.344315
vn 0.800648 -0.513874 0.308051
vn 0.703682 -0.648934 0.289338
vn 0.784328 -0.610600 0.109530
vn 0.802909 -0.592371 -0.066584
vn 0.912166 -0.394498 -0.111017
vn 0.976999 -0.179807 -0.114645
vn 0.851175 -0.381467 -0.360532
vn 0.941522 -0.109166 -0.318777
vn 0.732203 -0.598599 -0.324897
vn 0.739108 -0.345000 -0.578527
vn 0.869224 -0.031889 -0.493389
vn 0.568929 -0.587122 -0.575854
vn 0.622776 -0.193915 -0.757989
vn 0.781528 0.107261 -0.614581
vn 0.439883 -0.408217 -0.799914
vn 0.902889 0.291934 -0.315542
vn 0.957263 0.178674 -0.227427
vn 0.995240 0.038370 -0.089584
vn 0.853984 0.378478 -0.357023
vn 0.512235 0.067389 -0.856197
vn 0.691213 0.286521 -0.663423
vn 0.810353 0.440540 -0.386331
vn 0.844310 0.522107 -0.120599
vn 0.889487 0.441750 -0.116921
vn 0.860133 0.498738 -0.106923
vn 0.870341 0.473345 -0.135835
vn 0.883595 0.446355 -0.141518
vn 0.856737 0.514492 -0.036040
vn 0.896756 0.442086 -0.019738
vn 0.873770 0.485918 0.020245
vn 0.811121 0.421776 -0.405201
vn 0.807995 -0.286242 0.514985
vn 0.712323 -0.521305 0.469933
vn 0.607101 -0.647734 0.460292
vn 0.988872 -0.075484 0.128199
vn 0.916169 -0.077228 0.393282
vn 0.846961 -0.045964 0.529665
vn 0.889565 0.109702 0.443440
vn 0.845764 0.104016 0.523320
vn 0.961529 0.161788 0.222008
vn 0.958750 0.284000 -0.011933
vn 0.782169 0.406256 0.472407
vn 0.794762 0.358224 0.489927
vn 0.813881 0.474435 0.335423
vn 0.827558 0.540845 0.150447
vn 0.787415 0.616366 0.008346
vn 0.792978 0.609226 -0.005503
vn 0.646285 0.686489 0.333241
vn 0.588841 0.696841 0.409487
vn 0.585485 0.674340 0.449970
vn 0.693164 0.690769 0.205821
vn 0.784862 0.610713 0.104980
vn 0.896850 0.434841 0.081081
vn 0.916719 0.397671 0.038523
vn 0.869689 0.493321 -0.016600
vn 0.456346 0.750016 0.478774
vn 0.366688 0.819097 0.441159
vn 0.392196 0.830049 0.396485
vn 0.600620 0.658175 0.453940
vn 0.765944 0.549207 0.334219
vn 0.887845 0.374452 0.267426
vn 0.910932 0.335685 0.239829
vn 0.187168 0.884860 0.426603
vn 0.249533 0.908046 0.336432
vn 0.242422 0.771828 0.587803
vn 0.420524 0.564029 0.710655
vn 0.582847 0.441645 0.682084
vn 0.633319 0.260849 0.728605
vn 0.651333 0.125278 0.748378
vn -0.038241 0.923888 0.380747
vn 0.021890 0.970273 0.241021
vn -0.045482 0.771719 0.634335
vn -0.058348 0.477304 0.876799
vn -0.048914 0.311976 0.948830
vn -0.109190 0.040115 0.993211
vn -0.193868 0.907387 0.372912
vn -0.135840 0.977521 0.161244
vn -0.218694 0.754458 0.618843
vn -0.288186 0.490471 0.822427
vn -0.327460 0.259051 0.908660
vn 0.429269 -0.894358 0.125902
vn 0.571226 -0.792440 0.213869
vn 0.530312 -0.794884 0.294835
vn 0.411205 -0.901217 0.136818
vn 0.358438 -0.930138 0.079790
vn 0.351175 -0.930514 0.104023
vn 0.359626 -0.922581 0.139688
vn 0.459433 -0.878309 0.132266
vn 0.616289 -0.778030 0.121890
vn -0.094683 -0.980527 0.172050
vn -0.162131 -0.974943 0.152314
vn -0.171733 -0.980190 0.098664
vn -0.085274 -0.992398 0.088736
vn 0.000000 -0.995889 0.090586
vn 0.000000 -0.984360 0.176167
vn 0.000000 -0.951266 0.308373
vn -0.140539 -0.943378 0.300476
vn -0.250041 -0.938553 0.237903
vn -0.085153 -0.996339 0.007645
vn 0.000000 -0.999969 0.007812
vn -0.172235 -0.985035 0.006482
vn -0.217472 -0.828340 0.516294
vn -0.395152 -0.835583 0.381648
vn -0.000000 -0.824231 0.566253
vn -0.346224 -0.396381 0.850301
vn -0.645113 -0.411998 0.643496
vn 0.000000 -0.409201 0.912444
vn 0.000000 0.273167 0.961967
vn -0.365517 0.283967 0.886431
vn -0.673501 0.279781 0.684192
vn -0.507398 -0.834725 0.213968
vn -0.302765 -0.943274 0.136263
vn -0.826873 -0.435123 0.356300
vn -0.252749 0.771398 0.584006
vn -0.146981 0.928944 0.339794
vn -0.099826 0.973713 0.204739
vn -0.307582 -0.951431 0.013114
vn -0.175617 -0.980579 -0.087311
vn -0.164807 -0.975954 -0.142661
vn -0.087015 -0.993556 -0.072635
vn 0.000000 -0.997515 -0.070460
vn -0.103013 -0.983021 -0.151849
vn 0.000000 -0.988709 -0.149849
vn -0.146390 -0.954039 -0.261497
vn 0.000000 -0.968293 -0.249819
vn -0.181877 -0.891807 -0.414249
vn 0.000000 -0.908984 -0.416830
vn 0.747160 0.658609 -0.089369
vn 0.733892 0.679175 0.011150
vn 0.579412 0.810607 0.084847
vn 0.562383 0.815022 -0.139518
vn 0.577251 0.814519 -0.057793
vn 0.753874 0.500109 0.426104
vn 0.520365 0.564658 0.640610
vn 0.146389 0.630524 0.762240
vn 0.333370 0.927243 0.170544
vn 0.388142 0.912281 -0.130723
vn 0.896587 0.387766 0.213936
vn 0.979280 0.202381 0.007299
vn 0.915311 0.138439 -0.378206
vn 0.875102 -0.383480 -0.295194
vn 0.917581 -0.279462 0.282748
vn 0.756462 -0.013537 0.653898
vn 0.664080 0.231511 -0.710915
vn 0.631723 -0.269642 -0.726787
vn 0.641691 0.388565 -0.661248
vn 0.828441 -0.480290 -0.288111
vn 0.889867 -0.321313 0.323874
vn 0.652440 -0.055729 0.755789
vn 0.925994 -0.256413 -0.277105
vn 0.928945 -0.139681 0.342857
vn 0.649323 0.010379 0.760442
vn 0.320416 -0.126359 -0.938811
vn 0.453473 0.304957 -0.837474
vn 0.865584 0.035975 0.499470
vn 0.964947 0.159433 0.208467
vn 0.977519 0.209788 -0.021124
vn 0.948560 0.214074 -0.233252
vn 0.888027 0.217385 -0.405156
vn 0.841799 -0.311356 -0.440943
vn 0.142839 -0.930945 -0.336063
vn 0.520200 -0.767388 -0.374843
vn 0.877864 -0.341824 -0.335428
vn -0.015271 -0.984685 -0.173674
vn 0.028604 -0.979407 -0.199860
vn 0.155726 -0.958760 -0.237759
vn 0.543397 -0.795971 -0.266740
vn 0.918926 -0.347322 -0.186930
vn 0.934746 -0.354511 0.023931
vn -0.395308 -0.266095 0.879162
vn -0.339844 0.781736 0.522871
vn -0.109979 0.766370 0.632915
vn -0.141143 -0.473009 0.869679
vn -0.159353 -0.740586 0.652794
vn -0.304074 -0.695733 0.650764
vn -0.470778 -0.621149 0.626532
vn -0.555647 -0.148042 0.818132
vn -0.546890 0.732890 0.404702
vn -0.708537 -0.502862 0.495081
vn -0.876524 -0.398900 0.269414
vn -0.224770 0.970113 0.091426
vn -0.489949 0.870794 0.040849
vn -0.515650 0.855778 -0.041822
vn 0.213721 -0.723669 0.656221
vn 0.083817 -0.478040 0.874330
vn -0.045337 -0.232265 0.971595
vn -0.140154 -0.252169 0.957480
vn -0.260483 0.003478 0.965472
vn 0.150004 -0.957593 -0.245997
vn -0.025549 -0.987548 -0.155228
vn -0.174323 -0.970018 -0.169341
vn 0.141527 -0.974513 -0.174051
vn 0.442270 -0.866684 -0.230773
vn 0.093870 -0.987973 -0.122870
vn 0.400323 -0.896045 -0.191950
vn 0.723010 -0.659380 -0.206092
vn -0.922284 -0.378230 0.079583
vn -0.937799 -0.286030 -0.196775
vn -0.886829 -0.112659 -0.448155
vn -0.954221 0.034110 -0.297152
vn 0.118587 -0.516150 -0.848249
vn 0.170840 -0.445705 -0.878727
vn 0.000000 -0.428945 -0.903331
vn 0.000000 -0.488300 -0.872676
vn 0.000000 -0.263367 -0.964696
vn 0.163621 -0.277358 -0.946732
vn 0.297585 -0.532335 -0.792504
vn 0.131782 0.074408 -0.988482
vn 0.274966 0.186974 -0.943098
vn 0.000000 0.049135 -0.998792
vn 0.000000 0.364949 -0.931027
vn 0.129804 0.369942 -0.919942
vn 0.247860 0.382129 -0.890249
vn -0.000000 0.586952 -0.809622
vn 0.090380 0.572704 -0.814765
vn 0.006440 0.527407 -0.849589
vn 0.086250 -0.678841 -0.729202
vn 0.230076 -0.623964 -0.746816
vn 0.189175 -0.440820 -0.877434
vn 0.058201 -0.490783 -0.869336
vn 0.000000 -0.502879 -0.864357
vn 0.000000 -0.693134 -0.720809
vn 0.423528 -0.514185 -0.745814
vn 0.356556 -0.348261 -0.866938
vn 0.265813 -0.097585 -0.959073
vn 0.122467 -0.170063 -0.977794
vn 0.030034 -0.200414 -0.979251
vn 0.474875 -0.640187 -0.603866
vn 0.487868 -0.263649 -0.832150
vn 0.422623 -0.049881 -0.904932
vn 0.427235 0.101535 -0.898421
vn 0.220083 0.116105 -0.968547
vn 0.071508 0.107875 -0.991590
vn 0.552318 -0.406104 -0.728027
vn 0.609075 -0.530713 -0.589382
vn 0.646917 -0.648095 -0.401835
vn 0.495734 0.115161 -0.860805
vn 0.712939 0.078732 -0.696793
vn 0.757359 0.028171 -0.652391
vn 0.566099 0.042396 -0.823247
vn 0.325847 0.080439 -0.941994
vn 0.262054 0.163313 -0.951135
vn 0.639272 0.073081 -0.765500
vn 0.602582 -0.025232 -0.797658
vn 0.630411 -0.206671 -0.748244
vn 0.637634 -0.352044 -0.685192
vn 0.681026 -0.452713 -0.575547
vn 0.742257 -0.523786 -0.417974
vn 0.891337 0.048031 -0.450790
vn 0.899616 -0.013114 -0.436486
vn 0.773622 -0.043541 -0.632149
vn 0.603334 -0.055346 -0.795566
vn 0.877453 0.073194 -0.474045
vn 0.842889 0.063910 -0.534279
vn 0.792868 -0.010064 -0.609310
vn 0.768863 -0.174674 -0.615093
vn 0.740032 -0.316018 -0.593705
vn 0.907624 -0.087035 -0.410663
vn 0.782131 -0.114062 -0.612586
vn 0.908655 -0.179942 -0.376784
vn 0.000000 -0.202912 -0.979197
vn 0.079005 0.200183 -0.976568
vn 0.022704 0.224227 -0.974272
vn 0.017199 0.109311 -0.993859
vn 0.373132 -0.041784 -0.926837
vn 0.139784 -0.016964 -0.990037
vn 0.112104 0.110148 -0.987573
vn 0.613891 -0.139597 -0.776949
vn 0.787912 -0.209951 -0.578892
vn 0.614072 -0.251710 -0.748036
vn 0.391651 -0.306082 -0.867712
vn 0.394651 -0.159328 -0.904912
vn 0.778390 -0.323741 -0.537867
vn 0.891682 -0.296954 -0.341644
vn 0.810931 -0.471868 -0.346023
vn 0.741050 -0.457647 -0.491330
vn 0.569195 -0.576367 -0.586360
vn 0.592346 -0.412737 -0.691935
vn 0.856969 -0.477590 -0.193679
vn 0.846064 -0.005506 0.533053
vn 0.877877 -0.251397 0.407591
vn 0.910064 0.039656 0.412566
vn 0.733987 -0.650752 0.194382
vn 0.929758 -0.366648 0.033470
vn 0.974721 -0.190536 -0.116681
vn 0.341821 -0.919614 0.193570
vn 0.549388 -0.834531 -0.041597
vn -0.000000 0.108939 -0.994049
vn 0.000000 0.233877 -0.972266
vn 0.031553 0.121465 -0.992094
vn 0.000000 0.124123 -0.992267
vn 0.032440 -0.005675 -0.999458
vn 0.000000 -0.005591 -0.999984
vn 0.163258 -0.157805 -0.973881
vn 0.041410 -0.144426 -0.988649
vn -0.000000 -0.139419 -0.990233
vn 0.176863 -0.338555 -0.924176
vn 0.062631 -0.336411 -0.939630
vn -0.000000 -0.329536 -0.944143
vn 0.182281 -0.533081 -0.826195
vn 0.079896 -0.538871 -0.838591
vn 0.000000 -0.538741 -0.842472
vn 0.378839 -0.495327 -0.781749
vn 0.184753 -0.711275 -0.678199
vn 0.082841 -0.725483 -0.683236
vn 0.000000 -0.729513 -0.683967
vn 0.374043 -0.663162 -0.648312
vn 0.187411 -0.836790 -0.514450
vn 0.082447 -0.847049 -0.525081
vn 0.000000 -0.848718 -0.528846
vn 0.386813 -0.783330 -0.486590
vn 0.616319 -0.665738 -0.420647
vn 0.205585 -0.912647 -0.353284
vn 0.090697 -0.919106 -0.383430
vn 0.000000 -0.919249 -0.393677
vn 0.418298 -0.855425 -0.305410
vn 0.672118 -0.699200 -0.243675
vn 0.231328 -0.954539 -0.187994
vn 0.100850 -0.969261 -0.224416
vn -0.000000 -0.971878 -0.235487
vn 0.446272 -0.885211 -0.131310
vn 0.699934 -0.710747 -0.070224
vn 0.881285 -0.471823 -0.026829
vn 0.245508 -0.968847 -0.032571
vn 0.104411 -0.992294 -0.066724
vn 0.000000 -0.996959 -0.077927
vn 0.455655 -0.889950 0.019188
vn 0.703463 -0.706943 0.073291
vn 0.247431 -0.965690 0.078877
vn 0.104189 -0.993331 0.049370
vn 0.000000 -0.999219 0.039511
vn 0.450435 -0.883301 0.129954
vn 0.689825 -0.696931 0.196031
vn 0.239607 -0.957736 0.159155
vn 0.102157 -0.986100 0.131034
vn -0.000000 -0.992561 0.121747
vn 0.438000 -0.872852 0.215142
vn 0.232151 -0.944342 0.233075
vn 0.102946 -0.974417 0.199786
vn -0.000000 -0.982045 0.188646
vn 0.108224 -0.957032 0.269029
vn -0.000000 -0.965408 0.260746
vn 0.000000 -0.942699 0.333644
vn 0.210661 -0.511961 0.832777
vn 0.151179 -0.774326 0.614463
vn 0.883897 -0.453410 0.114652
vn 0.869569 -0.414127 0.268979
vn 0.678468 -0.632521 -0.373627
vn 0.616677 -0.481598 -0.622714
vn 0.349233 -0.383693 -0.854878
vn 0.499294 -0.249928 -0.829603
vn 0.369643 -0.503461 -0.780956
vn 0.279446 -0.681846 -0.676014
vn 0.376882 -0.619947 -0.688205
vn 0.192913 -0.809440 -0.554610
vn 0.384526 -0.783181 -0.488639
vn 0.196772 -0.682703 -0.703703
vn 0.081049 -0.766221 -0.637446
vn 0.341666 -0.542415 -0.767497
vn 0.252781 -0.454040 -0.854371
vn 0.053749 -0.557676 -0.828317
vn -0.075748 -0.597587 -0.798218
vn 0.049387 -0.914991 -0.400441
vn 0.251773 -0.934905 -0.250127
vn -0.101514 -0.844524 -0.525809
vn -0.309501 -0.643669 -0.699928
vn -0.177636 -0.967345 -0.180801
vn 0.021031 -0.999339 -0.029664
vn -0.339535 -0.883998 -0.321345
vn -0.558931 -0.686139 -0.465629
vn -0.728368 -0.430874 -0.532755
vn -0.321366 -0.945523 -0.052066
vn -0.122447 -0.989350 0.078692
vn -0.496571 -0.853656 -0.157127
vn -0.678070 -0.692501 -0.246298
vn -0.369876 -0.926113 0.074203
vn -0.827214 -0.488773 -0.277161
vn -0.589663 -0.807403 0.019958
vn -0.712530 -0.701084 -0.027967
vn -0.827213 -0.561889 0.000528
vn -0.614125 -0.759191 0.215592
vn -0.688526 -0.697184 0.199666
vn -0.756146 -0.617352 0.217070
vn -0.555125 -0.728280 0.401802
vn -0.614787 -0.680732 0.398299
vn -0.645857 -0.650643 0.399415
vn -0.484069 -0.668911 0.564123
vn -0.491446 -0.643489 0.586859
vn -0.427974 -0.665877 0.611103
vn -0.000000 0.807264 0.590191
vn -0.000000 0.896961 0.442110
vn 0.080880 0.950223 0.300889
vn -0.000000 0.957808 0.287408
vn 0.068977 0.984674 0.160186
vn 0.000000 0.988015 0.154358
vn 0.145871 0.975615 0.164003
vn 0.370004 0.928370 0.035033
vn 0.174778 0.983806 0.039734
vn 0.063857 0.996906 0.045841
vn 0.385527 0.920320 -0.066185
vn 0.192710 0.979602 -0.056954
vn 0.065379 0.996795 -0.046103
vn 0.194778 0.974394 -0.112329
vn 0.069872 0.992322 -0.102051
vn 0.118260 0.989774 0.079761
vn 0.029450 0.998802 -0.039087
vn -0.265339 0.881489 0.390606
vn -0.065685 0.996818 0.045170
vn 0.381853 -0.879408 0.284305
vn 0.676503 -0.712651 0.185667
vn 0.774700 -0.631602 0.030327
vn 0.893543 -0.409620 0.183827
vn 0.958371 -0.284943 0.018256
vn 0.973345 -0.165941 -0.158311
vn 0.903053 -0.091768 -0.419611
vn 0.214694 -0.288080 0.933229
vn 0.444215 -0.297633 0.845037
vn -0.000000 -0.011871 0.999930
vn 0.000000 -0.297119 0.954840
vn 0.000000 -0.654227 0.756298
vn 0.240100 -0.620210 0.746788
vn 0.463146 -0.538098 0.704234
vn 0.952069 0.117141 0.282564
vn 0.956233 0.288090 -0.051214
vn 0.979939 -0.045748 -0.193977
vn 0.829669 0.555184 0.058482
vn 0.745384 0.505220 -0.434920
vn 0.854078 0.215363 -0.473466
vn 0.874972 -0.097459 -0.474263
vn 0.819337 0.183254 -0.543236
vn 0.828268 -0.090370 -0.552997
vn 0.928234 -0.178455 0.326397
vn 0.444329 0.800593 -0.402023
vn 0.610197 0.635229 -0.473438
vn 0.596542 0.699010 -0.394364
vn 0.408622 0.838858 -0.359645
vn 0.220835 0.939380 -0.262292
vn 0.263083 0.927023 -0.267236
vn 0.730381 0.454938 -0.509485
vn 0.644658 0.764461 0.003922
vn 0.478683 0.873462 -0.089030
vn 0.559361 0.798074 0.224039
vn 0.348825 0.932810 -0.090477
vn 0.172775 0.983342 0.056455
vn 0.020034 0.997065 -0.073897
vn 0.683438 -0.351247 0.639952
vn 0.588648 -0.499594 0.635531
vn 0.488103 -0.565368 0.664917
vn 0.771583 -0.142103 0.620054
vn 0.812780 0.061689 0.579295
vn 0.728825 0.048582 0.682974
vn 0.663070 -0.258700 0.702433
vn 0.580476 -0.449087 0.679242
vn 0.808260 0.301648 0.505693
vn 0.709407 0.335314 0.619925
vn 0.632956 0.639515 0.436335
vn 0.538338 0.669182 0.512237
vn 0.611561 0.424307 0.667800
vn 0.652968 0.099236 0.750856
vn 0.700285 0.632898 0.330213
vn 0.644483 0.659081 0.387626
vn 0.551957 0.815772 0.172803
vn 0.525181 0.824478 0.210766
vn 0.491995 0.809784 0.319673
vn 0.468866 0.841389 0.268755
vn 0.489691 0.711254 0.504302
vn 0.504799 0.857390 0.100304
vn 0.464744 0.882439 0.072906
vn 0.349052 0.918699 0.184810
vn 0.653915 -0.756549 0.005467
vn 0.611891 -0.769045 -0.184823
vn 0.513272 -0.853347 0.091389
vn 0.505168 -0.862398 -0.032786
vn 0.407643 -0.900307 -0.152559
vn 0.499098 -0.799325 -0.334637
vn 0.440447 -0.534636 0.721229
vn 0.370992 -0.751172 0.545990
vn 0.308476 -0.743156 0.593769
vn 0.079078 -0.688412 0.720996
vn 0.151092 -0.505390 0.849560
vn 0.230757 -0.254639 0.939101
vn 0.445550 0.318864 -0.836547
vn 0.351751 -0.029596 -0.935625
vn 0.048150 0.198908 -0.978835
vn -0.256140 -0.119780 -0.959190
vn 0.133802 -0.334591 -0.932816
vn 0.576956 -0.481780 -0.659553
vn 0.216118 -0.248239 -0.944283
vn 0.680820 -0.282418 -0.675814
vn -0.743699 0.298002 -0.598420
vn -0.916596 0.303797 -0.259922
vn -0.502059 0.032236 -0.864233
vn -0.367518 0.272404 -0.889228
vn -0.555457 0.761134 -0.334878
vn -0.317732 0.710820 -0.627521
vn 0.007146 0.809868 -0.586568
vn -0.052697 0.942428 -0.330230
vn -0.103182 0.992345 -0.067856
vn -0.600344 0.799729 -0.004613
vn -0.916740 0.385460 0.104919
vn -0.562826 0.454376 0.690485
vn -0.531069 0.537946 0.654660
vn -0.154077 0.871526 0.465513
vn 0.304395 0.553736 0.775061
vn 0.507504 0.221495 0.832694
vn 0.520494 0.121362 0.845197
vn 0.141774 -0.583399 0.799716
vn 0.102829 -0.407599 0.907353
vn -0.168186 -0.480426 0.860758
vn -0.176373 -0.621847 0.763019
vn 0.515803 -0.506254 0.691125
vn 0.469846 -0.315133 0.824583
vn -0.338457 -0.660056 0.670651
vn 0.743325 0.279256 0.607853
vn 0.873979 0.397435 0.279652
vn 0.930631 0.268713 0.248434
vn 0.816462 0.243446 0.523569
vn 0.638199 0.211355 0.740291
vn 0.623117 0.329657 0.709261
vn 0.802517 0.517167 0.297498
vn 0.589073 0.340012 0.733065
vn 0.815268 0.514498 0.265764
vn 0.346327 0.030805 0.937608
vn 0.855664 0.515012 -0.051006
vn 0.858966 0.510981 -0.032799
vn 0.914074 0.405510 -0.005537
vn 0.856515 0.457981 -0.237983
vn 0.906561 0.366415 -0.209494
vn 0.842726 0.474828 -0.253676
vn 0.778007 0.385958 -0.495724
vn 0.779568 0.379757 -0.498054
vn 0.895832 0.440534 -0.058445
vn 0.868622 0.423222 -0.257642
vn 0.798164 0.339712 -0.497524
vn 0.398930 0.239874 0.885051
vn 0.378711 0.196441 0.904427
vn -0.365499 -0.611922 -0.701400
vn -0.203457 -0.720931 -0.662468
vn 0.000000 -0.751956 -0.659213
vn 0.077440 -0.035763 -0.996355
vn -0.014850 -0.044833 -0.998884
vn -0.000000 -0.772778 -0.634676
vn -0.000000 -0.024523 -0.999699
vn -0.000000 0.481948 -0.876200
vn -0.059944 0.432329 -0.899721
vn -0.132850 0.062814 -0.989144
vn -0.184472 -0.363871 -0.912999
vn -0.265739 -0.313466 -0.911659
vn 0.000000 -0.402816 -0.915281
vn -0.000000 0.051968 -0.998649
vn 0.448713 0.224166 0.865105
vn 0.085281 0.311228 0.946501
vn 0.630214 0.160062 0.759744
vn 0.118129 0.315262 0.941624
vn 0.443070 0.128040 0.887296
vn 0.542139 0.060252 0.838126
vn 0.473937 0.145868 0.868393
vn 0.176388 0.399911 0.899421
vn 0.532262 0.083613 0.842441
vn 0.464120 -0.876418 -0.128390
vn 0.683409 -0.561518 0.466530
vn 0.184371 -0.530837 0.827176
vn 0.480835 -0.543990 0.687657
vn 0.632251 -0.374516 0.678231
vn 0.659714 -0.410816 0.629292
vn 0.498807 -0.207905 0.841408
vn 0.616921 -0.190733 0.763563
vn 0.640010 -0.248431 0.727096
vn 0.613974 0.092572 0.783879
vn 0.581734 0.465564 0.666960
vn -0.366317 0.721422 0.587674
vn -0.000000 0.818644 -0.574302
vn 0.000000 0.953947 -0.299974
vn -0.000000 0.789160 0.614188
vn 0.000000 0.939145 0.343522
vn 0.000000 0.978229 0.207527
vn -0.092606 0.990203 0.104511
vn 0.000000 0.993844 0.110786
vn -0.095572 0.994035 0.052540
vn 0.000000 0.998565 0.053562
vn -0.093906 0.995396 -0.019195
vn -0.189722 0.981139 -0.037043
vn 0.000000 0.999913 -0.013178
vn -0.091698 0.992383 -0.082265
vn -0.196775 0.973302 -0.118165
vn 0.000000 0.997239 -0.074259
vn -0.074079 0.979243 -0.188666
vn -0.196907 0.956960 -0.213203
vn 0.000000 0.981704 -0.190412
vn -0.063660 0.968626 -0.240231
vn -0.183920 0.952911 -0.241109
vn 0.000000 0.975068 -0.221908
vn -0.120935 0.983316 0.135882
vn -0.185870 0.969325 0.160815
vn -0.000000 0.982766 0.184853
vn -0.054158 0.493680 0.867956
vn -0.037296 0.398396 0.916455
vn 0.000000 0.540544 0.841316
vn 0.140450 -0.351025 0.925773
vn 0.235618 -0.494029 0.836911
vn 0.000000 -0.317263 0.948337
vn 0.237966 -0.769247 0.592986
vn 0.363685 -0.789129 0.494984
vn 0.000000 -0.772304 0.635253
vn 0.264183 -0.927030 0.266126
vn 0.387985 -0.893114 0.227631
vn 0.000000 -0.955537 0.294872
vn 0.223099 -0.971428 0.080960
vn 0.363255 -0.925504 0.107182
vn 0.000000 -0.997685 0.067999
vn 0.157047 -0.987577 0.005353
vn 0.296853 -0.953208 0.057212
vn -0.000000 -0.999923 -0.012443
vn -0.332358 0.543639 0.770711
vn -0.278302 0.900928 0.332982
vn 0.185178 -0.053663 0.981239
vn 0.386821 -0.433253 0.814040
vn 0.371052 -0.646338 0.666759
vn 0.488844 -0.682530 0.543308
vn 0.387704 -0.828067 0.404958
vn 0.463525 -0.804894 0.370527
vn 0.000000 -0.892662 0.450727
vn 0.562821 0.024535 -0.826214
vn 0.575160 0.094926 -0.812514
vn 0.556889 0.078047 -0.826912
vn 0.559764 0.152397 -0.814518
vn 0.307497 0.210640 -0.927942
vn 0.132419 0.256191 -0.957513
vn 0.946485 0.232151 0.224214
vn 0.786681 0.021611 0.616981
vn 0.818486 -0.145675 0.555751
vn 0.423512 -0.229580 0.876316
vn 0.091450 -0.390452 0.916070
vn 0.458951 0.874570 0.156494
vn 0.499704 0.866169 0.006829
vn 0.464214 0.874802 0.138659
vn 0.332937 0.844082 0.420331
vn 0.338621 0.851084 0.401239
vn 0.394840 0.916240 0.067861
vn 0.427808 0.899382 0.089956
vn 0.819622 0.243052 -0.518792
vn 0.953135 0.241559 -0.182160
vn 0.794275 0.331513 -0.509143
vn 0.563401 0.273104 -0.779740
vn 0.359661 0.308647 -0.880557
vn -0.464470 -0.715584 0.521735
vn -0.463819 -0.403185 0.788869
vn -0.363567 -0.361606 0.858522
vn -0.357969 -0.737999 0.572028
vn -0.317357 -0.924976 0.209054
vn -0.431205 -0.872271 0.230663
vn -0.461875 -0.854432 0.237943
vn -0.489045 -0.710416 0.506107
vn -0.476326 -0.436699 0.763156
vn -0.397810 -0.120622 0.909504
vn -0.405716 -0.070221 0.911298
vn -0.206826 0.276647 0.938451
vn -0.217833 0.320727 0.921783
vn 0.705146 0.184439 -0.684655
vn 0.704156 0.098065 -0.703241
vn 0.587941 -0.121757 -0.799688
vn 0.610763 -0.012999 -0.791706
vn 0.491069 -0.339288 -0.802331
vn -0.162566 -0.608862 0.776440
vn -0.077560 -0.471412 0.878496
vn -0.339126 -0.569011 0.749146
vn 0.049746 -0.312047 0.948763
vn 0.325441 -0.075345 0.942556
vn 0.179486 0.338506 -0.923688
vn -0.000000 0.285110 -0.958495
vn -0.000000 0.352428 -0.935839
vn 0.965542 0.259101 0.024387
vn 0.324848 -0.925369 -0.195359
vn 0.379479 -0.842218 -0.382968
vn 0.386993 -0.701606 -0.598319
vn 0.938785 0.339939 0.055899
vn 0.995981 -0.089565 -0.000363
vn 0.725148 0.642508 0.247677
vn 0.611537 0.788576 0.064585
vn 0.413129 0.798344 0.438146
vn -0.270794 -0.565960 0.778691
vn -0.116582 -0.478794 0.870153
vn 0.224389 -0.815410 0.533625
vn 0.000000 -0.840924 0.541153
vn 0.700174 0.211596 0.681897
vn 0.889892 0.394263 0.229454
vn -0.238575 -0.754425 0.611494
vn -0.216718 -0.323101 0.921216
vn -0.221541 -0.957792 0.183176
vn -0.168202 -0.002396 0.985750
vn 0.123885 0.442979 0.887931
vn 0.000000 0.998018 -0.062927
vn 0.000000 0.999767 -0.021573
vn -0.000000 0.995907 -0.090387
vn -0.000000 0.995125 -0.098628
vn -0.000000 0.999126 -0.041794
vn -0.000000 0.998997 0.044786
vn 0.389107 0.176291 -0.904167
vn 0.135581 0.096736 -0.986032
vn 0.174480 -0.120611 -0.977246
vn -0.000000 0.189846 -0.981814
vn -0.000000 0.082992 -0.996550
vn 0.000000 -0.131187 -0.991358
vn 0.110025 0.711883 0.693626
vn 0.135554 0.717016 0.683749
vn 0.268280 0.832554 0.484644
vn 0.282518 0.840056 0.463130
vn 0.280586 0.817968 0.502194
vn 0.029914 0.633692 0.773006
vn -0.212519 0.315826 0.924711
vn 0.043234 0.516002 0.855496
vn -0.085522 0.253381 0.963579
vn 0.335812 0.782844 0.523818
vn -0.326556 -0.000853 0.945178
vn 0.000000 0.270568 -0.962701
vn 0.336788 -0.936657 0.096161
vn 0.347150 -0.932155 0.102833
vn 0.368991 -0.912955 0.174237
vn 0.000000 0.212488 0.977164
vn 0.123309 -0.989344 0.077418
vn 0.241602 -0.965372 0.098414
vn -0.000000 -0.996825 0.079622
vn 0.140669 -0.943303 0.300652
vn 0.263217 -0.915131 0.305373
vn 0.000000 -0.949904 0.312542
vn 0.155695 -0.819713 0.551208
vn 0.287232 -0.750021 0.595790
vn 0.000000 -0.836206 0.548415
vn 0.156880 -0.515416 0.842458
vn 0.000000 -0.538007 0.842940
vn 0.126970 -0.098365 0.987017
vn -0.000000 -0.142279 0.989827
vn -0.000000 0.200749 0.979643
vn -0.000000 0.287264 0.957851
vn 0.000000 0.220878 0.975302
vn 0.353712 -0.912373 0.206064
vn 0.337278 -0.934289 0.115536
vn 0.322425 -0.941570 0.097405
vn -0.014738 -0.626510 0.779274
vn -0.014738 -0.626510 0.779274
vn -0.014738 -0.626510 0.779274
vn -0.014738 -0.626510 0.779274
vn 0.853833 -0.155128 0.496895
vn 0.853833 -0.155128 0.496895
vn 0.853833 -0.155128 0.496895
vn 0.853833 -0.155128 0.496895
vn 0.819108 -0.488370 -0.300926
vn 0.819108 -0.488370 -0.300926
vn 0.819108 -0.488370 -0.300926
vn 0.819108 -0.488370 -0.300926
vn -0.021859 -0.997866 -0.061525
vn -0.021859 -0.997866 -0.061525
vn -0.021859 -0.997866 -0.061525
vn -0.021859 -0.997866 -0.061525
vn 0.411668 0.530358 0.741114
vn 0.411668 0.530358 0.741114
vn 0.411668 0.530358 0.741114
vn 0.411668 0.530358 0.741114
vn 0.871957 0.489133 0.020988
vn 0.871957 0.489133 0.020988
vn 0.871957 0.489133 0.020988
vn 0.871957 0.489133 0.020988
vn 0.863832 0.250981 -0.436809
vn 0.863832 0.250981 -0.436809
vn 0.863832 0.250981 -0.436809
vn 0.863832 0.250981 -0.436809
vn 0.420492 -0.277538 -0.863805
vn 0.420492 -0.277538 -0.863805
vn 0.420492 -0.277538 -0.863805
vn 0.420492 -0.277538 -0.863805
vn -0.232805 -0.654336 -0.719477
vn -0.232805 -0.654336 -0.719477
vn -0.232805 -0.654336 -0.719477
vn -0.232805 -0.654336 -0.719477
vn -0.766798 -0.641886 -0.001808
vn -0.766798 -0.641886 -0.001808
vn -0.766798 -0.641886 -0.001808
vn -0.766798 -0.641886 -0.001808
vn -0.780769 -0.377746 0.497702
vn -0.780769 -0.377746 0.497702
vn -0.780769 -0.377746 0.497702
vn -0.780769 -0.377746 0.497702
vn -0.230668 0.206930 0.950774
vn -0.230668 0.206931 0.950774
vn -0.230668 0.206931 0.950774
vn -0.230668 0.206931 0.950774
vn 0.327024 0.640206 0.695120
vn 0.327024 0.640206 0.695119
vn 0.327024 0.640206 0.695119
vn 0.327024 0.640206 0.695120
vn 0.836591 0.543520 0.068573
vn 0.836591 0.543520 0.068573
vn 0.836591 0.543520 0.068573
vn 0.836591 0.543520 0.068573
vn 0.821998 0.240418 -0.516255
vn 0.821997 0.240418 -0.516255
vn 0.821998 0.240418 -0.516255
vn 0.821998 0.240418 -0.516255
vn 0.339141 -0.185687 -0.922228
vn 0.339141 -0.185687 -0.922228
vn 0.339141 -0.185687 -0.922228
vn 0.339141 -0.185687 -0.922228
vn -0.402911 -0.500049 -0.766560
vn -0.402911 -0.500049 -0.766560
vn -0.402911 -0.500049 -0.766560
vn -0.402911 -0.500049 -0.766560
vn -0.878895 -0.461489 -0.120713
vn -0.878895 -0.461489 -0.120713
vn -0.878895 -0.461489 -0.120713
vn -0.878895 -0.461489 -0.120713
vn -0.875607 -0.168961 0.452509
vn -0.875607 -0.168961 0.452509
vn -0.875607 -0.168961 0.452509
vn -0.875607 -0.168961 0.452509
vn -0.384680 0.344183 0.856481
vn -0.384680 0.344183 0.856481
vn -0.384680 0.344183 0.856481
vn -0.384680 0.344183 0.856481
vn 0.287291 0.554322 0.781147
vn 0.287291 0.554322 0.781147
vn 0.287291 0.554322 0.781147
vn 0.287291 0.554322 0.781147
vn 0.814371 0.568664 0.115847
vn 0.814371 0.568664 0.115847
vn 0.814371 0.568664 0.115847
vn 0.814371 0.568664 0.115847
vn 0.726493 0.133331 -0.674114
vn 0.726493 0.133331 -0.674114
vn 0.726493 0.133331 -0.674114
vn 0.726493 0.133331 -0.674114
vn 0.360170 -0.257003 -0.896787
vn 0.360170 -0.257003 -0.896787
vn 0.360170 -0.257003 -0.896787
vn 0.360170 -0.257003 -0.896787
vn -0.144452 -0.600586 -0.786403
vn -0.144452 -0.600586 -0.786403
vn -0.144452 -0.600586 -0.786403
vn -0.144452 -0.600586 -0.786403
vn -0.691044 -0.699044 -0.183837
vn -0.691044 -0.699044 -0.183837
vn -0.691044 -0.699044 -0.183837
vn -0.691044 -0.699044 -0.183837
vn -0.712594 -0.367034 0.597910
vn -0.712594 -0.367034 0.597910
vn -0.712594 -0.367034 0.597910
vn -0.712594 -0.367034 0.597910
vn -0.199371 0.241085 0.949805
vn -0.199371 0.241085 0.949805
vn -0.199371 0.241085 0.949805
vn -0.199371 0.241085 0.949805
vn -0.277000 0.273216 0.921208
vn -0.277000 0.273216 0.921208
vn -0.277000 0.273216 0.921208
vn -0.277000 0.273216 0.921208
vn -0.763390 -0.294467 0.574912
vn -0.763390 -0.294467 0.574912
vn -0.763390 -0.294467 0.574912
vn -0.763390 -0.294467 0.574912
vn -0.745154 -0.658298 -0.106715
vn -0.745154 -0.658298 -0.106715
vn -0.745154 -0.658298 -0.106715
vn -0.745154 -0.658298 -0.106715
vn -0.244462 -0.591349 -0.768469
vn -0.244462 -0.591349 -0.768469
vn -0.244462 -0.591349 -0.768469
vn -0.244462 -0.591349 -0.768469
vn 0.303015 -0.257706 -0.917480
vn 0.303015 -0.257706 -0.917480
vn 0.303015 -0.257706 -0.917480
vn 0.303015 -0.257706 -0.917480
vn 0.787692 0.140083 -0.599932
vn 0.787692 0.140083 -0.599932
vn 0.787692 0.140083 -0.599932
vn 0.787692 0.140083 -0.599932
vn 0.841671 0.518918 0.149380
vn 0.841671 0.518918 0.149380
vn 0.841671 0.518918 0.149380
vn 0.841671 0.518918 0.149380
vn 0.292276 0.557859 0.776768
vn 0.292276 0.557859 0.776768
vn 0.292276 0.557859 0.776768
vn 0.292276 0.557859 0.776768
vn 0.023605 -0.779770 0.625621
vn 0.023605 -0.779770 0.625621
vn 0.023605 -0.779770 0.625621
vn 0.023605 -0.779770 0.625621
vn 0.963079 -0.182942 0.197513
vn 0.963079 -0.182942 0.197513
vn 0.963079 -0.182942 0.197513
vn 0.963079 -0.182942 0.197513
vn 0.779501 -0.437893 -0.447915
vn 0.779501 -0.437893 -0.447915
vn 0.779501 -0.437893 -0.447915
vn 0.779501 -0.437893 -0.447915
vn -0.013241 -0.989124 -0.146485
vn -0.013241 -0.989124 -0.146485
vn -0.013241 -0.989124 -0.146485
vn -0.013241 -0.989124 -0.146485
vn -0.775561 -0.381440 0.502999
vn -0.775561 -0.381440 0.502999
vn -0.775561 -0.381440 0.502999
vn -0.775562 -0.381440 0.502999
vn -0.818717 -0.573428 -0.029705
vn -0.818717 -0.573428 -0.029705
vn -0.818717 -0.573428 -0.029705
vn -0.818717 -0.573428 -0.029705
vn -0.351072 -0.528689 -0.772811
vn -0.351072 -0.528689 -0.772811
vn -0.351072 -0.528689 -0.772811
vn -0.351072 -0.528689 -0.772811
vn 0.314776 -0.156302 -0.936208
vn 0.314776 -0.156302 -0.936208
vn 0.314776 -0.156302 -0.936208
vn 0.314776 -0.156302 -0.936208
vn 0.760423 0.279379 -0.586263
vn 0.760423 0.279379 -0.586263
vn 0.760423 0.279379 -0.586263
vn 0.760423 0.279379 -0.586263
vn 0.868991 0.446045 -0.214239
vn 0.868991 0.446045 -0.214239
vn 0.868991 0.446045 -0.214239
vn 0.868991 0.446045 -0.214239
vn 0.641818 0.458139 0.614961
vn 0.641819 0.458139 0.614961
vn 0.641819 0.458139 0.614961
vn 0.641818 0.458139 0.614961
vn -0.145913 0.092692 0.984946
vn -0.145913 0.092692 0.984946
vn -0.145913 0.092692 0.984946
vn -0.145913 0.092692 0.984946
vn -0.865421 -0.268984 0.422722
vn -0.865421 -0.268984 0.422722
vn -0.865421 -0.268984 0.422722
vn -0.865421 -0.268984 0.422722
vn -0.875936 -0.449948 -0.174023
vn -0.875936 -0.449948 -0.174023
vn -0.875936 -0.449948 -0.174023
vn -0.875936 -0.449948 -0.174023
vn -0.467957 -0.419611 -0.777781
vn -0.467957 -0.419611 -0.777781
vn -0.467957 -0.419611 -0.777781
vn -0.467957 -0.419611 -0.777781
vn 0.250334 -0.077102 -0.965084
vn 0.250334 -0.077102 -0.965084
vn 0.250334 -0.077102 -0.965084
vn 0.250334 -0.077102 -0.965084
vn 0.715192 0.249498 -0.652879
vn 0.715192 0.249498 -0.652879
vn 0.715192 0.249498 -0.652879
vn 0.715192 0.249498 -0.652879
vn 0.865950 0.453678 -0.210492
vn 0.865950 0.453678 -0.210492
vn 0.865950 0.453678 -0.210492
vn 0.865950 0.453678 -0.210492
vn 0.632955 0.580226 0.512549
vn 0.632955 0.580226 0.512549
vn 0.632955 0.580226 0.512549
vn 0.632955 0.580226 0.512549
vn -0.295781 0.316364 0.901348
vn -0.295781 0.316364 0.901348
vn -0.295781 0.316364 0.901348
vn -0.295781 0.316364 0.901348
vn -0.802967 -0.239382 0.545838
vn -0.802967 -0.239382 0.545838
vn -0.802967 -0.239382 0.545838
vn -0.802967 -0.239382 0.545838
vn -0.868477 -0.448890 -0.210348
vn -0.868477 -0.448890 -0.210348
vn -0.868477 -0.448890 -0.210348
vn -0.868477 -0.448890 -0.210348
vn -0.671859 -0.445394 -0.591803
vn -0.671859 -0.445394 -0.591803
vn -0.671859 -0.445394 -0.591803
vn -0.671859 -0.445394 -0.591803
vn 0.052344 -0.189400 -0.980504
vn 0.052344 -0.189400 -0.980504
vn 0.052344 -0.189400 -0.980504
vn 0.052344 -0.189400 -0.980504
vn 0.714973 0.220544 -0.663456
vn 0.714973 0.220544 -0.663456
vn 0.714973 0.220544 -0.663456
vn 0.714973 0.220544 -0.663456
vn 0.884247 0.402750 -0.236432
vn 0.884247 0.402750 -0.236432
vn 0.884247 0.402750 -0.236432
vn 0.884247 0.402750 -0.236432
vn 0.704101 0.448202 0.550778
vn 0.704101 0.448202 0.550778
vn 0.704101 0.448202 0.550778
vn 0.704101 0.448202 0.550778
vn -0.154603 0.007845 0.987945
vn -0.154603 0.007845 0.987946
vn -0.154603 0.007845 0.987945
vn -0.154603 0.007845 0.987945
vn -0.724992 -0.675665 -0.133656
vn -0.724992 -0.675665 -0.133656
vn -0.724992 -0.675665 -0.133656
vn -0.724992 -0.675665 -0.133656
vn -0.415534 -0.509695 -0.753354
vn -0.415534 -0.509695 -0.753354
vn -0.415534 -0.509695 -0.753354
vn -0.415534 -0.509695 -0.753354
vn 0.222642 -0.145364 -0.964002
vn 0.222642 -0.145364 -0.964002
vn 0.222642 -0.145364 -0.964002
vn 0.222642 -0.145364 -0.964002
vn 0.704751 0.248782 -0.664405
vn 0.704751 0.248782 -0.664405
vn 0.704751 0.248782 -0.664405
vn 0.704751 0.248782 -0.664404
vn 0.868315 0.441108 -0.226834
vn 0.868315 0.441108 -0.226834
vn 0.868315 0.441108 -0.226834
vn 0.868315 0.441108 -0.226834
vn 0.712068 0.486329 0.506402
vn 0.712068 0.486329 0.506402
vn 0.712068 0.486329 0.506402
vn 0.712068 0.486329 0.506402
vn -0.140997 0.018859 0.989830
vn -0.140997 0.018859 0.989830
vn -0.140997 0.018859 0.989830
vn -0.140997 0.018859 0.989830
vn -0.686989 -0.556061 0.467806
vn -0.686989 -0.556061 0.467806
vn -0.686989 -0.556061 0.467806
vn -0.686989 -0.556061 0.467806
vn 0.490527 -0.870622 -0.037426
vn 0.490527 -0.870622 -0.037426
vn 0.490527 -0.870622 -0.037426
vn 0.490527 -0.870622 -0.037426
vn 0.868819 -0.462664 0.176340
vn 0.868819 -0.462664 0.176340
vn 0.868819 -0.462664 0.176340
vn 0.868819 -0.462664 0.176340
vn 0.950799 -0.202750 -0.234250
vn 0.950799 -0.202750 -0.234250
vn 0.950799 -0.202750 -0.234250
vn 0.950799 -0.202750 -0.234250
vn 0.984588 0.013196 -0.174393
vn 0.984588 0.013196 -0.174393
vn 0.984588 0.013196 -0.174393
vn 0.984588 0.013196 -0.174393
vn 0.980175 0.125896 0.152996
vn 0.980175 0.125896 0.152996
vn 0.980175 0.125896 0.152996
vn 0.980175 0.125896 0.152996
vn 0.778147 -0.606546 0.163063
vn 0.778147 -0.606546 0.163063
vn 0.778147 -0.606546 0.163063
vn 0.778147 -0.606546 0.163063
vn -0.106219 -0.936643 0.333793
vn -0.106219 -0.936643 0.333793
vn -0.106219 -0.936643 0.333793
vn -0.106219 -0.936643 0.333793
vn -0.165054 -0.562003 0.810500
vn -0.165054 -0.562003 0.810500
vn -0.165054 -0.562003 0.810500
vn -0.165054 -0.562003 0.810500
vn 0.703969 -0.123839 0.699351
vn 0.703969 -0.123839 0.699351
vn 0.703969 -0.123839 0.699351
vn 0.703969 -0.123839 0.699351
vn 0.301637 0.769001 0.563606
vn 0.301637 0.769001 0.563607
vn 0.301637 0.769001 0.563607
vn 0.301637 0.769001 0.563606
vn -0.475324 0.431065 0.766975
vn -0.475324 0.431065 0.766975
vn -0.475324 0.431065 0.766975
vn -0.475324 0.431065 0.766975
vn -0.887359 -0.147103 0.436984
vn -0.887359 -0.147103 0.436984
vn -0.887359 -0.147103 0.436984
vn -0.887359 -0.147103 0.436984
vn -0.864583 -0.502223 0.016360
vn -0.864583 -0.502223 0.016360
vn -0.864583 -0.502223 0.016360
vn -0.864583 -0.502224 0.016360
vn -0.372498 -0.711104 -0.596302
vn -0.372498 -0.711105 -0.596302
vn -0.372498 -0.711104 -0.596302
vn -0.372498 -0.711105 -0.596302
vn 0.454292 -0.368528 -0.811052
vn 0.454292 -0.368528 -0.811052
vn 0.454292 -0.368528 -0.811052
vn 0.454292 -0.368528 -0.811052
vn 0.865921 0.243318 -0.437008
vn 0.865921 0.243318 -0.437008
vn 0.865921 0.243318 -0.437008
vn 0.865921 0.243318 -0.437008
vn 0.794984 0.605237 0.041103
vn 0.794984 0.605237 0.041103
vn 0.794984 0.605237 0.041103
vn 0.794984 0.605237 0.041103
vn 0.315881 0.633225 0.706573
vn 0.315881 0.633225 0.706573
vn 0.315881 0.633225 0.706573
vn 0.315881 0.633225 0.706573
vn -0.373104 0.283629 0.883373
vn -0.373104 0.283629 0.883373
vn -0.373104 0.283629 0.883373
vn -0.373104 0.283629 0.883373
vn -0.787700 -0.335348 0.516789
vn -0.787700 -0.335348 0.516789
vn -0.787700 -0.335348 0.516789
vn -0.787700 -0.335348 0.516789
vn -0.739523 -0.650814 0.171893
vn -0.739523 -0.650814 0.171893
vn -0.739523 -0.650814 0.171893
vn -0.739523 -0.650814 0.171893
vn -0.214405 -0.879128 -0.425634
vn -0.214405 -0.879128 -0.425634
vn -0.214405 -0.879128 -0.425634
vn -0.214405 -0.879128 -0.425634
vn 0.526655 -0.555686 -0.643309
vn 0.526655 -0.555686 -0.643309
vn 0.526655 -0.555686 -0.643309
vn 0.526655 -0.555686 -0.643309
vn 0.938576 0.150703 -0.310426
vn 0.938576 0.150703 -0.310426
vn 0.938576 0.150703 -0.310426
vn 0.938576 0.150703 -0.310426
vn 0.860672 0.506537 0.051610
vn 0.860672 0.506537 0.051610
vn 0.860672 0.506537 0.051610
vn 0.860672 0.506537 0.051610
vn 0.190312 0.720231 0.667120
vn 0.190312 0.720231 0.667120
vn 0.190312 0.720231 0.667120
vn 0.190312 0.720231 0.667120
vn -0.211064 0.516452 0.829897
vn -0.211064 0.516452 0.829897
vn -0.211064 0.516452 0.829897
vn -0.211064 0.516452 0.829897
vn -0.718307 -0.038921 0.694637
vn -0.718307 -0.038921 0.694637
vn -0.718307 -0.038921 0.694637
vn -0.718307 -0.038921 0.694637
vn -0.765575 -0.643292 0.008412
vn -0.765575 -0.643292 0.008412
vn -0.765575 -0.643292 0.008412
vn -0.765575 -0.643292 0.008412
vn -0.241457 -0.813867 -0.528507
vn -0.241457 -0.813867 -0.528507
vn -0.241457 -0.813867 -0.528507
vn -0.241457 -0.813867 -0.528507
vn 0.603329 -0.263175 -0.752816
vn 0.603329 -0.263175 -0.752817
vn 0.603329 -0.263175 -0.752816
vn 0.603329 -0.263175 -0.752817
vn 0.819277 0.245754 -0.518063
vn 0.819277 0.245754 -0.518063
vn 0.819277 0.245754 -0.518063
vn 0.819277 0.245754 -0.518063
vn 0.733213 0.674994 0.082359
vn 0.733213 0.674994 0.082359
vn 0.733213 0.674994 0.082359
vn 0.733213 0.674994 0.082359
vn -0.343278 0.428053 0.836021
vn -0.343278 0.428053 0.836021
vn -0.343278 0.428053 0.836021
vn -0.343278 0.428053 0.836021
vn -0.782455 -0.182234 0.595445
vn -0.782455 -0.182234 0.595445
vn -0.782455 -0.182234 0.595445
vn -0.782455 -0.182234 0.595445
vn -0.787654 -0.611442 0.075761
vn -0.787654 -0.611442 0.075761
vn -0.787654 -0.611442 0.075761
vn -0.787654 -0.611442 0.075761
vn -0.308259 -0.715936 -0.626428
vn -0.308259 -0.715936 -0.626428
vn -0.308259 -0.715936 -0.626428
vn -0.308259 -0.715936 -0.626428
vn 0.430587 -0.351086 -0.831465
vn 0.430587 -0.351086 -0.831465
vn 0.430587 -0.351086 -0.831465
vn 0.430587 -0.351086 -0.831465
vn 0.865269 0.210314 -0.455057
vn 0.865269 0.210314 -0.455057
vn 0.865269 0.210314 -0.455057
vn 0.865269 0.210314 -0.455057
vn 0.780392 0.612717 0.124761
vn 0.780392 0.612717 0.124761
vn 0.780392 0.612717 0.124761
vn 0.780392 0.612717 0.124761
vn 0.240803 0.718598 0.652403
vn 0.240803 0.718598 0.652403
vn 0.240803 0.718598 0.652403
vn 0.240803 0.718598 0.652403
vn 0.914985 -0.161776 0.369637
vn 0.914985 -0.161776 0.369637
vn 0.914985 -0.161777 0.369637
vn 0.914985 -0.161777 0.369637
vn 0.992423 -0.108285 0.058062
vn 0.992423 -0.108285 0.058062
vn 0.992423 -0.108285 0.058062
vn 0.992423 -0.108285 0.058062
vn 0.806699 0.440806 0.393608
vn 0.806699 0.440806 0.393608
vn 0.806699 0.440806 0.393608
vn 0.806699 0.440806 0.393608
vn 0.267523 0.616784 0.740276
vn 0.267523 0.616784 0.740276
vn 0.267523 0.616784 0.740276
vn 0.267523 0.616784 0.740276
vn -0.197125 0.490754 0.848706
vn -0.197125 0.490754 0.848706
vn -0.197125 0.490754 0.848706
vn -0.197125 0.490754 0.848706
vn -0.509346 0.033587 0.859906
vn -0.509346 0.033587 0.859906
vn -0.509346 0.033587 0.859906
vn -0.509346 0.033587 0.859906
vn -0.247323 -0.706728 0.662848
vn -0.247323 -0.706728 0.662848
vn -0.247323 -0.706728 0.662848
vn -0.247323 -0.706728 0.662848
vn -0.027271 -0.393759 0.918809
vn -0.027271 -0.393759 0.918809
vn -0.027271 -0.393759 0.918809
vn -0.027271 -0.393759 0.918809
vn -0.512722 -0.482935 0.709852
vn -0.512722 -0.482935 0.709852
vn -0.512722 -0.482936 0.709852
vn -0.512722 -0.482935 0.709852
vn -0.237437 -0.968491 -0.075153
vn -0.237437 -0.968491 -0.075153
vn -0.237437 -0.968491 -0.075153
vn -0.237437 -0.968491 -0.075153
vn -0.101073 -0.751567 0.651868
vn -0.101073 -0.751566 0.651868
vn -0.101073 -0.751566 0.651868
vn -0.101073 -0.751567 0.651868
vn -0.080010 -0.964895 0.250151
vn -0.080010 -0.964895 0.250151
vn -0.080010 -0.964895 0.250151
vn -0.080010 -0.964895 0.250151
vn -0.591899 -0.785483 0.180758
vn -0.591899 -0.785483 0.180758
vn -0.591899 -0.785483 0.180758
vn -0.591898 -0.785483 0.180758
vn -0.723796 -0.625165 0.292042
vn -0.723796 -0.625165 0.292042
vn -0.723796 -0.625165 0.292042
vn -0.723796 -0.625165 0.292042
vn -0.719227 -0.463638 0.517448
vn -0.719227 -0.463638 0.517448
vn -0.719227 -0.463638 0.517448
vn -0.719227 -0.463638 0.517448
vn -0.475824 -0.878711 -0.038192
vn -0.475824 -0.878711 -0.038192
vn -0.475824 -0.878711 -0.038192
vn -0.475824 -0.878711 -0.038192
vn -0.368404 -0.832724 -0.413338
vn -0.368404 -0.832724 -0.413338
vn -0.368404 -0.832724 -0.413338
vn -0.368404 -0.832724 -0.413338
vn 0.080249 -0.473425 -0.877171
vn 0.080249 -0.473425 -0.877171
vn 0.080249 -0.473425 -0.877171
vn 0.080249 -0.473425 -0.877171
vn 0.651105 -0.054708 -0.757014
vn 0.651105 -0.054708 -0.757014
vn 0.651105 -0.054708 -0.757014
vn 0.651105 -0.054708 -0.757014
vn -0.469651 0.113385 0.875541
vn -0.469651 0.113385 0.875541
vn -0.469651 0.113385 0.875541
vn -0.469651 0.113385 0.875541
vn -0.194348 0.548658 0.813144
vn -0.194348 0.548658 0.813144
vn -0.194348 0.548658 0.813144
vn -0.194348 0.548658 0.813144
vn 0.210992 0.799154 0.562882
vn 0.210992 0.799154 0.562882
vn 0.210992 0.799154 0.562882
vn 0.210992 0.799154 0.562882
vn 0.626420 0.767176 0.137984
vn 0.626420 0.767176 0.137984
vn 0.626420 0.767176 0.137984
vn 0.626420 0.767176 0.137984
vn 0.855886 0.493218 -0.155548
vn 0.855886 0.493218 -0.155548
vn 0.855886 0.493218 -0.155548
vn 0.855886 0.493218 -0.155548
vn 0.883859 0.453192 -0.115805
vn 0.883859 0.453192 -0.115805
vn 0.883859 0.453192 -0.115805
vn 0.883859 0.453192 -0.115805
vn 0.921134 0.213738 -0.325313
vn 0.921134 0.213738 -0.325313
vn 0.921134 0.213738 -0.325313
vn 0.921134 0.213738 -0.325313
vn 0.760651 0.206174 -0.615550
vn 0.760652 0.206174 -0.615550
vn 0.760651 0.206174 -0.615550
vn 0.760652 0.206174 -0.615550
vn 0.846364 0.210788 0.489118
vn 0.846364 0.210788 0.489118
vn 0.846364 0.210788 0.489118
vn 0.846364 0.210788 0.489118
vn 0.110061 0.333600 0.936268
vn 0.110061 0.333599 0.936268
vn 0.110061 0.333600 0.936268
vn 0.110061 0.333600 0.936268
vn -0.020100 -0.432297 0.901507
vn -0.020100 -0.432297 0.901507
vn -0.020100 -0.432297 0.901507
vn -0.020100 -0.432297 0.901507
vn 0.650040 -0.492690 0.578536
vn 0.650040 -0.492690 0.578536
vn 0.650040 -0.492690 0.578536
vn 0.650040 -0.492690 0.578536
vn -0.562770 -0.808666 0.171319
vn -0.562770 -0.808666 0.171319
vn -0.562770 -0.808666 0.171319
vn -0.562770 -0.808666 0.171319
vn -0.916804 -0.099648 0.386706
vn -0.916804 -0.099648 0.386706
vn -0.916804 -0.099648 0.386706
vn -0.916804 -0.099648 0.386706
vn -0.694672 0.604796 0.389426
vn -0.694672 0.604796 0.389426
vn -0.694672 0.604796 0.389426
vn -0.694672 0.604796 0.389426
vn 0.100541 0.982947 0.153970
vn 0.100541 0.982947 0.153970
vn 0.100541 0.982947 0.153970
vn 0.100541 0.982947 0.153970
vn 0.925216 0.287662 -0.247437
vn 0.925217 0.287662 -0.247437
vn 0.925217 0.287662 -0.247437
vn 0.925217 0.287662 -0.247437
vn 0.514667 0.857350 -0.008246
vn 0.514667 0.857350 -0.008246
vn 0.514667 0.857350 -0.008246
vn 0.514667 0.857350 -0.008246
vn 0.024678 -0.999180 -0.032112
vn 0.024678 -0.999180 -0.032112
vn 0.024678 -0.999180 -0.032112
vn 0.024678 -0.999180 -0.032112
vn 0.794777 -0.525407 -0.303772
vn 0.794777 -0.525407 -0.303772
vn 0.794777 -0.525407 -0.303772
vn 0.794777 -0.525407 -0.303772
vn -0.268328 -0.881165 0.389291
vn -0.268328 -0.881165 0.389291
vn -0.268328 -0.881165 0.389291
vn -0.268328 -0.881165 0.389291
vn 0.162419 -0.956311 0.243085
vn 0.162419 -0.956311 0.243085
vn 0.162419 -0.956311 0.243085
vn 0.162419 -0.956311 0.243085
vn 0.868965 -0.490228 -0.067650
vn 0.868965 -0.490228 -0.067650
vn 0.868965 -0.490228 -0.067650
vn 0.868965 -0.490228 -0.067650
vn 0.978713 0.164139 -0.123209
vn 0.978712 0.164139 -0.123209
vn 0.978713 0.164139 -0.123209
vn 0.978713 0.164139 -0.123209
vn 0.545776 0.837585 0.024096
vn 0.545776 0.837585 0.024096
vn 0.545776 0.837585 0.024096
vn 0.545776 0.837585 0.024096
vn 0.092603 0.981022 0.170356
vn 0.092603 0.981022 0.170356
vn 0.092603 0.981022 0.170356
vn 0.092603 0.981022 0.170356
vn -0.688802 0.552947 0.468831
vn -0.688802 0.552947 0.468831
vn -0.688802 0.552947 0.468831
vn -0.688802 0.552947 0.468831
vn -0.814281 -0.170519 0.554860
vn -0.814281 -0.170519 0.554860
vn -0.814281 -0.170519 0.554860
vn -0.814281 -0.170519 0.554860
vn -0.581867 -0.782311 0.222305
vn -0.581867 -0.782311 0.222305
vn -0.581867 -0.782311 0.222305
vn -0.581867 -0.782312 0.222305
vn -0.906654 -0.055217 0.418246
vn -0.906654 -0.055217 0.418246
vn -0.906654 -0.055217 0.418246
vn -0.906654 -0.055217 0.418246
vn -0.756265 0.449731 0.475190
vn -0.756265 0.449731 0.475190
vn -0.756265 0.449731 0.475190
vn -0.756265 0.449731 0.475190
vn -0.001536 0.973583 0.228330
vn -0.001536 0.973583 0.228330
vn -0.001536 0.973583 0.228330
vn -0.001536 0.973583 0.228330
vn 0.823883 0.376980 -0.423205
vn 0.823883 0.376980 -0.423205
vn 0.823883 0.376980 -0.423205
vn 0.823883 0.376980 -0.423205
vn 0.574382 0.802199 -0.162976
vn 0.574382 0.802199 -0.162976
vn 0.574382 0.802199 -0.162976
vn 0.574382 0.802199 -0.162976
vn 0.145891 -0.987911 -0.052415
vn 0.145891 -0.987911 -0.052415
vn 0.145891 -0.987911 -0.052415
vn 0.145891 -0.987911 -0.052415
vn 0.833760 -0.263797 -0.485031
vn 0.833760 -0.263797 -0.485031
vn 0.833760 -0.263797 -0.485031
vn 0.833760 -0.263797 -0.485031
vn 0.132220 0.319611 0.938279
vn 0.132220 0.319611 0.938279
vn 0.132220 0.319611 0.938279
vn 0.132220 0.319611 0.938279
vn -0.099405 -0.298938 0.949081
vn -0.099405 -0.298938 0.949081
vn -0.099405 -0.298938 0.949081
vn -0.099405 -0.298938 0.949081
vn 0.275081 0.825682 0.492524
vn 0.275081 0.825682 0.492524
vn 0.275081 0.825682 0.492524
vn 0.275081 0.825682 0.492524
vn 0.518787 0.846535 0.119324
vn 0.518787 0.846535 0.119324
vn 0.518787 0.846535 0.119324
vn 0.518787 0.846535 0.119324
vn 0.711083 0.686413 -0.152311
vn 0.711083 0.686413 -0.152311
vn 0.711083 0.686413 -0.152311
vn 0.711083 0.686413 -0.152311
vn 0.759410 0.597951 -0.256421
vn 0.759410 0.597951 -0.256421
vn 0.759410 0.597951 -0.256421
vn 0.759410 0.597951 -0.256421
vn 0.765783 0.522827 -0.374470
vn 0.765783 0.522827 -0.374470
vn 0.765783 0.522827 -0.374470
vn 0.765783 0.522827 -0.374470
vn 0.658939 0.158175 -0.735378
vn 0.658939 0.158175 -0.735378
vn 0.658939 0.158175 -0.735378
vn 0.658939 0.158175 -0.735378
vn 0.095739 -0.287361 -0.953026
vn 0.095739 -0.287361 -0.953026
vn 0.095739 -0.287361 -0.953026
vn 0.095739 -0.287361 -0.953026
vn -0.455172 -0.622374 -0.636764
vn -0.455172 -0.622374 -0.636764
vn -0.455172 -0.622374 -0.636764
vn -0.455172 -0.622374 -0.636764
vn -0.737590 -0.669447 -0.088322
vn -0.737590 -0.669447 -0.088322
vn -0.737590 -0.669447 -0.088322
vn -0.737590 -0.669447 -0.088322
vn -0.774262 -0.596791 0.210617
vn -0.774262 -0.596791 0.210617
vn -0.774262 -0.596791 0.210617
vn -0.774262 -0.596791 0.210617
vn -0.729175 -0.643397 0.233119
vn -0.729175 -0.643397 0.233119
vn -0.729175 -0.643397 0.233119
vn -0.729175 -0.643397 0.233119
vn -0.658282 -0.566396 0.495844
vn -0.658282 -0.566396 0.495844
vn -0.658282 -0.566396 0.495844
vn -0.658282 -0.566396 0.495844
vn 0.578778 0.720770 0.381454
vn 0.578778 0.720770 0.381454
vn 0.578778 0.720770 0.381454
vn 0.578778 0.720770 0.381454
vn 0.458572 0.887984 0.034600
vn 0.458572 0.887984 0.034600
vn 0.458572 0.887984 0.034600
vn 0.458572 0.887984 0.034600
vn 0.517608 0.835178 -0.185904
vn 0.517608 0.835178 -0.185904
vn 0.517608 0.835178 -0.185904
vn 0.517608 0.835178 -0.185904
vn 0.548720 0.751642 -0.365978
vn 0.548721 0.751642 -0.365978
vn 0.548721 0.751642 -0.365978
vn 0.548720 0.751642 -0.365978
vn 0.510992 0.674369 -0.533023
vn 0.510992 0.674369 -0.533023
vn 0.510992 0.674369 -0.533023
vn 0.510992 0.674369 -0.533023
vn 0.460357 0.449503 -0.765518
vn 0.460357 0.449503 -0.765518
vn 0.460357 0.449503 -0.765518
vn 0.460357 0.449503 -0.765518
vn 0.076767 -0.084950 -0.993424
vn 0.076767 -0.084950 -0.993424
vn 0.076767 -0.084950 -0.993424
vn 0.076767 -0.084950 -0.993424
vn -0.473801 -0.581269 -0.661543
vn -0.473801 -0.581269 -0.661543
vn -0.473801 -0.581269 -0.661543
vn -0.473801 -0.581269 -0.661543
vn -0.688354 -0.722479 -0.064752
vn -0.688354 -0.722479 -0.064752
vn -0.688354 -0.722479 -0.064752
vn -0.688354 -0.722479 -0.064752
vn -0.623450 -0.759242 0.186713
vn -0.623450 -0.759242 0.186713
vn -0.623450 -0.759242 0.186713
vn -0.623450 -0.759242 0.186713
vn -0.536353 -0.811635 0.231463
vn -0.536353 -0.811635 0.231463
vn -0.536353 -0.811635 0.231463
vn -0.536353 -0.811635 0.231463
vn -0.510359 -0.690847 0.512117
vn -0.510359 -0.690847 0.512117
vn -0.510359 -0.690847 0.512117
vn -0.510359 -0.690847 0.512117
vn 0.330575 0.943750 -0.007451
vn 0.330575 0.943750 -0.007451
vn 0.330575 0.943750 -0.007451
vn 0.330575 0.943750 -0.007451
vn 0.415733 0.908946 -0.031349
vn 0.415733 0.908946 -0.031349
vn 0.415733 0.908946 -0.031349
vn 0.415733 0.908946 -0.031349
vn 0.472317 0.870367 -0.139210
vn 0.472317 0.870367 -0.139210
vn 0.472317 0.870366 -0.139210
vn 0.472317 0.870366 -0.139210
vn 0.519435 0.742262 -0.423362
vn 0.519435 0.742262 -0.423362
vn 0.519435 0.742262 -0.423362
vn 0.519435 0.742262 -0.423362
vn 0.494148 0.605776 -0.623581
vn 0.494148 0.605776 -0.623581
vn 0.494148 0.605776 -0.623581
vn 0.494148 0.605776 -0.623581
vn 0.389115 0.474677 -0.789475
vn 0.389115 0.474677 -0.789475
vn 0.389115 0.474677 -0.789475
vn 0.389115 0.474677 -0.789475
vn -0.023321 -0.040394 -0.998912
vn -0.023321 -0.040394 -0.998912
vn -0.023321 -0.040394 -0.998912
vn -0.023321 -0.040394 -0.998912
vn -0.513955 -0.564303 -0.646075
vn -0.513955 -0.564303 -0.646075
vn -0.513955 -0.564303 -0.646075
vn -0.513955 -0.564303 -0.646075
vn -0.649316 -0.730886 -0.210223
vn -0.649316 -0.730886 -0.210223
vn -0.649316 -0.730886 -0.210223
vn -0.649316 -0.730886 -0.210223
vn -0.684572 -0.719341 0.117938
vn -0.684572 -0.719341 0.117938
vn -0.684572 -0.719341 0.117938
vn -0.684572 -0.719341 0.117938
vn -0.729553 -0.673358 0.119754
vn -0.729553 -0.673358 0.119754
vn -0.729553 -0.673358 0.119754
vn -0.729553 -0.673358 0.119754
vn -0.802717 -0.468488 0.369005
vn -0.802717 -0.468488 0.369005
vn -0.802717 -0.468488 0.369005
vn -0.802717 -0.468488 0.369005
vn 0.837676 0.546160 0.002952
vn 0.837676 0.546160 0.002952
vn 0.837676 0.546160 0.002952
vn 0.837676 0.546160 0.002952
vn -0.072402 0.937538 0.340264
vn -0.072402 0.937538 0.340264
vn -0.072402 0.937538 0.340264
vn -0.072402 0.937538 0.340264
vn -0.798716 0.392274 0.456261
vn -0.798716 0.392274 0.456261
vn -0.798716 0.392274 0.456261
vn -0.798716 0.392274 0.456261
vn -0.886603 0.024718 0.461870
vn -0.886603 0.024718 0.461870
vn -0.886603 0.024718 0.461870
vn -0.886603 0.024718 0.461870
vn -0.659073 -0.601909 0.450918
vn -0.659073 -0.601909 0.450918
vn -0.659073 -0.601909 0.450918
vn -0.659073 -0.601909 0.450918
vn -0.065624 0.922710 0.379868
vn -0.065624 0.922710 0.379868
vn -0.065624 0.922710 0.379868
vn -0.065624 0.922710 0.379868
vn -0.627926 0.356604 0.691768
vn -0.627926 0.356603 0.691768
vn -0.627926 0.356604 0.691768
vn -0.627926 0.356603 0.691768
vn -0.822626 -0.166379 0.543695
vn -0.822626 -0.166379 0.543695
vn -0.822626 -0.166379 0.543695
vn -0.822626 -0.166379 0.543695
vn -0.790172 -0.017509 0.612635
vn -0.790172 -0.017509 0.612635
vn -0.790172 -0.017509 0.612635
vn -0.790172 -0.017509 0.612635
vn 0.018821 -0.170544 -0.985170
vn 0.018821 -0.170544 -0.985170
vn 0.018821 -0.170544 -0.985170
vn 0.018821 -0.170544 -0.985170
vn 0.317137 0.320939 -0.892425
vn 0.317137 0.320939 -0.892425
vn 0.317137 0.320939 -0.892425
vn 0.317137 0.320939 -0.892425
vn 0.463571 0.531005 -0.709320
vn 0.463571 0.531005 -0.709320
vn 0.463571 0.531005 -0.709320
vn 0.463571 0.531005 -0.709320
vn 0.563258 0.627252 -0.537861
vn 0.563258 0.627252 -0.537861
vn 0.563259 0.627252 -0.537861
vn 0.563258 0.627252 -0.537861
vn 0.513491 0.855964 -0.060433
vn 0.513491 0.855964 -0.060433
vn 0.513491 0.855964 -0.060433
vn 0.513491 0.855964 -0.060433
vn 0.447001 0.893489 0.043219
vn 0.447001 0.893489 0.043219
vn 0.447001 0.893489 0.043219
vn 0.447001 0.893489 0.043219
vn 0.356087 0.917472 0.177335
vn 0.356087 0.917472 0.177335
vn 0.356087 0.917472 0.177335
vn 0.356087 0.917472 0.177335
vn 0.109935 0.847223 0.519737
vn 0.109935 0.847223 0.519737
vn 0.109935 0.847223 0.519737
vn 0.109935 0.847223 0.519737
vn -0.151586 0.488995 0.859015
vn -0.151586 0.488995 0.859015
vn -0.151586 0.488994 0.859015
vn -0.151586 0.488995 0.859015
vn -0.362243 -0.195755 0.911296
vn -0.362243 -0.195755 0.911296
vn -0.362243 -0.195755 0.911296
vn -0.362243 -0.195755 0.911296
vn -0.355624 -0.379683 0.854033
vn -0.355624 -0.379683 0.854033
vn -0.355624 -0.379683 0.854033
vn -0.355624 -0.379683 0.854033
vn -0.416041 -0.683384 0.599913
vn -0.416041 -0.683384 0.599913
vn -0.416041 -0.683384 0.599913
vn -0.416041 -0.683384 0.599913
vn -0.432798 -0.827101 0.358594
vn -0.432798 -0.827101 0.358594
vn -0.432798 -0.827101 0.358594
vn -0.432798 -0.827101 0.358594
vn -0.450195 -0.873449 0.185502
vn -0.450195 -0.873449 0.185502
vn -0.450195 -0.873449 0.185502
vn -0.450195 -0.873449 0.185502
vn -0.389583 -0.869822 -0.302714
vn -0.389583 -0.869821 -0.302714
vn -0.389583 -0.869821 -0.302714
vn -0.389583 -0.869821 -0.302714
vn -0.241829 -0.650564 -0.719921
vn -0.241829 -0.650564 -0.719921
vn -0.241829 -0.650564 -0.719921
vn -0.241829 -0.650564 -0.719921
vn -0.792503 -0.374922 0.481011
vn -0.638053 -0.671800 0.376262
vn -0.622980 -0.646631 0.440188
vn -0.770073 -0.354502 0.530392
vn -0.834848 -0.379349 0.398903
vn -0.665524 -0.683524 0.299786
vn -0.801720 -0.089761 0.590921
vn -0.857518 -0.091056 0.506332
vn -0.791534 -0.053791 0.608753
vn -0.408872 -0.841432 0.353294
vn -0.441168 -0.800849 0.404985
vn -0.646321 -0.596402 0.475998
vn -0.418292 -0.860393 0.291130
vn -0.801895 -0.308973 0.511370
vn -0.258365 -0.896615 0.359623
vn -0.277283 -0.873219 0.400754
vn -0.505725 -0.768132 0.392702
vn -0.236949 -0.924069 0.299919
vn -0.720039 -0.563035 0.405630
vn -0.095530 -0.905220 0.414067
vn -0.082545 -0.906927 0.413123
vn -0.246577 -0.884143 0.396851
vn -0.111742 -0.935372 0.335548
vn -0.504110 -0.802690 0.318686
vn -0.016945 -0.978349 0.206270
vn -0.113186 -0.951957 0.284548
vn -0.937131 0.200366 -0.285724
vn -0.837973 0.143151 -0.526602
vn -0.827576 -0.038235 -0.560050
vn -0.945328 -0.037263 -0.323984
vn -0.904743 0.334944 -0.263158
vn -0.824080 0.260079 -0.503240
vn -0.984879 0.165887 -0.049959
vn -0.942796 0.329199 -0.052566
vn -0.991023 -0.100010 -0.088721
vn -0.792345 -0.194595 -0.578206
vn -0.828007 -0.200062 -0.523812
vn -0.878171 -0.379689 -0.290952
vn -0.897238 -0.279446 -0.341869
vn -0.602183 -0.102944 -0.791694
vn -0.696425 0.026770 -0.717130
vn -0.636051 -0.093542 -0.765956
vn -0.859091 0.164158 -0.484784
vn -0.937662 -0.061180 -0.342122
vn -0.521079 0.228645 -0.822312
vn -0.631372 0.435414 -0.641704
vn -0.440659 -0.056131 -0.895918
vn -0.956403 -0.244216 -0.160164
vn -0.376906 0.586868 -0.716608
vn -0.401628 0.545822 -0.735373
vn -0.727750 0.384491 -0.567932
vn -0.333533 0.384687 -0.860681
vn -0.930316 0.140274 -0.338873
vn -0.973214 0.025242 -0.228512
vn -0.995936 -0.043172 -0.079048
vn -0.155335 0.582219 -0.798055
vn -0.197421 0.346363 -0.917092
vn -0.402941 0.279266 -0.871579
vn -0.134707 0.651796 -0.746335
vn -0.756903 0.108204 -0.644508
vn -0.936336 -0.089641 -0.339469
vn -0.951882 -0.131895 -0.276631
vn 0.240753 0.304253 -0.921666
vn 0.249249 -0.030883 -0.967947
vn -0.181426 -0.119576 -0.976108
vn 0.210714 0.534789 -0.818291
vn -0.348053 -0.157375 -0.924171
vn -0.668497 -0.285182 -0.686864
vn -0.860176 -0.349167 -0.371725
vn -0.877994 -0.315283 -0.360172
vn 0.058046 -0.488993 -0.870354
vn -0.195014 -0.472410 -0.859534
vn 0.476661 -0.271253 -0.836192
vn -0.502042 -0.467706 -0.727465
vn -0.804420 -0.416696 -0.423406
vn -0.830652 -0.403362 -0.383818
vn -0.218988 -0.744150 -0.631099
vn -0.613212 -0.629439 -0.477260
vn -0.033039 -0.741801 -0.669806
vn -0.524580 -0.761538 -0.380626
vn 0.644725 0.686912 -0.335382
vn 0.707025 0.660957 -0.251498
vn 0.949488 0.114482 -0.292177
vn 0.923833 0.154315 -0.350314
vn 0.359315 0.892890 -0.271369
vn 0.378813 0.908092 -0.178518
vn 0.601500 0.782399 -0.161398
vn 0.350351 0.909968 -0.221839
vn 0.961140 0.201058 -0.189174
vn -0.010020 -0.983261 0.181929
vn 0.125870 -0.969316 0.211147
vn 0.144971 -0.984267 0.101003
vn -0.063023 -0.930815 0.360017
vn 0.084517 -0.922244 0.377257
vn 0.002036 -0.834036 0.551707
vn 0.271758 -0.747965 0.605554
vn 0.356470 -0.847475 0.393338
vn -0.152673 -0.859817 0.487242
vn 0.380871 -0.895471 0.230366
vn -0.111981 0.312938 0.943149
vn 0.095439 0.373669 0.922639
vn 0.220633 0.649129 0.727979
vn -0.029742 0.655991 0.754183
vn -0.151943 -0.152279 0.976588
vn -0.027637 -0.128396 0.991338
vn -0.252758 0.278747 0.926506
vn -0.232781 -0.166305 0.958204
vn -0.213424 0.604499 0.767484
vn -0.375314 0.559580 0.738925
vn -0.311318 0.263776 0.912964
vn -0.277054 -0.211833 0.937213
vn -0.502434 0.204098 0.840181
vn -0.559671 -0.180437 0.808833
vn -0.671407 0.424609 0.607388
vn 0.285590 0.850635 0.441428
vn 0.048924 0.876915 0.478148
vn 0.439365 0.596268 0.671881
vn 0.513966 0.767530 0.383062
vn 0.355217 0.384623 0.851989
vn -0.155372 0.853551 0.497303
vn -0.437176 0.773861 0.458276
vn -0.750704 0.557172 0.354968
vn 0.536985 0.842005 0.051719
vn 0.314294 0.943243 0.107289
vn 0.815180 0.524878 0.244917
vn 0.817370 0.575143 -0.033434
vn 0.762410 0.373430 0.528471
vn 0.095816 0.985895 0.137226
vn -0.109090 0.984953 0.134041
vn -0.413881 0.902107 0.122084
vn -0.747790 0.658220 0.086925
vn 0.307149 0.949477 -0.064439
vn 0.096245 0.992725 -0.072347
vn 0.532308 0.842995 -0.077513
vn -0.074878 0.993564 -0.084990
vn -0.340627 0.936335 -0.085143
vn -0.686483 0.717038 -0.120826
vn 0.083468 0.994087 -0.069451
vn -0.075008 0.992961 -0.091666
vn 0.255322 0.965594 -0.049393
vn -0.308433 0.939040 -0.151898
vn -0.642228 0.713465 -0.280199
vn -0.132621 0.989785 0.052312
vn -0.399068 0.913738 -0.076336
vn 0.080014 0.991810 0.099555
vn -0.670799 0.688051 -0.276794
vn -0.740894 0.574174 0.348427
vn -0.814113 0.567920 -0.121192
vn -0.271452 0.769520 0.578060
vn 0.705922 0.012817 0.708174
vn 0.200781 -0.054219 0.978135
vn 0.346831 -0.499813 0.793659
vn -0.258452 0.234350 0.937167
vn -0.205571 0.188011 0.960413
vn -0.576091 0.182944 0.796650
vn -0.541855 0.217913 0.811731
vn -0.094640 0.268143 0.958719
vn -0.085747 0.220762 0.971551
vn -0.259676 0.207624 0.943112
vn -0.119173 0.212270 0.969917
vn -0.544704 0.172030 0.820794
vn -0.574843 0.079494 0.814393
vn -0.170463 -0.026890 0.984997
vn -0.907033 0.228688 0.353543
vn -0.772548 0.371285 0.515089
vn -0.542746 -0.223418 0.809637
vn -0.928943 -0.063211 0.364786
vn -0.229618 -0.418913 0.878514
vn -0.468250 -0.847187 0.251031
vn -0.379568 -0.910016 0.166731
vn -0.381481 -0.910180 0.161382
vn -0.509555 -0.852669 0.115369
vn -0.352848 -0.876953 0.326271
vn -0.306062 -0.941207 0.143024
vn -0.733366 -0.577417 0.358838
vn -0.469100 -0.655460 0.591876
vn -0.802967 -0.593395 0.055914
vn -0.707388 0.491036 0.508415
vn -0.874017 0.327593 0.358856
vn -0.877987 0.298591 0.374142
vn -0.723060 0.418485 0.549595
vn -0.683442 0.598165 0.418456
vn -0.865109 0.392071 0.312836
vn -0.477290 0.640950 0.601147
vn -0.450162 0.758523 0.471166
vn -0.506311 0.535493 0.675941
vn -0.876523 0.280504 0.391183
vn -0.730948 0.350309 0.585660
vn -0.519484 0.422858 0.742514
vn -0.872070 0.235177 0.429168
vn -0.724802 0.271626 0.633152
vn -0.509650 0.298330 0.807004
vn -0.866932 0.145893 0.476597
vn -0.703529 0.177973 0.688021
vn -0.480775 0.183819 0.857360
vn -0.859531 0.043021 0.509270
vn -0.685955 0.110345 0.719229
vn -0.441527 0.131050 0.887626
vn -0.685811 0.118388 0.718087
vn -0.428164 0.209298 0.879130
vn -0.679478 0.178896 0.711551
vn -0.462437 0.373401 0.804191
vn -0.697387 0.270011 0.663887
vn -0.525699 0.506055 0.683776
vn -0.832385 0.422008 0.359228
vn -0.627076 0.730052 0.271661
vn -0.700479 0.682964 -0.207096
vn -0.854066 0.469711 -0.223479
vn -0.649615 0.350072 0.674870
vn -0.476362 0.666757 0.573162
vn -0.922571 0.160125 0.351030
vn -0.682156 0.146858 0.716307
vn -0.953312 0.139589 -0.267789
vn -0.604132 0.498917 -0.621375
vn -0.732112 0.147738 -0.664970
vn -0.394955 0.757165 -0.520299
vn -0.007484 0.725376 -0.688313
vn -0.246416 0.561792 -0.789727
vn -0.394306 0.145974 -0.907312
vn -0.872124 0.140240 0.468757
vn -0.860996 0.259626 0.437357
vn -0.719504 0.276392 0.637120
vn -0.756053 0.210837 0.619623
vn -0.958473 0.072130 0.275910
vn -0.946210 0.221305 0.236031
vn -0.766188 -0.085428 0.636913
vn -0.885572 -0.279162 0.371255
vn -0.747629 0.095968 0.657146
vn -0.944260 0.232017 0.233542
vn -0.842311 0.253593 0.475608
vn -0.680145 0.245485 0.690754
vn -0.943282 -0.311008 0.116157
vn -0.993901 0.049677 0.098456
vn -0.983382 0.165589 0.074427
vn -0.981299 0.186305 0.048397
vn -0.994675 0.051401 -0.089333
vn -0.986482 0.108714 -0.122619
vn -0.977244 0.142245 -0.157354
vn -0.585556 0.016237 0.810469
vn -0.704516 0.091705 0.703738
vn -0.696697 0.229398 0.679699
vn -0.551770 0.287128 0.783012
vn -0.367069 -0.073966 0.927248
vn -0.438638 -0.445691 0.780356
vn -0.310609 0.311443 0.898067
vn -0.386742 0.275118 0.880194
vn -0.339608 -0.110132 0.934097
vn -0.204798 -0.532174 0.821492
vn -0.368369 -0.082883 0.925978
vn -0.211097 -0.479339 0.851864
vn -0.413061 0.202557 0.887891
vn -0.522472 0.553518 0.648568
vn -0.297958 0.592436 0.748492
vn -0.366846 0.583756 0.724329
vn -0.398907 0.525286 0.751630
vn -0.362628 0.452208 0.814867
vn -0.323705 0.150122 0.934173
vn -0.284940 -0.073727 0.955706
vn -0.218356 0.138765 0.965953
vn -0.147350 -0.056499 0.987470
vn -0.306875 0.418578 0.854763
vn 0.994727 0.079650 -0.064606
vn 0.986953 0.050593 -0.152850
vn 0.936251 -0.313905 -0.157792
vn 0.980581 -0.174440 -0.089618
vn 0.961639 0.272859 0.028262
vn 0.941980 0.318458 -0.106102
vn 0.998598 0.046688 0.024935
vn 0.981059 -0.020705 0.192598
vn 0.992483 -0.111772 -0.049856
vn 0.620133 -0.775218 -0.120300
vn 0.747748 -0.656067 -0.102219
vn 0.837471 -0.537938 -0.096249
vn 0.358329 -0.930064 -0.081120
vn 0.436528 -0.894337 -0.097999
vn 0.299553 -0.950183 -0.086143
vn 0.118567 -0.990792 -0.065364
vn 0.140412 -0.985572 -0.094506
vn 0.092710 -0.992367 -0.081319
vn -0.003349 -0.997901 -0.064668
vn 0.006167 -0.995154 -0.098133
vn -0.005870 -0.996507 -0.083298
vn 0.986145 0.022536 -0.164350
vn 0.878227 -0.433024 -0.202997
vn 0.948278 0.285935 -0.137877
vn 0.511512 -0.840568 -0.178329
vn 0.273161 -0.949005 -0.157394
vn 0.081273 -0.984786 -0.153597
vn -0.008105 -0.988533 -0.150787
vn -0.064375 -0.986151 -0.152849
vn -0.065915 -0.994416 -0.082418
vn -0.062937 -0.995155 -0.075543
vn -0.224082 -0.951706 -0.209863
vn -0.317167 -0.935586 -0.155191
vn -0.377315 -0.915969 -0.136509
vn -0.711784 -0.636169 -0.297747
vn -0.764596 -0.618098 -0.182614
vn -0.584683 -0.724304 -0.365417
vn -0.903218 -0.235826 -0.358585
vn -0.954558 -0.233439 -0.185274
vn -0.846806 -0.250762 -0.469083
vn -0.932660 0.180989 -0.312072
vn -0.973991 0.153626 -0.166557
vn -0.871568 0.209632 -0.443197
vn 0.988120 -0.020598 -0.152301
vn 0.853160 -0.473746 -0.218362
vn 0.961069 0.227462 -0.156864
vn 0.484406 -0.830690 -0.274418
vn 0.245686 -0.928380 -0.278837
vn 0.070227 -0.963463 -0.258472
vn -0.000468 -0.967277 -0.253724
vn -0.036158 -0.964554 -0.261398
vn -0.165131 -0.940129 -0.298142
vn -0.514685 -0.768606 -0.379927
vn 0.981575 0.159862 -0.104663
vn 0.988268 -0.082984 -0.128219
vn 0.864399 -0.466067 -0.188670
vn 0.515607 -0.815170 -0.263908
vn 0.203417 -0.939089 -0.277008
vn 0.058312 -0.961831 -0.267359
vn 0.016191 -0.958710 -0.283926
vn -0.015885 -0.951932 -0.305897
vn 0.990102 0.135354 0.037104
vn 0.987428 -0.136087 -0.080418
vn 0.857238 -0.503243 -0.109038
vn 0.519413 -0.844926 -0.127712
vn 0.175462 -0.973598 -0.146018
vn 0.048106 -0.985952 -0.159950
vn 0.962184 0.013494 0.272064
vn 0.969678 -0.229099 0.085076
vn 0.847117 -0.516856 0.123504
vn 0.515173 -0.850667 0.104698
vn 0.799213 0.559550 0.219459
vn 0.758363 0.651435 -0.022756
vn 0.845534 0.040930 0.532350
vn 0.768743 0.634198 -0.082630
vn 0.777664 0.616743 -0.121931
vn 0.161180 0.886491 -0.433767
vn 0.583311 0.670970 -0.457763
vn 0.467245 0.474379 -0.746087
vn 0.262351 0.964706 -0.022692
vn 0.507974 0.861291 0.011862
vn -0.286531 0.953456 -0.093929
vn -0.133606 0.941277 0.310076
vn 0.333767 0.315789 -0.888188
vn 0.128999 0.081766 -0.988268
vn 0.203794 -0.933471 -0.295127
vn 0.255833 -0.907671 -0.332691
vn 0.277051 -0.940343 0.197480
vn 0.245432 -0.947584 0.204569
vn 0.109521 -0.710275 -0.695352
vn 0.151619 -0.703730 -0.694100
vn 0.159010 -0.949805 -0.269420
vn 0.069835 -0.731205 -0.678574
vn 0.218305 -0.958916 0.181170
vn 0.311765 -0.894568 -0.320236
vn 0.310156 -0.937167 0.159754
vn 0.201374 -0.709881 -0.674920
vn 0.354816 -0.892280 -0.279180
vn 0.338932 -0.932443 0.125202
vn 0.260316 -0.728197 -0.634006
vn 0.254172 -0.930372 -0.264206
vn 0.236833 -0.964733 0.114896
vn 0.206808 -0.767880 -0.606293
vn -0.022395 -0.375036 -0.926740
vn -0.010103 -0.345724 -0.938282
vn -0.040035 -0.401039 -0.915186
vn 0.029072 -0.341906 -0.939284
vn 0.073683 -0.370448 -0.925926
vn 0.081406 -0.452424 -0.888080
vn -0.210971 0.092191 -0.973135
vn -0.182574 0.076171 -0.980237
vn -0.177758 0.079917 -0.980824
vn -0.146462 0.065938 -0.987016
vn -0.109705 0.037259 -0.993266
vn -0.336979 0.453339 -0.825184
vn -0.308403 0.402746 -0.861791
vn -0.294856 0.363367 -0.883756
vn -0.269636 0.353353 -0.895789
vn -0.226629 0.361217 -0.904523
vn -0.419106 0.647252 -0.636722
vn -0.408980 0.611769 -0.677107
vn -0.393386 0.596564 -0.699542
vn -0.364208 0.612867 -0.701246
vn -0.462672 0.780470 -0.420476
vn -0.469987 0.757793 -0.452617
vn -0.448721 0.763570 -0.464338
vn -0.478514 0.858884 -0.182600
vn -0.502966 0.841636 -0.196660
vn -0.479152 0.849874 -0.219379
vn -0.430164 0.812067 -0.394343
vn -0.430449 0.883871 -0.182993
vn -0.405264 0.658534 -0.634109
vn -0.362373 0.437521 -0.822959
vn -0.438878 0.585220 -0.681839
vn -0.454695 0.805515 -0.379999
vn -0.398005 0.319383 -0.859992
vn -0.264257 0.095248 -0.959737
vn -0.325898 0.042302 -0.944458
vn -0.298793 -0.008997 -0.954276
vn -0.409303 0.262199 -0.873913
vn -0.485784 0.498214 -0.718190
vn -0.060785 -0.414644 -0.907951
vn -0.107716 -0.433720 -0.894586
vn -0.070710 -0.457024 -0.886639
vn 0.000624 -0.447239 -0.894414
vn -0.256400 -0.012867 -0.966485
vn -0.414063 0.286862 -0.863865
vn 0.080138 -0.767696 -0.635784
vn 0.110011 -0.795656 -0.595675
vn 0.185060 -0.792377 -0.581285
vn 0.258938 -0.769007 -0.584448
vn 0.170261 -0.958982 -0.226637
vn 0.245627 -0.949114 -0.197105
vn 0.353931 -0.922687 -0.152913
vn 0.411746 -0.902372 -0.127240
vn -0.651108 -0.469048 0.596701
vn -0.579259 -0.307398 0.754961
vn -0.755396 -0.112348 0.645566
vn -0.814388 -0.300139 0.496678
vn -0.451219 -0.677308 0.581082
vn -0.359987 -0.518870 0.775360
vn -0.662832 -0.592626 0.457655
vn -0.545719 -0.740553 0.392138
vn -0.801850 -0.500672 0.326136
vn -0.464187 -0.125673 0.876776
vn -0.664640 0.072521 0.743636
vn -0.236552 -0.312841 0.919877
vn -0.114362 -0.111217 0.987194
vn -0.338848 0.048484 0.939591
vn -0.531508 0.260534 0.805991
vn -0.785907 0.258906 0.561532
vn -0.880475 0.057202 0.470630
vn -0.647769 0.440081 0.621871
vn -0.202808 0.223869 0.953285
vn -0.357787 0.453724 0.816164
vn -0.416109 0.625591 0.659916
vn 0.831995 -0.338447 0.439588
vn 0.443776 -0.764130 0.468153
vn 0.013349 -0.648791 0.760850
vn 0.079877 -0.899097 0.430400
vn 0.138182 -0.986758 0.084942
vn -0.105844 -0.629990 0.769357
vn -0.025247 -0.914518 0.403757
vn 0.023798 -0.996851 0.075641
vn -0.072694 -0.921769 0.380864
vn -0.013242 -0.998780 0.047575
vn -0.162169 -0.643994 0.747645
vn -0.110455 -0.936267 0.333472
vn -0.062139 -0.997996 0.011959
vn -0.209545 -0.643289 0.736390
vn -0.241255 -0.937485 0.250833
vn -0.175404 -0.983676 -0.040181
vn -0.462924 -0.599512 0.652906
vn -0.517872 -0.844837 0.134384
vn -0.542078 -0.835705 -0.088029
vn -0.822255 -0.425740 0.377680
vn -0.681090 0.003943 -0.732189
vn -0.438307 -0.176038 -0.881418
vn -0.495886 -0.179020 -0.849735
vn -0.382451 -0.328501 -0.863608
vn -0.290823 -0.210258 -0.933388
vn -0.286505 0.008844 -0.958038
vn -0.121979 0.071219 -0.989974
vn -0.120863 0.478093 -0.869954
vn -0.154723 -0.237472 -0.958993
vn 0.169865 0.158140 -0.972696
vn 0.164298 0.546869 -0.820939
vn 0.106833 -0.264225 -0.958526
vn 0.170632 0.642949 -0.746661
vn 0.262016 -0.262851 -0.928578
vn 0.411032 0.187175 -0.892199
vn 0.494361 0.484933 -0.721420
vn 0.597783 0.480669 -0.641571
vn 0.651855 0.320116 -0.687467
vn 0.650836 0.063706 -0.756541
vn 0.500610 -0.334577 -0.798403
vn 0.707349 0.065863 -0.703789
vn 0.815210 0.256533 -0.519253
vn 0.875575 0.208859 -0.435599
vn 0.884834 0.089955 -0.457140
vn -0.231011 0.113529 0.966305
vn -0.224834 0.168595 0.959701
vn -0.399514 0.143405 0.905441
vn -0.439724 0.058538 0.896223
vn -0.112900 0.111443 0.987337
vn -0.109347 0.173686 0.978712
vn -0.309884 -0.037214 0.950046
vn -0.149679 -0.011064 0.988673
vn -0.459665 -0.052526 0.886538
vn -0.584970 0.172773 0.792439
vn -0.493954 0.063867 0.867139
vn -0.460973 -0.236815 0.855232
vn -0.145704 -0.468572 0.871327
vn -0.302694 -0.422890 0.854132
vn -0.290437 -0.640026 0.711346
vn -0.096450 -0.684596 0.722514
vn -0.269019 -0.384359 0.883118
vn -0.351655 -0.267692 0.897040
vn -0.281822 -0.940257 0.191031
vn -0.067304 -0.956944 0.282362
vn -0.502777 -0.565003 0.654208
vn -0.422435 -0.906286 -0.013931
vn -0.483811 -0.391842 0.782552
vn -0.142624 -0.520703 -0.841740
vn -0.100800 -0.749969 -0.653748
vn 0.067412 -0.526066 -0.847768
vn -0.663536 -0.535323 0.522637
vn -0.455413 -0.859422 -0.232362
vn 0.255327 -0.628506 -0.734703
vn -0.084207 0.255482 0.963140
vn -0.108919 0.236521 0.965502
vn -0.087575 0.253907 0.963256
vn -0.177416 0.269495 0.946518
vn -0.168797 0.241172 0.955690
vn -0.230702 0.255486 0.938884
vn -0.256777 0.198321 0.945904
vn -0.548456 0.165126 0.819713
vn -0.503046 0.257294 0.825073
vn -0.127451 0.210251 0.969304
vn -0.439950 0.287221 0.850852
vn -0.826878 -0.214923 -0.519693
vn -0.818995 -0.248002 -0.517437
vn -0.899439 0.026787 -0.436226
vn -0.829925 0.073839 -0.552967
vn -0.782672 -0.430402 -0.449644
vn -0.729136 -0.397723 -0.556936
vn -0.811333 -0.143306 -0.566747
vn -0.787916 -0.388823 -0.477499
vn -0.769285 0.148248 -0.621469
vn -0.993864 -0.108710 -0.020410
vn -0.965270 -0.260993 -0.011704
vn -0.963273 -0.233255 0.133031
vn -0.989356 -0.071523 0.126726
vn -0.972766 -0.144821 -0.180980
vn -0.943041 -0.283690 -0.173764
vn -0.999407 0.000083 -0.034429
vn -0.978964 -0.047450 -0.198440
vn -0.992856 0.051416 0.107674
vn -0.994854 0.090440 -0.045675
vn -0.975201 0.035061 -0.218528
vn -0.986061 0.142566 0.085784
vn -0.987609 0.148751 -0.050021
vn -0.967914 0.096394 -0.232059
vn -0.979470 0.189437 0.068931
vn -0.988613 0.142096 -0.049525
vn -0.965481 0.106787 -0.237575
vn -0.982849 0.168224 0.075558
vn -0.987400 0.126342 0.095289
vn -0.995037 0.082639 -0.055435
vn -0.960244 0.068028 -0.270745
vn -0.986182 0.144189 0.081575
vn -0.993181 0.052948 -0.103866
vn -0.929909 -0.005061 -0.367755
vn -0.983198 0.181555 0.018962
vn -0.982825 0.036755 -0.180843
vn -0.896150 -0.104518 -0.431267
vn -0.965678 0.229772 -0.121120
vn -0.962306 0.011286 -0.271735
vn -0.863779 -0.214468 -0.455948
vn -0.932183 -0.180844 0.313576
vn -0.951323 -0.022849 0.307348
vn -0.956843 0.100591 0.272642
vn -0.953813 0.189108 0.233408
vn -0.951878 0.227634 0.205212
vn -0.955324 0.212715 0.205204
vn -0.954038 0.206390 0.217288
vn -0.141083 -0.694196 0.705824
vn 0.011929 -0.479504 0.877459
vn -0.269951 -0.826207 0.494479
vn 0.041774 0.092210 0.994863
vn -0.044258 0.392248 0.918794
vn -0.103662 0.598451 0.794425
vn 0.167975 0.339676 0.925421
vn 0.170172 0.588828 0.790141
vn 0.120997 0.773713 0.621874
vn -0.135575 0.750847 0.646412
vn 0.074580 0.904986 0.418854
vn -0.168262 0.875267 0.453427
vn -0.461505 0.766066 0.447387
vn -0.195571 0.944267 0.264786
vn 0.016327 0.978542 0.205402
vn -0.505312 0.838823 0.202571
vn -0.208467 0.976629 0.052314
vn -0.450758 0.890541 -0.061269
vn -0.089454 0.994498 -0.054517
vn -0.692789 0.711587 0.116997
vn -0.701759 0.592554 0.395493
vn -0.613029 0.775986 -0.148461
vn -0.842950 0.536771 0.036235
vn -0.847896 0.417541 0.326700
vn -0.761178 0.603780 -0.236765
vn -0.945508 0.324289 -0.029172
vn -0.953921 0.201072 0.222722
vn -0.860231 0.415505 -0.295566
vn -0.992094 0.094566 -0.082506
vn -0.992624 -0.033115 0.116623
vn -0.918484 0.177191 -0.353540
vn -0.450813 0.882492 -0.134074
vn -0.522650 0.773775 -0.357924
vn -0.493519 0.868719 -0.042029
vn -0.506394 0.476718 -0.718544
vn -0.549175 0.773243 -0.317021
vn -0.256257 0.926111 0.276859
vn -0.246608 0.966381 0.072746
vn -0.390520 0.918508 0.061945
vn -0.422536 0.864245 0.273028
vn -0.128556 0.952347 0.276603
vn -0.128693 0.988796 0.075631
vn -0.262628 0.835787 0.482169
vn -0.123437 0.868288 0.480458
vn -0.233651 0.964168 -0.125646
vn -0.362323 0.919434 -0.152853
vn -0.117910 0.986287 -0.115477
vn -0.214039 0.924237 -0.316185
vn -0.330902 0.877606 -0.346859
vn -0.103712 0.948821 -0.298299
vn -0.093839 0.890450 -0.445301
vn -0.190397 0.866755 -0.460961
vn -0.291080 0.824437 -0.485362
vn -0.081659 0.812583 -0.577097
vn -0.159071 0.803390 -0.573812
vn -0.244659 0.772524 -0.585960
vn -0.058552 0.716007 -0.695633
vn -0.116943 0.721207 -0.682777
vn -0.193787 0.711577 -0.675355
vn -0.057402 0.613744 -0.787416
vn -0.139198 0.603884 -0.784823
vn -0.255871 0.620530 -0.741265
vn -0.090422 0.512762 -0.853756
vn -0.199101 0.498170 -0.843911
vn -0.302371 0.529960 -0.792284
vn -0.126962 0.329031 -0.935745
vn -0.238073 0.382524 -0.892747
vn -0.371686 0.417052 -0.829408
vn -0.273344 0.195750 -0.941788
vn -0.447018 0.262558 -0.855125
vn -0.144638 0.139039 -0.979667
vn -0.327873 0.003929 -0.944714
vn -0.498465 0.052701 -0.865307
vn -0.159534 0.017206 -0.987042
vn -0.110096 0.092071 0.989647
vn -0.127119 0.165054 0.978058
vn -0.257118 0.174355 0.950521
vn -0.231377 0.112635 0.966322
vn -0.095761 0.207684 0.973497
vn -0.235718 0.215163 0.947704
vn -0.131584 0.315793 0.939660
vn -0.281899 0.311179 0.907580
vn -0.130037 0.489422 0.862297
vn -0.297259 0.469833 0.831200
vn -0.128124 0.647402 0.751303
vn -0.293098 0.612697 0.733959
vn -0.123655 0.764349 0.632835
vn -0.274468 0.727435 0.628892
vn -0.178661 -0.198562 -0.963667
vn -0.365278 -0.164346 -0.916277
vn -0.175753 -0.456387 -0.872251
vn -0.361210 -0.370283 -0.855814
vn -0.166812 -0.676605 -0.717202
vn -0.355355 -0.648315 -0.673358
vn -0.152127 -0.871328 -0.466525
vn -0.345344 -0.823276 -0.450504
vn -0.275537 0.447763 0.850639
vn -0.105227 0.478265 0.871889
vn -0.323387 0.664962 0.673236
vn -0.146126 0.750803 0.644160
vn -0.399080 0.884229 0.242639
vn -0.201753 0.966004 0.161656
vn -0.340214 0.708699 -0.618061
vn -0.208277 0.666866 -0.715479
vn -0.215963 0.142418 -0.965959
vn -0.121728 0.046049 -0.991495
vn -0.280763 0.093688 -0.955193
vn -0.176924 0.111707 -0.977865
vn -0.665293 0.608472 0.432606
vn -0.770307 0.607869 -0.192672
vn -0.456299 0.108090 -0.883237
vn -0.323376 0.700608 -0.636063
vn -0.377451 0.767314 -0.518420
vn -0.439231 0.813976 -0.380158
vn -0.507113 0.840979 -0.188656
vn -0.572651 0.818710 0.042255
vn -0.636587 0.727687 0.255400
vn -0.785622 0.352897 0.508194
vn -0.917563 0.319406 0.236767
vn -0.707056 -0.460411 -0.536743
vn -0.762091 -0.500118 -0.411217
vn -0.713299 -0.332524 -0.616954
vn -0.603610 -0.677058 -0.421007
vn -0.647695 -0.685115 -0.333332
vn -0.544024 -0.572346 -0.613562
vn -0.474308 -0.763100 -0.438987
vn -0.562438 -0.308390 -0.767176
vn -0.693069 -0.126736 -0.709643
vn -0.530446 -0.132652 -0.837276
vn -0.639755 0.147930 -0.754208
vn -0.590561 0.283036 -0.755731
vn -0.720337 0.255062 -0.645026
vn -0.617446 0.466632 -0.633257
vn -0.507371 0.429328 -0.747162
vn -0.468046 0.678001 -0.566787
vn -0.391941 0.604321 -0.693670
vn -0.314936 -0.882696 -0.348802
vn -0.482367 -0.803867 -0.348023
vn -0.127756 -0.941329 -0.312376
vn -0.112522 -0.923240 -0.367377
vn -0.289247 -0.874549 -0.389230
vn -0.501420 -0.762608 -0.408665
vn -0.103949 -0.809979 -0.577173
vn -0.262602 -0.764057 -0.589285
vn 0.759070 0.492914 -0.425264
vn 0.700526 0.712108 0.046525
vn 0.871660 0.479134 0.103148
vn 0.883246 0.315203 -0.347166
vn 0.654164 0.253460 -0.712620
vn 0.727032 0.178816 -0.662910
vn 0.521009 0.057998 -0.851579
vn 0.269334 -0.130452 -0.954171
vn -0.273835 0.250016 0.928712
vn -0.251708 0.577735 0.776444
vn -0.518756 0.389406 0.761088
vn -0.541143 -0.055171 0.839119
vn -0.243598 -0.101275 0.964574
vn -0.365256 -0.399099 0.841016
vn -0.211002 0.870193 0.445243
vn -0.418455 0.783230 0.459834
vn -0.741627 0.557266 0.373422
vn -0.741637 0.192120 0.642701
vn -0.561220 -0.146041 0.814680
vn -0.192759 0.939861 0.281966
vn -0.324430 0.910365 0.256869
vn -0.625228 0.761136 0.172515
vn -0.791320 0.582812 0.184781
vn -0.844185 0.454194 0.284710
vn -0.745282 0.254242 0.616373
vn -0.214720 0.837689 0.502168
vn -0.313093 0.817113 0.484044
vn -0.521612 0.710268 0.472694
vn -0.683664 0.518477 0.513600
vn -0.690504 0.492610 0.529660
vn -0.619483 0.678745 0.394393
vn -0.602389 0.669031 0.435345
vn -0.169130 0.664397 0.727992
vn -0.242855 0.610404 0.753942
vn -0.349445 0.529395 0.773065
vn -0.489465 0.402875 0.773380
vn -0.725841 0.281746 0.627514
vn -0.890398 0.258923 0.374367
vn -0.700637 0.602673 0.381960
vn -0.502388 0.761420 0.409689
vn -0.088507 0.592462 0.800722
vn -0.152383 0.546469 0.823499
vn -0.240570 0.487999 0.839037
vn -0.440443 0.415832 0.795672
vn -0.753676 0.279163 0.595013
vn -0.050038 0.623177 0.780479
vn -0.112018 0.600335 0.791865
vn -0.192167 0.562900 0.803875
vn -0.503569 -0.039214 0.863064
vn -0.593101 0.428661 0.681529
vn -0.547643 0.065037 0.834181
vn -0.457155 -0.752389 0.474256
vn -0.468807 -0.872126 0.140060
vn -0.592559 -0.788167 -0.166332
vn -0.966289 -0.241071 -0.090386
vn -0.630753 -0.536864 -0.560292
vn -0.870966 -0.148478 -0.468372
vn -0.887826 0.050768 -0.457371
vn -0.864545 0.069022 -0.497793
vn -0.846630 0.120986 -0.518248
vn -0.049185 -0.879847 0.472706
vn 0.012416 -0.992146 0.124464
vn -0.043762 -0.970982 -0.235113
vn 0.066964 -0.856163 0.512348
vn -0.122063 -0.781078 -0.612387
vn -0.439615 0.167589 -0.882413
vn -0.517708 0.100010 -0.849692
vn -0.667173 0.262398 -0.697157
vn -0.612319 0.295067 -0.733486
vn -0.343415 0.025345 -0.938842
vn -0.395459 -0.112316 -0.911590
vn -0.383973 0.247325 -0.889604
vn -0.576959 0.303632 -0.758239
vn 0.144331 -0.781861 0.606516
vn 0.156830 -0.730901 0.664220
vn 0.202938 -0.703406 0.681203
vn 0.233728 -0.719164 0.654350
vn 0.224107 -0.735377 0.639528
vn -0.021141 -0.375597 0.926542
vn 0.074705 -0.342225 0.936644
vn -0.125169 -0.427216 0.895444
vn 0.126479 -0.310596 0.942090
vn 0.146411 -0.291328 0.945353
vn -0.052937 -0.022759 0.998339
vn 0.017153 -0.007020 0.999828
vn 0.075377 -0.011234 0.997092
vn -0.129311 0.159559 0.978683
vn -0.054256 0.184915 0.981256
vn -0.007348 0.211591 0.977331
vn -0.229163 0.403081 0.886008
vn -0.167875 0.413968 0.894678
vn -0.485132 0.864071 0.134271
vn -0.473127 0.867421 0.154051
vn -0.448176 0.887770 0.104895
vn -0.379787 0.720044 0.580774
vn -0.395202 0.710427 0.582331
vn -0.458425 0.870068 0.181185
vn -0.371960 0.738690 0.562123
vn -0.451509 0.861209 -0.233363
vn -0.419327 0.781274 -0.462358
vn -0.391608 0.714341 0.579965
vn -0.412589 0.889923 0.194441
vn -0.393178 0.895863 -0.206979
vn -0.377986 0.808376 -0.451281
vn -0.328133 0.921196 0.209111
vn -0.299475 0.943032 -0.144934
vn -0.361555 0.746993 0.557924
vn -0.293240 0.859606 -0.418435
vn -0.321427 0.793662 0.516513
vn -0.257275 0.945708 0.198612
vn -0.217848 0.971539 -0.093026
vn -0.185576 0.903091 -0.387282
vn -0.172225 0.982425 -0.071969
vn -0.115855 0.919414 -0.375839
vn -0.224340 0.956711 0.185405
vn -0.302406 0.940561 0.154586
vn -0.263376 0.962406 -0.066389
vn -0.250555 0.902581 -0.350100
vn -0.732971 -0.623425 0.272204
vn -0.724344 -0.619435 0.302698
vn -0.872238 -0.484214 0.068829
vn -0.817698 -0.574438 0.037292
vn -0.539913 -0.603058 0.587209
vn -0.462670 -0.726541 0.508011
vn -0.972060 -0.057755 0.227516
vn -0.953481 -0.297736 0.047190
vn -0.993695 0.107338 -0.032370
vn -0.944563 0.327291 -0.026092
vn -0.962216 -0.218326 0.162711
vn -0.914453 -0.377786 -0.145099
vn -0.814287 -0.376923 0.441436
vn -0.861161 -0.492424 -0.126179
vn -0.944534 -0.324949 -0.047574
vn -0.999563 -0.013245 -0.026418
vn -0.991955 0.075123 -0.101895
vn -0.984162 0.141760 -0.106442
vn -0.974887 0.042888 0.218531
vn -0.982861 -0.051151 -0.177110
vn -0.905330 -0.258560 -0.336934
vn -0.943479 -0.233054 -0.235654
vn -0.962853 -0.219930 -0.156666
vn -0.776463 -0.532735 -0.336599
vn -0.706262 -0.651162 -0.277815
vn -0.493832 -0.826718 -0.269570
vn -0.105995 0.220713 0.969562
vn -0.199138 0.206624 0.957941
vn -0.336106 -0.924928 0.177596
vn -0.406454 -0.907959 0.102004
vn -0.337944 -0.940067 -0.045484
vn -0.282149 -0.956622 0.072571
vn -0.350950 -0.919908 0.174939
vn -0.397353 -0.900851 0.174864
vn -0.364412 -0.922427 0.127801
vn -0.335092 -0.941127 0.044639
vn -0.308762 -0.946815 -0.090597
vn -0.432362 -0.894023 -0.117418
vn -0.476519 -0.879106 -0.010139
vn -0.752702 -0.654979 -0.066648
vn -0.711452 -0.682180 -0.168721
vn -0.128782 -0.408885 -0.903453
vn -0.062094 -0.003226 -0.998065
vn -0.106330 0.021764 -0.994093
vn -0.425856 -0.170062 -0.888665
vn -0.191293 0.175003 -0.965806
vn -0.164318 0.357131 -0.919488
vn -0.102797 0.376020 -0.920892
vn -0.113168 0.441107 -0.890290
vn -0.319301 0.626606 -0.710924
vn -0.245611 0.647733 -0.721191
vn -0.133652 0.695757 -0.705733
vn -0.250305 0.758130 -0.602152
vn -0.567294 0.772078 -0.286483
vn -0.533896 0.645077 -0.546654
vn -0.090107 0.748143 -0.657391
vn -0.213405 0.504276 -0.836758
vn -0.429893 0.477777 -0.766108
vn -0.235766 0.285152 -0.929033
vn -0.150738 0.288191 -0.945634
vn -0.099083 0.208003 -0.973097
vn -0.093230 0.230770 -0.968531
vn -0.231452 0.184515 -0.955188
vn -0.081044 0.191522 -0.978137
vn -0.090361 0.157320 -0.983405
vn -0.262129 0.120650 -0.957461
vn -0.241579 0.162022 -0.956759
vn -0.411230 -0.883941 -0.222572
vn -0.717395 -0.643982 -0.265765
vn -0.963886 -0.194568 -0.181843
vn -0.978988 -0.180728 -0.094442
vn -0.947227 -0.157615 -0.279139
vn -0.899986 0.411046 -0.145142
vn -0.922927 0.381702 -0.050102
vn -0.872377 0.409630 -0.266762
vn -0.408445 -0.841831 -0.352837
vn -0.676230 -0.611182 -0.411302
vn -0.858717 -0.118187 -0.498634
vn -0.762106 0.385988 -0.519815
vn -0.565423 0.820122 -0.087732
vn -0.571464 -0.542318 -0.615890
vn -0.734395 -0.089104 -0.672848
vn -0.368479 -0.732642 -0.572240
vn -0.645276 0.297560 -0.703617
vn -0.400615 -0.474277 -0.783945
vn -0.482373 -0.085190 -0.871814
vn -0.247984 -0.598724 -0.761600
vn 0.579086 -0.406285 -0.706818
vn 0.227566 -0.653784 -0.721651
vn 0.804787 -0.114740 -0.582368
vn 0.973686 -0.053625 -0.221497
vn 0.906005 -0.257965 -0.335572
vn 0.647249 -0.607452 -0.460511
vn 0.267342 -0.851554 -0.450981
vn 0.025892 -0.916462 -0.399284
vn -0.106403 -0.926197 -0.361715
vn 0.915658 -0.366819 -0.164360
vn 0.597556 -0.757770 -0.262128
vn 0.990875 -0.122749 -0.055677
vn 0.229918 -0.937058 -0.262792
vn 0.030307 -0.967011 -0.252924
vn 0.993361 -0.103825 -0.049538
vn 0.889156 -0.438604 -0.130492
vn 0.995165 -0.098001 -0.006518
vn 0.998707 -0.037850 0.033929
vn 0.977208 0.010263 -0.212036
vn 0.510780 -0.840426 -0.181075
vn 0.980989 -0.170171 0.093291
vn 0.986118 -0.157636 -0.052171
vn -0.882557 -0.039865 -0.468512
vn -0.492804 -0.250646 -0.833259
vn -0.199685 0.270986 -0.941643
vn -0.042390 0.658918 0.751019
vn -0.089479 0.642600 0.760959
vn -0.054946 0.718844 0.692997
vn -0.086366 0.714758 0.694019
vn -0.101382 0.804043 0.585863
vn -0.111041 0.876995 0.467492
vn -0.197706 0.844174 0.498280
vn -0.180460 0.767802 0.614747
vn -0.080498 0.805773 0.586728
vn -0.091276 0.888717 0.449278
vn -0.180225 0.674542 0.715900
vn -0.177717 0.608924 0.773065
vn -0.262647 0.905180 0.334165
vn -0.516018 0.780053 0.353897
vn -0.418412 0.728796 0.542021
vn -0.122128 0.938103 0.324111
vn -0.378365 0.656858 0.652210
vn -0.373897 0.565003 0.735509
vn -0.411209 0.496610 0.764386
vn -0.446330 0.452395 0.772094
vn -0.770858 0.486458 0.411262
vn -0.737225 0.360493 0.571440
vn -0.561985 0.804232 0.193348
vn -0.781105 0.565395 0.264961
vn -0.331942 0.929035 0.163428
vn -0.722071 0.314448 0.616227
vn -0.710367 0.291738 0.640522
vn -0.703666 0.255318 0.663074
vn -0.743638 0.251529 0.619464
vn -0.924731 0.061403 0.375636
vn -0.867774 -0.129503 0.479790
vn -0.807737 0.570752 0.147660
vn -0.939392 0.190024 0.285366
vn -0.575744 0.815029 0.065166
vn -0.837408 -0.293151 0.461314
vn -0.905308 -0.278509 0.320704
vn -0.953451 -0.176842 0.244250
vn -0.943485 -0.118607 0.309464
vn -0.957125 -0.001366 0.289674
vn -0.768551 -0.364676 0.525681
vn -0.629998 -0.644816 0.432798
vn -0.915833 0.357655 0.182573
vn -0.748510 -0.062418 0.660180
vn -0.807705 0.589252 0.019899
vn -0.558741 -0.755344 0.342438
vn -0.634102 -0.740519 0.222589
vn -0.771904 -0.634119 0.045356
vn -0.832928 -0.535362 -0.140067
vn -0.868124 -0.445200 -0.219449
vn -0.932129 -0.272068 -0.238986
vn -0.335978 -0.911043 0.238997
vn -0.469633 -0.881996 0.039078
vn -0.261270 -0.862285 0.433824
vn -0.582964 -0.800770 -0.137556
vn -0.666126 -0.682820 -0.300055
vn -0.743389 -0.517809 -0.423376
vn -0.823209 -0.318361 -0.470079
vn -0.610416 -0.783405 -0.116914
vn -0.692187 -0.667237 -0.275086
vn -0.508670 -0.858776 0.061314
vn -0.743089 -0.517315 -0.424503
vn -0.792992 -0.296343 -0.532301
vn -0.865492 -0.407509 -0.291307
vn -0.853468 -0.243320 -0.460856
vn -0.838664 -0.527691 -0.134851
vn 0.347942 0.920671 0.176920
vn 0.615517 0.730399 0.296068
vn 0.689851 0.719728 0.078091
vn 0.376034 0.925261 0.049905
vn 0.272957 0.913957 0.300295
vn 0.465030 0.744385 0.479205
vn 0.170296 0.979130 0.110920
vn 0.157957 0.967979 0.195107
vn 0.183345 0.982028 0.044774
vn 0.710607 0.695530 -0.106191
vn 0.384037 0.920920 -0.066496
vn 0.972898 0.207381 0.102286
vn 0.980176 0.145839 -0.134114
vn 0.881151 0.246997 0.403193
vn 0.845719 -0.516309 -0.134849
vn 0.488681 -0.863917 -0.121816
vn 0.421663 -0.875598 -0.235644
vn 0.785074 -0.553345 -0.278330
vn 0.875668 -0.475221 0.085852
vn 0.531828 -0.845755 0.043102
vn 0.380540 -0.797268 -0.468564
vn 0.655619 -0.624791 -0.424027
vn 0.264476 -0.934815 -0.237011
vn 0.315152 -0.834606 -0.451787
vn 0.303774 -0.945707 -0.115583
vn 0.267192 -0.745837 -0.610193
vn -0.896893 0.274610 -0.346658
vn -0.803954 0.257617 -0.535996
vn -0.948220 0.245379 0.201665
vn -0.940529 0.314142 0.129306
vn -0.901365 0.431403 -0.037853
vn -0.806062 0.525516 -0.272209
vn -0.705608 0.522101 -0.479090
vn -0.834672 0.510722 0.206121
vn -0.762689 0.646655 0.011962
vn -0.659294 0.718858 -0.220394
vn -0.554572 0.721580 -0.414454
vn -0.885660 -0.455509 0.090103
vn -0.800648 -0.513875 0.308051
vn -0.894471 -0.285252 0.344315
vn -0.962544 -0.253884 0.095140
vn -0.784328 -0.610600 0.109530
vn -0.703682 -0.648934 0.289338
vn -0.912166 -0.394498 -0.111017
vn -0.802909 -0.592372 -0.066585
vn -0.976999 -0.179806 -0.114645
vn -0.941522 -0.109166 -0.318777
vn -0.851176 -0.381466 -0.360532
vn -0.732203 -0.598599 -0.324897
vn -0.869224 -0.031889 -0.493389
vn -0.739108 -0.345000 -0.578527
vn -0.568929 -0.587122 -0.575854
vn -0.781528 0.107261 -0.614581
vn -0.622776 -0.193915 -0.757989
vn -0.439883 -0.408217 -0.799914
vn -0.957263 0.178674 -0.227427
vn -0.902889 0.291934 -0.315542
vn -0.995240 0.038370 -0.089584
vn -0.853984 0.378479 -0.357023
vn -0.691213 0.286521 -0.663423
vn -0.512235 0.067388 -0.856197
vn -0.810353 0.440540 -0.386331
vn -0.889487 0.441749 -0.116921
vn -0.844310 0.522107 -0.120598
vn -0.860133 0.498738 -0.106923
vn -0.870341 0.473345 -0.135835
vn -0.896756 0.442086 -0.019738
vn -0.856737 0.514492 -0.036040
vn -0.883595 0.446355 -0.141519
vn -0.873770 0.485918 0.020246
vn -0.811121 0.421776 -0.405201
vn -0.712323 -0.521305 0.469933
vn -0.807995 -0.286242 0.514985
vn -0.607101 -0.647734 0.460292
vn -0.916169 -0.077228 0.393282
vn -0.988872 -0.075484 0.128199
vn -0.846960 -0.045964 0.529666
vn -0.845764 0.104015 0.523320
vn -0.889565 0.109702 0.443440
vn -0.961528 0.161788 0.222008
vn -0.958750 0.284000 -0.011933
vn -0.794763 0.358224 0.489926
vn -0.782169 0.406256 0.472407
vn -0.813881 0.474435 0.335423
vn -0.827558 0.540845 0.150447
vn -0.787415 0.616366 0.008347
vn -0.792978 0.609226 -0.005503
vn -0.588841 0.696841 0.409486
vn -0.646285 0.686489 0.333241
vn -0.585486 0.674340 0.449969
vn -0.693164 0.690769 0.205822
vn -0.784862 0.610713 0.104981
vn -0.896850 0.434841 0.081082
vn -0.916719 0.397671 0.038522
vn -0.869689 0.493321 -0.016600
vn -0.366688 0.819097 0.441158
vn -0.456346 0.750016 0.478774
vn -0.392196 0.830049 0.396485
vn -0.600620 0.658175 0.453940
vn -0.765943 0.549207 0.334220
vn -0.887845 0.374452 0.267427
vn -0.910932 0.335685 0.239829
vn -0.249533 0.908045 0.336434
vn -0.187168 0.884860 0.426605
vn -0.242422 0.771829 0.587803
vn -0.420525 0.564029 0.710655
vn -0.582847 0.441645 0.682084
vn -0.633319 0.260848 0.728605
vn -0.651333 0.125278 0.748378
vn -0.021890 0.970272 0.241023
vn 0.038241 0.923887 0.380750
vn 0.045482 0.771719 0.634335
vn 0.058348 0.477304 0.876799
vn 0.048915 0.311976 0.948830
vn 0.109191 0.040115 0.993211
vn 0.135840 0.977522 0.161243
vn 0.193868 0.907387 0.372913
vn 0.218693 0.754458 0.618843
vn 0.288186 0.490471 0.822427
vn 0.327461 0.259052 0.908659
vn -0.429269 -0.894358 0.125903
vn -0.411204 -0.901217 0.136818
vn -0.530312 -0.794884 0.294835
vn -0.571226 -0.792439 0.213869
vn -0.351175 -0.930514 0.104024
vn -0.358438 -0.930138 0.079791
vn -0.459433 -0.878309 0.132267
vn -0.359626 -0.922581 0.139688
vn -0.616289 -0.778030 0.121890
vn 0.094683 -0.980527 0.172051
vn 0.085274 -0.992398 0.088738
vn 0.171733 -0.980190 0.098666
vn 0.162131 -0.974943 0.152315
vn 0.140539 -0.943378 0.300477
vn 0.250041 -0.938553 0.237904
vn 0.085153 -0.996339 0.007646
vn 0.172235 -0.985035 0.006483
vn 0.395152 -0.835583 0.381649
vn 0.217472 -0.828339 0.516294
vn 0.645112 -0.411998 0.643496
vn 0.346224 -0.396381 0.850301
vn 0.365517 0.283967 0.886431
vn 0.673501 0.279781 0.684192
vn 0.302765 -0.943274 0.136264
vn 0.507398 -0.834725 0.213969
vn 0.826872 -0.435123 0.356301
vn 0.252749 0.771397 0.584007
vn 0.146981 0.928944 0.339795
vn 0.099826 0.973713 0.204740
vn 0.307582 -0.951431 0.013115
vn 0.175617 -0.980579 -0.087311
vn 0.164807 -0.975954 -0.142660
vn 0.087015 -0.993555 -0.072635
vn 0.103013 -0.983021 -0.151849
vn 0.146390 -0.954039 -0.261497
vn 0.181877 -0.891807 -0.414249
vn -0.747160 0.658609 -0.089369
vn -0.562383 0.815022 -0.139518
vn -0.579412 0.810607 0.084847
vn -0.733892 0.679175 0.011150
vn -0.577251 0.814519 -0.057792
vn -0.520365 0.564658 0.640611
vn -0.753874 0.500109 0.426105
vn -0.333370 0.927243 0.170544
vn -0.146389 0.630524 0.762240
vn -0.388142 0.912281 -0.130723
vn -0.896587 0.387766 0.213937
vn -0.979280 0.202381 0.007299
vn -0.917581 -0.279462 0.282748
vn -0.875102 -0.383480 -0.295193
vn -0.915311 0.138439 -0.378206
vn -0.756462 -0.013537 0.653897
vn -0.631724 -0.269642 -0.726787
vn -0.664080 0.231511 -0.710915
vn -0.641692 0.388565 -0.661248
vn -0.889867 -0.321313 0.323874
vn -0.828441 -0.480289 -0.288111
vn -0.652440 -0.055729 0.755789
vn -0.928945 -0.139681 0.342857
vn -0.925994 -0.256413 -0.277105
vn -0.649323 0.010379 0.760442
vn -0.320416 -0.126359 -0.938812
vn -0.453473 0.304957 -0.837474
vn -0.964947 0.159433 0.208467
vn -0.865584 0.035975 0.499470
vn -0.977519 0.209788 -0.021124
vn -0.948560 0.214073 -0.233252
vn -0.888027 0.217385 -0.405156
vn -0.841799 -0.311356 -0.440944
vn -0.142839 -0.930945 -0.336063
vn -0.520200 -0.767388 -0.374843
vn -0.877864 -0.341823 -0.335428
vn 0.015271 -0.984685 -0.173674
vn -0.028604 -0.979407 -0.199860
vn -0.155726 -0.958760 -0.237759
vn -0.543397 -0.795971 -0.266740
vn -0.918926 -0.347322 -0.186930
vn -0.934746 -0.354511 0.023931
vn 0.395308 -0.266094 0.879162
vn 0.141143 -0.473009 0.869679
vn 0.109979 0.766370 0.632915
vn 0.339844 0.781736 0.522871
vn 0.304074 -0.695733 0.650764
vn 0.159353 -0.740586 0.652794
vn 0.555647 -0.148042 0.818132
vn 0.470778 -0.621149 0.626532
vn 0.546890 0.732890 0.404702
vn 0.708537 -0.502862 0.495081
vn 0.876524 -0.398900 0.269413
vn 0.224770 0.970113 0.091426
vn 0.489949 0.870794 0.040849
vn 0.515650 0.855778 -0.041822
vn -0.083817 -0.478039 0.874330
vn -0.213720 -0.723669 0.656222
vn 0.045337 -0.232264 0.971596
vn 0.260484 0.003478 0.965472
vn 0.140154 -0.252168 0.957480
vn -0.150004 -0.957593 -0.245997
vn 0.174323 -0.970018 -0.169341
vn 0.025549 -0.987548 -0.155228
vn -0.141527 -0.974513 -0.174051
vn -0.442270 -0.866684 -0.230773
vn -0.093870 -0.987973 -0.122870
vn -0.400323 -0.896045 -0.191950
vn -0.723010 -0.659380 -0.206092
vn 0.937799 -0.286031 -0.196775
vn 0.922284 -0.378230 0.079583
vn 0.954221 0.034111 -0.297152
vn 0.886829 -0.112660 -0.448155
vn -0.118587 -0.516150 -0.848249
vn -0.170840 -0.445704 -0.878727
vn -0.163621 -0.277358 -0.946732
vn -0.297585 -0.532335 -0.792504
vn -0.131782 0.074408 -0.988482
vn -0.274966 0.186974 -0.943098
vn -0.129804 0.369942 -0.919942
vn -0.247860 0.382129 -0.890249
vn -0.090380 0.572704 -0.814765
vn -0.006440 0.527407 -0.849589
vn -0.086249 -0.678841 -0.729202
vn -0.230076 -0.623964 -0.746816
vn -0.058201 -0.490783 -0.869336
vn -0.189175 -0.440820 -0.877434
vn -0.356556 -0.348262 -0.866938
vn -0.423527 -0.514185 -0.745814
vn -0.122468 -0.170063 -0.977794
vn -0.265813 -0.097585 -0.959073
vn -0.030035 -0.200414 -0.979251
vn -0.474875 -0.640187 -0.603866
vn -0.422623 -0.049881 -0.904932
vn -0.487868 -0.263649 -0.832151
vn -0.220083 0.116105 -0.968547
vn -0.427235 0.101536 -0.898421
vn -0.071508 0.107874 -0.991589
vn -0.552318 -0.406105 -0.728027
vn -0.609075 -0.530713 -0.589381
vn -0.646917 -0.648096 -0.401835
vn -0.495735 0.115161 -0.860805
vn -0.566099 0.042397 -0.823246
vn -0.757359 0.028171 -0.652391
vn -0.712939 0.078732 -0.696792
vn -0.262054 0.163313 -0.951135
vn -0.325847 0.080439 -0.941994
vn -0.639273 0.073081 -0.765500
vn -0.602582 -0.025232 -0.797658
vn -0.630410 -0.206671 -0.748245
vn -0.637633 -0.352044 -0.685193
vn -0.681026 -0.452713 -0.575547
vn -0.742257 -0.523786 -0.417973
vn -0.773622 -0.043541 -0.632149
vn -0.899616 -0.013114 -0.436486
vn -0.891337 0.048032 -0.450790
vn -0.603334 -0.055346 -0.795566
vn -0.877453 0.073194 -0.474044
vn -0.842889 0.063910 -0.534279
vn -0.792868 -0.010064 -0.609310
vn -0.768863 -0.174674 -0.615093
vn -0.740032 -0.316018 -0.593705
vn -0.907624 -0.087035 -0.410663
vn -0.782131 -0.114062 -0.612586
vn -0.908655 -0.179942 -0.376784
vn -0.079005 0.200183 -0.976568
vn -0.017199 0.109311 -0.993859
vn -0.022704 0.224227 -0.974272
vn -0.373132 -0.041784 -0.926837
vn -0.112104 0.110148 -0.987573
vn -0.139785 -0.016964 -0.990037
vn -0.613891 -0.139597 -0.776949
vn -0.614072 -0.251709 -0.748036
vn -0.787912 -0.209951 -0.578892
vn -0.394652 -0.159328 -0.904912
vn -0.391651 -0.306082 -0.867712
vn -0.778390 -0.323741 -0.537867
vn -0.891683 -0.296954 -0.341644
vn -0.741050 -0.457647 -0.491330
vn -0.810931 -0.471868 -0.346023
vn -0.592346 -0.412737 -0.691935
vn -0.569195 -0.576367 -0.586360
vn -0.856969 -0.477590 -0.193679
vn -0.846064 -0.005506 0.533053
vn -0.877877 -0.251397 0.407591
vn -0.910064 0.039656 0.412566
vn -0.733987 -0.650752 0.194382
vn -0.929758 -0.366648 0.033470
vn -0.974721 -0.190537 -0.116681
vn -0.341821 -0.919614 0.193570
vn -0.549388 -0.834531 -0.041597
vn -0.031553 0.121465 -0.992094
vn -0.032440 -0.005675 -0.999458
vn -0.041410 -0.144426 -0.988649
vn -0.163258 -0.157805 -0.973881
vn -0.062631 -0.336411 -0.939630
vn -0.176863 -0.338554 -0.924176
vn -0.079896 -0.538871 -0.838591
vn -0.182280 -0.533081 -0.826195
vn -0.378840 -0.495327 -0.781749
vn -0.082841 -0.725483 -0.683236
vn -0.184753 -0.711276 -0.678199
vn -0.374043 -0.663162 -0.648312
vn -0.082447 -0.847049 -0.525081
vn -0.187411 -0.836790 -0.514450
vn -0.386813 -0.783330 -0.486590
vn -0.616319 -0.665738 -0.420647
vn -0.090697 -0.919106 -0.383429
vn -0.205585 -0.912647 -0.353285
vn -0.418298 -0.855425 -0.305410
vn -0.672118 -0.699200 -0.243675
vn -0.100850 -0.969261 -0.224416
vn -0.231328 -0.954540 -0.187994
vn -0.446272 -0.885211 -0.131310
vn -0.699934 -0.710747 -0.070224
vn -0.881285 -0.471823 -0.026829
vn -0.104411 -0.992294 -0.066724
vn -0.245508 -0.968847 -0.032571
vn -0.455655 -0.889950 0.019188
vn -0.703463 -0.706943 0.073291
vn -0.104189 -0.993331 0.049370
vn -0.247431 -0.965690 0.078877
vn -0.450435 -0.883301 0.129954
vn -0.689825 -0.696931 0.196031
vn -0.102157 -0.986100 0.131034
vn -0.239607 -0.957736 0.159155
vn -0.438000 -0.872852 0.215142
vn -0.102946 -0.974417 0.199786
vn -0.232151 -0.944342 0.233075
vn -0.108224 -0.957032 0.269029
vn -0.210661 -0.511961 0.832777
vn -0.151179 -0.774326 0.614463
vn -0.883897 -0.453410 0.114652
vn -0.869569 -0.414127 0.268979
vn -0.678468 -0.632521 -0.373627
vn -0.616677 -0.481598 -0.622714
vn -0.349233 -0.383693 -0.854878
vn -0.369643 -0.503460 -0.780956
vn -0.499294 -0.249928 -0.829603
vn -0.376882 -0.619947 -0.688204
vn -0.279446 -0.681846 -0.676015
vn -0.384526 -0.783181 -0.488639
vn -0.192913 -0.809440 -0.554610
vn -0.081049 -0.766221 -0.637446
vn -0.196772 -0.682703 -0.703703
vn -0.341666 -0.542414 -0.767497
vn -0.053749 -0.557676 -0.828317
vn -0.252781 -0.454040 -0.854371
vn 0.075748 -0.597588 -0.798218
vn -0.251773 -0.934905 -0.250127
vn -0.049387 -0.914991 -0.400441
vn 0.101514 -0.844524 -0.525809
vn 0.309501 -0.643669 -0.699928
vn -0.021031 -0.999339 -0.029664
vn 0.177636 -0.967345 -0.180801
vn 0.339535 -0.883998 -0.321345
vn 0.558931 -0.686139 -0.465629
vn 0.728368 -0.430874 -0.532755
vn 0.122447 -0.989350 0.078692
vn 0.321366 -0.945523 -0.052066
vn 0.496571 -0.853656 -0.157127
vn 0.678070 -0.692501 -0.246298
vn 0.369876 -0.926113 0.074203
vn 0.827214 -0.488773 -0.277161
vn 0.589663 -0.807403 0.019958
vn 0.712530 -0.701084 -0.027967
vn 0.827212 -0.561889 0.000528
vn 0.614125 -0.759191 0.215592
vn 0.688526 -0.697184 0.199666
vn 0.756146 -0.617352 0.217070
vn 0.555125 -0.728279 0.401802
vn 0.614787 -0.680732 0.398299
vn 0.645857 -0.650643 0.399415
vn 0.491446 -0.643489 0.586859
vn 0.484069 -0.668911 0.564123
vn 0.427974 -0.665877 0.611103
vn -0.080880 0.950223 0.300889
vn -0.068977 0.984674 0.160185
vn -0.145871 0.975615 0.164002
vn -0.174778 0.983806 0.039735
vn -0.370004 0.928370 0.035034
vn -0.063857 0.996906 0.045842
vn -0.192710 0.979602 -0.056953
vn -0.385527 0.920320 -0.066184
vn -0.065379 0.996795 -0.046102
vn -0.194778 0.974394 -0.112329
vn -0.069872 0.992322 -0.102052
vn -0.029450 0.998802 -0.039087
vn -0.118260 0.989774 0.079761
vn 0.065685 0.996818 0.045170
vn 0.265339 0.881489 0.390606
vn -0.381853 -0.879408 0.284305
vn -0.676504 -0.712650 0.185668
vn -0.774700 -0.631602 0.030326
vn -0.893543 -0.409620 0.183826
vn -0.958371 -0.284943 0.018255
vn -0.973345 -0.165942 -0.158311
vn -0.903053 -0.091768 -0.419612
vn -0.214694 -0.288080 0.933229
vn -0.444215 -0.297633 0.845037
vn -0.240100 -0.620210 0.746788
vn -0.463146 -0.538098 0.704234
vn -0.952069 0.117141 0.282564
vn -0.979939 -0.045748 -0.193977
vn -0.956233 0.288090 -0.051214
vn -0.829669 0.555184 0.058482
vn -0.854078 0.215364 -0.473466
vn -0.745384 0.505220 -0.434920
vn -0.874972 -0.097459 -0.474263
vn -0.828267 -0.090370 -0.552998
vn -0.819336 0.183254 -0.543236
vn -0.928234 -0.178455 0.326396
vn -0.444330 0.800593 -0.402022
vn -0.610197 0.635229 -0.473438
vn -0.408623 0.838859 -0.359644
vn -0.596542 0.699010 -0.394364
vn -0.263083 0.927023 -0.267237
vn -0.220835 0.939380 -0.262292
vn -0.730381 0.454938 -0.509485
vn -0.644659 0.764461 0.003921
vn -0.478683 0.873462 -0.089030
vn -0.559361 0.798074 0.224038
vn -0.020034 0.997065 -0.073898
vn -0.172775 0.983342 0.056455
vn -0.348825 0.932810 -0.090476
vn -0.588648 -0.499593 0.635532
vn -0.683438 -0.351247 0.639952
vn -0.488103 -0.565369 0.664916
vn -0.771582 -0.142103 0.620055
vn -0.663070 -0.258700 0.702433
vn -0.728826 0.048582 0.682974
vn -0.812780 0.061689 0.579295
vn -0.580475 -0.449086 0.679243
vn -0.808260 0.301648 0.505692
vn -0.709407 0.335314 0.619924
vn -0.611561 0.424307 0.667800
vn -0.538338 0.669182 0.512237
vn -0.632956 0.639515 0.436335
vn -0.652969 0.099236 0.750856
vn -0.700285 0.632898 0.330213
vn -0.644483 0.659081 0.387626
vn -0.525181 0.824478 0.210766
vn -0.551957 0.815772 0.172803
vn -0.491995 0.809784 0.319673
vn -0.468866 0.841389 0.268756
vn -0.489691 0.711254 0.504302
vn -0.504799 0.857390 0.100304
vn -0.464744 0.882439 0.072906
vn -0.349053 0.918699 0.184811
vn -0.653914 -0.756549 0.005468
vn -0.611891 -0.769045 -0.184822
vn -0.513272 -0.853346 0.091390
vn -0.505168 -0.862398 -0.032784
vn -0.499098 -0.799325 -0.334637
vn -0.407644 -0.900307 -0.152557
vn -0.440447 -0.534636 0.721229
vn -0.308476 -0.743156 0.593769
vn -0.370992 -0.751172 0.545990
vn -0.151091 -0.505390 0.849560
vn -0.079078 -0.688412 0.720996
vn -0.230757 -0.254639 0.939101
vn -0.445550 0.318864 -0.836547
vn -0.351752 -0.029596 -0.935625
vn -0.048150 0.198908 -0.978835
vn -0.133802 -0.334591 -0.932816
vn 0.256141 -0.119780 -0.959190
vn -0.576956 -0.481780 -0.659553
vn -0.680820 -0.282418 -0.675814
vn -0.216118 -0.248240 -0.944283
vn 0.916596 0.303797 -0.259923
vn 0.743699 0.298002 -0.598421
vn 0.502059 0.032236 -0.864232
vn 0.367518 0.272404 -0.889228
vn 0.555457 0.761134 -0.334878
vn 0.317732 0.710820 -0.627520
vn 0.052697 0.942428 -0.330230
vn -0.007146 0.809868 -0.586568
vn 0.600344 0.799729 -0.004614
vn 0.103182 0.992345 -0.067857
vn 0.916740 0.385460 0.104919
vn 0.562826 0.454376 0.690485
vn 0.531069 0.537946 0.654661
vn -0.304395 0.553736 0.775061
vn 0.154077 0.871526 0.465514
vn -0.507504 0.221495 0.832694
vn -0.520494 0.121362 0.845197
vn -0.141774 -0.583399 0.799716
vn 0.176373 -0.621847 0.763019
vn 0.168186 -0.480426 0.860758
vn -0.102829 -0.407599 0.907353
vn -0.515803 -0.506254 0.691125
vn -0.469846 -0.315133 0.824582
vn 0.338457 -0.660056 0.670651
vn -0.743325 0.279256 0.607853
vn -0.816462 0.243446 0.523569
vn -0.930631 0.268713 0.248434
vn -0.873979 0.397435 0.279653
vn -0.638199 0.211355 0.740291
vn -0.623117 0.329657 0.709261
vn -0.802517 0.517167 0.297499
vn -0.815268 0.514498 0.265764
vn -0.589074 0.340012 0.733065
vn -0.346328 0.030805 0.937608
vn -0.858966 0.510981 -0.032799
vn -0.855664 0.515012 -0.051006
vn -0.914074 0.405510 -0.005537
vn -0.906561 0.366415 -0.209494
vn -0.856515 0.457981 -0.237983
vn -0.842726 0.474828 -0.253676
vn -0.779568 0.379757 -0.498054
vn -0.778007 0.385958 -0.495724
vn -0.868622 0.423222 -0.257642
vn -0.895832 0.440533 -0.058445
vn -0.798164 0.339713 -0.497524
vn -0.398930 0.239874 0.885051
vn -0.378711 0.196441 0.904427
vn 0.365499 -0.611923 -0.701400
vn 0.203457 -0.720931 -0.662468
vn -0.077440 -0.035763 -0.996355
vn 0.014850 -0.044833 -0.998884
vn 0.059944 0.432329 -0.899721
vn 0.132850 0.062814 -0.989144
vn 0.265740 -0.313466 -0.911659
vn 0.184472 -0.363872 -0.912999
vn -0.085281 0.311228 0.946501
vn -0.448712 0.224166 0.865105
vn -0.630213 0.160062 0.759744
vn -0.118129 0.315262 0.941624
vn -0.443070 0.128040 0.887296
vn -0.542139 0.060252 0.838126
vn -0.176388 0.399911 0.899421
vn -0.473937 0.145868 0.868393
vn -0.532262 0.083613 0.842441
vn -0.683409 -0.561518 0.466530
vn -0.464121 -0.876418 -0.128391
vn -0.184372 -0.530837 0.827175
vn -0.480835 -0.543990 0.687657
vn -0.632251 -0.374515 0.678231
vn -0.659713 -0.410815 0.629293
vn -0.498806 -0.207905 0.841408
vn -0.616921 -0.190733 0.763564
vn -0.640010 -0.248430 0.727096
vn -0.613974 0.092572 0.783879
vn -0.581734 0.465564 0.666960
vn 0.366317 0.721422 0.587675
vn 0.092606 0.990203 0.104510
vn 0.095572 0.994035 0.052540
vn 0.189722 0.981139 -0.037043
vn 0.093906 0.995396 -0.019195
vn 0.196775 0.973302 -0.118165
vn 0.091698 0.992383 -0.082265
vn 0.196907 0.956960 -0.213203
vn 0.074079 0.979243 -0.188666
vn 0.183920 0.952911 -0.241109
vn 0.063660 0.968626 -0.240230
vn 0.185871 0.969325 0.160815
vn 0.120935 0.983316 0.135882
vn 0.037296 0.398396 0.916455
vn 0.054158 0.493679 0.867956
vn -0.235618 -0.494028 0.836912
vn -0.140449 -0.351024 0.925773
vn -0.363685 -0.789128 0.494984
vn -0.237966 -0.769246 0.592986
vn -0.387985 -0.893114 0.227631
vn -0.264183 -0.927030 0.266126
vn -0.363255 -0.925504 0.107182
vn -0.223099 -0.971428 0.080960
vn -0.296853 -0.953208 0.057212
vn -0.157047 -0.987577 0.005354
vn 0.332358 0.543639 0.770711
vn -0.386822 -0.433254 0.814039
vn -0.185178 -0.053662 0.981239
vn 0.278302 0.900928 0.332981
vn -0.488845 -0.682531 0.543307
vn -0.371052 -0.646338 0.666758
vn -0.463525 -0.804895 0.370526
vn -0.387704 -0.828067 0.404957
vn -0.562821 0.024535 -0.826214
vn -0.575161 0.094926 -0.812514
vn -0.556889 0.078047 -0.826912
vn -0.307497 0.210640 -0.927942
vn -0.559764 0.152397 -0.814518
vn -0.132419 0.256192 -0.957513
vn -0.946485 0.232151 0.224214
vn -0.818486 -0.145675 0.555751
vn -0.786681 0.021611 0.616981
vn -0.423512 -0.229580 0.876316
vn -0.091450 -0.390452 0.916070
vn -0.458952 0.874570 0.156495
vn -0.464214 0.874802 0.138658
vn -0.499704 0.866169 0.006830
vn -0.338621 0.851083 0.401240
vn -0.332937 0.844082 0.420331
vn -0.427808 0.899382 0.089955
vn -0.394840 0.916241 0.067860
vn -0.819622 0.243052 -0.518792
vn -0.794275 0.331513 -0.509143
vn -0.953135 0.241559 -0.182160
vn -0.563401 0.273104 -0.779740
vn -0.359661 0.308647 -0.880557
vn 0.464470 -0.715584 0.521734
vn 0.357969 -0.737999 0.572028
vn 0.363567 -0.361606 0.858522
vn 0.463819 -0.403186 0.788869
vn 0.431205 -0.872271 0.230662
vn 0.317357 -0.924976 0.209055
vn 0.489045 -0.710416 0.506106
vn 0.461875 -0.854432 0.237943
vn 0.476326 -0.436699 0.763156
vn 0.405716 -0.070221 0.911298
vn 0.397810 -0.120622 0.909504
vn 0.217833 0.320727 0.921782
vn 0.206827 0.276648 0.938450
vn -0.705146 0.184439 -0.684655
vn -0.704156 0.098065 -0.703241
vn -0.610763 -0.012999 -0.791707
vn -0.587941 -0.121757 -0.799688
vn -0.491069 -0.339288 -0.802331
vn 0.077560 -0.471412 0.878496
vn 0.162566 -0.608862 0.776440
vn 0.339126 -0.569011 0.749146
vn -0.049746 -0.312047 0.948764
vn -0.325442 -0.075345 0.942555
vn -0.179486 0.338506 -0.923688
vn -0.965542 0.259101 0.024387
vn -0.324848 -0.925369 -0.195360
vn -0.379479 -0.842218 -0.382968
vn -0.386993 -0.701606 -0.598319
vn -0.938785 0.339939 0.055900
vn -0.995981 -0.089565 -0.000363
vn -0.725148 0.642507 0.247677
vn -0.611537 0.788576 0.064585
vn -0.413129 0.798344 0.438146
vn 0.116582 -0.478793 0.870153
vn 0.270793 -0.565960 0.778691
vn -0.224389 -0.815411 0.533625
vn -0.889892 0.394263 0.229454
vn -0.700174 0.211596 0.681897
vn 0.216718 -0.323101 0.921216
vn 0.238575 -0.754425 0.611495
vn 0.221540 -0.957792 0.183177
vn 0.168201 -0.002396 0.985750
vn -0.123885 0.442979 0.887932
vn -0.389107 0.176292 -0.904166
vn -0.174480 -0.120611 -0.977246
vn -0.135581 0.096736 -0.986032
vn -0.135554 0.717016 0.683749
vn -0.110025 0.711883 0.693626
vn -0.282518 0.840056 0.463130
vn -0.268280 0.832555 0.484643
vn -0.280586 0.817968 0.502195
vn 0.212519 0.315826 0.924711
vn -0.029914 0.633693 0.773006
vn 0.085522 0.253380 0.963579
vn -0.043235 0.516001 0.855496
vn -0.335812 0.782844 0.523818
vn 0.326555 -0.000853 0.945178
vn -0.347150 -0.932154 0.102833
vn -0.336788 -0.936657 0.096162
vn -0.368991 -0.912955 0.174237
vn -0.241602 -0.965372 0.098413
vn -0.123309 -0.989344 0.077418
vn -0.263217 -0.915131 0.305372
vn -0.140669 -0.943303 0.300652
vn -0.287233 -0.750022 0.595789
vn -0.155695 -0.819714 0.551207
vn -0.156880 -0.515416 0.842457
vn -0.126970 -0.098366 0.987017
vn -0.353712 -0.912374 0.206064
vn -0.337278 -0.934289 0.115536
vn -0.322425 -0.941570 0.097405
vn 0.014738 -0.626510 0.779274
vn 0.014738 -0.626510 0.779274
vn 0.014738 -0.626510 0.779274
vn 0.014738 -0.626510 0.779274
vn -0.853833 -0.155126 0.496895
vn -0.853833 -0.155126 0.496895
vn -0.853833 -0.155126 0.496895
vn -0.853833 -0.155126 0.496895
vn -0.819107 -0.488371 -0.300927
vn -0.819107 -0.488371 -0.300927
vn -0.819107 -0.488371 -0.300927
vn -0.819107 -0.488371 -0.300927
vn 0.021860 -0.997866 -0.061524
vn 0.021860 -0.997866 -0.061524
vn 0.021860 -0.997866 -0.061524
vn 0.021860 -0.997866 -0.061524
vn -0.411667 0.530358 0.741114
vn -0.411667 0.530358 0.741114
vn -0.411667 0.530358 0.741114
vn -0.411667 0.530358 0.741114
vn -0.871958 0.489131 0.020989
vn -0.871958 0.489131 0.020989
vn -0.871958 0.489131 0.020989
vn -0.871958 0.489131 0.020989
vn -0.863832 0.250980 -0.436810
vn -0.863832 0.250980 -0.436810
vn -0.863832 0.250980 -0.436810
vn -0.863832 0.250980 -0.436810
vn -0.420494 -0.277538 -0.863804
vn -0.420494 -0.277538 -0.863804
vn -0.420494 -0.277538 -0.863804
vn -0.420494 -0.277538 -0.863804
vn 0.232806 -0.654336 -0.719476
vn 0.232806 -0.654336 -0.719476
vn 0.232806 -0.654336 -0.719476
vn 0.232806 -0.654336 -0.719476
vn 0.766797 -0.641887 -0.001808
vn 0.766797 -0.641887 -0.001808
vn 0.766797 -0.641887 -0.001808
vn 0.766797 -0.641887 -0.001808
vn 0.780769 -0.377745 0.497703
vn 0.780769 -0.377745 0.497703
vn 0.780769 -0.377745 0.497703
vn 0.780769 -0.377745 0.497703
vn 0.230668 0.206930 0.950775
vn 0.230668 0.206931 0.950775
vn 0.230668 0.206930 0.950775
vn 0.230668 0.206930 0.950774
vn -0.327024 0.640206 0.695120
vn -0.327024 0.640206 0.695120
vn -0.327024 0.640206 0.695120
vn -0.327024 0.640206 0.695120
vn -0.836591 0.543520 0.068571
vn -0.836591 0.543520 0.068571
vn -0.836591 0.543520 0.068571
vn -0.836591 0.543520 0.068571
vn -0.821998 0.240418 -0.516255
vn -0.821998 0.240418 -0.516255
vn -0.821998 0.240418 -0.516255
vn -0.821997 0.240418 -0.516255
vn -0.339141 -0.185687 -0.922227
vn -0.339142 -0.185687 -0.922227
vn -0.339142 -0.185687 -0.922227
vn -0.339142 -0.185687 -0.922227
vn 0.402911 -0.500048 -0.766560
vn 0.402911 -0.500048 -0.766560
vn 0.402911 -0.500048 -0.766560
vn 0.402911 -0.500048 -0.766560
vn 0.878895 -0.461489 -0.120713
vn 0.878895 -0.461489 -0.120713
vn 0.878895 -0.461489 -0.120713
vn 0.878895 -0.461489 -0.120713
vn 0.875607 -0.168961 0.452509
vn 0.875607 -0.168961 0.452509
vn 0.875607 -0.168961 0.452509
vn 0.875607 -0.168961 0.452509
vn 0.384680 0.344182 0.856481
vn 0.384680 0.344182 0.856481
vn 0.384680 0.344182 0.856481
vn 0.384680 0.344182 0.856481
vn -0.287290 0.554321 0.781148
vn -0.287290 0.554321 0.781148
vn -0.287290 0.554321 0.781148
vn -0.287290 0.554321 0.781148
vn -0.814371 0.568664 0.115847
vn -0.814371 0.568664 0.115847
vn -0.814371 0.568664 0.115847
vn -0.814371 0.568664 0.115847
vn -0.726494 0.133331 -0.674114
vn -0.726494 0.133331 -0.674114
vn -0.726494 0.133331 -0.674114
vn -0.726494 0.133331 -0.674114
vn -0.360171 -0.257002 -0.896787
vn -0.360171 -0.257002 -0.896787
vn -0.360171 -0.257002 -0.896787
vn -0.360171 -0.257002 -0.896787
vn 0.144453 -0.600585 -0.786404
vn 0.144453 -0.600585 -0.786404
vn 0.144453 -0.600585 -0.786404
vn 0.144453 -0.600585 -0.786404
vn 0.691043 -0.699045 -0.183836
vn 0.691043 -0.699045 -0.183836
vn 0.691043 -0.699045 -0.183836
vn 0.691043 -0.699045 -0.183836
vn 0.712594 -0.367034 0.597910
vn 0.712594 -0.367034 0.597910
vn 0.712594 -0.367034 0.597910
vn 0.712594 -0.367034 0.597910
vn 0.199371 0.241085 0.949805
vn 0.199371 0.241085 0.949805
vn 0.199371 0.241085 0.949805
vn 0.199371 0.241085 0.949805
vn 0.277001 0.273216 0.921208
vn 0.277001 0.273216 0.921208
vn 0.277001 0.273216 0.921208
vn 0.277001 0.273216 0.921208
vn 0.763390 -0.294469 0.574911
vn 0.763391 -0.294469 0.574911
vn 0.763390 -0.294469 0.574911
vn 0.763391 -0.294469 0.574911
vn 0.745155 -0.658299 -0.106713
vn 0.745154 -0.658299 -0.106713
vn 0.745155 -0.658299 -0.106713
vn 0.745154 -0.658299 -0.106713
vn 0.244462 -0.591350 -0.768468
vn 0.244462 -0.591350 -0.768468
vn 0.244462 -0.591350 -0.768468
vn 0.244462 -0.591350 -0.768468
vn -0.303016 -0.257705 -0.917480
vn -0.303016 -0.257705 -0.917480
vn -0.303016 -0.257705 -0.917480
vn -0.303016 -0.257705 -0.917480
vn -0.787692 0.140083 -0.599932
vn -0.787692 0.140083 -0.599932
vn -0.787692 0.140083 -0.599932
vn -0.787692 0.140083 -0.599932
vn -0.841670 0.518919 0.149379
vn -0.841670 0.518919 0.149379
vn -0.841670 0.518919 0.149379
vn -0.841670 0.518919 0.149379
vn -0.292275 0.557858 0.776768
vn -0.292275 0.557858 0.776768
vn -0.292275 0.557858 0.776768
vn -0.292275 0.557859 0.776768
vn -0.023605 -0.779769 0.625622
vn -0.023605 -0.779769 0.625622
vn -0.023605 -0.779769 0.625622
vn -0.023605 -0.779769 0.625622
vn -0.963078 -0.182947 0.197513
vn -0.963078 -0.182947 0.197513
vn -0.963078 -0.182947 0.197513
vn -0.963078 -0.182947 0.197513
vn -0.779501 -0.437892 -0.447915
vn -0.779501 -0.437892 -0.447915
vn -0.779501 -0.437892 -0.447915
vn -0.779501 -0.437892 -0.447915
vn 0.013241 -0.989124 -0.146485
vn 0.013241 -0.989124 -0.146485
vn 0.013241 -0.989124 -0.146485
vn 0.013241 -0.989124 -0.146485
vn 0.775562 -0.381439 0.503000
vn 0.775562 -0.381439 0.503000
vn 0.775562 -0.381439 0.503000
vn 0.775562 -0.381439 0.503000
vn 0.818718 -0.573427 -0.029705
vn 0.818718 -0.573427 -0.029705
vn 0.818718 -0.573427 -0.029705
vn 0.818718 -0.573427 -0.029705
vn 0.351072 -0.528691 -0.772809
vn 0.351072 -0.528691 -0.772809
vn 0.351072 -0.528691 -0.772809
vn 0.351072 -0.528691 -0.772809
vn -0.314775 -0.156302 -0.936208
vn -0.314775 -0.156302 -0.936208
vn -0.314775 -0.156302 -0.936208
vn -0.314775 -0.156302 -0.936208
vn -0.760423 0.279378 -0.586263
vn -0.760423 0.279378 -0.586263
vn -0.760423 0.279378 -0.586263
vn -0.760423 0.279378 -0.586264
vn -0.868990 0.446047 -0.214238
vn -0.868990 0.446047 -0.214238
vn -0.868990 0.446047 -0.214238
vn -0.868990 0.446047 -0.214238
vn -0.641819 0.458139 0.614961
vn -0.641819 0.458139 0.614961
vn -0.641819 0.458139 0.614961
vn -0.641819 0.458139 0.614961
vn 0.145913 0.092692 0.984946
vn 0.145913 0.092692 0.984946
vn 0.145913 0.092692 0.984946
vn 0.145913 0.092692 0.984946
vn 0.865421 -0.268983 0.422722
vn 0.865421 -0.268983 0.422722
vn 0.865421 -0.268983 0.422722
vn 0.865421 -0.268983 0.422722
vn 0.875935 -0.449949 -0.174022
vn 0.875935 -0.449949 -0.174022
vn 0.875935 -0.449949 -0.174022
vn 0.875935 -0.449949 -0.174022
vn 0.467958 -0.419610 -0.777781
vn 0.467958 -0.419609 -0.777781
vn 0.467958 -0.419609 -0.777781
vn 0.467958 -0.419609 -0.777781
vn -0.250334 -0.077103 -0.965085
vn -0.250334 -0.077103 -0.965085
vn -0.250334 -0.077103 -0.965084
vn -0.250334 -0.077103 -0.965085
vn -0.715193 0.249497 -0.652878
vn -0.715193 0.249497 -0.652878
vn -0.715193 0.249497 -0.652878
vn -0.715193 0.249497 -0.652878
vn -0.865950 0.453679 -0.210490
vn -0.865950 0.453679 -0.210490
vn -0.865950 0.453679 -0.210490
vn -0.865950 0.453679 -0.210490
vn -0.632955 0.580225 0.512549
vn -0.632955 0.580225 0.512549
vn -0.632955 0.580225 0.512549
vn -0.632955 0.580225 0.512549
vn 0.295781 0.316362 0.901348
vn 0.295781 0.316362 0.901348
vn 0.295781 0.316362 0.901348
vn 0.295781 0.316362 0.901348
vn 0.802967 -0.239381 0.545839
vn 0.802967 -0.239381 0.545839
vn 0.802967 -0.239381 0.545839
vn 0.802967 -0.239381 0.545839
vn 0.868477 -0.448890 -0.210348
vn 0.868476 -0.448890 -0.210348
vn 0.868476 -0.448890 -0.210348
vn 0.868477 -0.448890 -0.210348
vn 0.671858 -0.445394 -0.591802
vn 0.671858 -0.445394 -0.591802
vn 0.671858 -0.445394 -0.591802
vn 0.671858 -0.445394 -0.591802
vn -0.052344 -0.189400 -0.980504
vn -0.052344 -0.189400 -0.980504
vn -0.052344 -0.189400 -0.980504
vn -0.052344 -0.189400 -0.980504
vn -0.714973 0.220543 -0.663456
vn -0.714973 0.220543 -0.663456
vn -0.714973 0.220543 -0.663456
vn -0.714973 0.220543 -0.663456
vn -0.884247 0.402750 -0.236432
vn -0.884247 0.402750 -0.236432
vn -0.884247 0.402750 -0.236432
vn -0.884247 0.402750 -0.236432
vn -0.704101 0.448202 0.550778
vn -0.704101 0.448202 0.550778
vn -0.704101 0.448202 0.550778
vn -0.704101 0.448202 0.550778
vn 0.154603 0.007846 0.987946
vn 0.154603 0.007846 0.987946
vn 0.154603 0.007846 0.987946
vn 0.154603 0.007846 0.987946
vn 0.724991 -0.675665 -0.133657
vn 0.724991 -0.675665 -0.133657
vn 0.724991 -0.675665 -0.133657
vn 0.724991 -0.675665 -0.133657
vn 0.415535 -0.509693 -0.753355
vn 0.415535 -0.509693 -0.753355
vn 0.415535 -0.509693 -0.753355
vn 0.415535 -0.509694 -0.753355
vn -0.222642 -0.145364 -0.964002
vn -0.222642 -0.145364 -0.964002
vn -0.222642 -0.145364 -0.964002
vn -0.222642 -0.145364 -0.964002
vn -0.704750 0.248783 -0.664405
vn -0.704750 0.248783 -0.664405
vn -0.704750 0.248783 -0.664405
vn -0.704750 0.248783 -0.664405
vn -0.868315 0.441108 -0.226833
vn -0.868315 0.441108 -0.226833
vn -0.868315 0.441108 -0.226833
vn -0.868315 0.441108 -0.226833
vn -0.712068 0.486328 0.506403
vn -0.712068 0.486328 0.506403
vn -0.712068 0.486328 0.506403
vn -0.712068 0.486328 0.506403
vn 0.140997 0.018859 0.989830
vn 0.140997 0.018859 0.989830
vn 0.140997 0.018859 0.989830
vn 0.140997 0.018859 0.989830
vn 0.686989 -0.556059 0.467807
vn 0.686989 -0.556059 0.467807
vn 0.686989 -0.556059 0.467807
vn 0.686989 -0.556059 0.467807
vn -0.490527 -0.870622 -0.037429
vn -0.490527 -0.870622 -0.037429
vn -0.490527 -0.870622 -0.037429
vn -0.490527 -0.870622 -0.037429
vn -0.868819 -0.462664 0.176340
vn -0.868819 -0.462664 0.176340
vn -0.868819 -0.462664 0.176340
vn -0.868819 -0.462664 0.176340
vn -0.950799 -0.202750 -0.234250
vn -0.950799 -0.202750 -0.234250
vn -0.950799 -0.202750 -0.234250
vn -0.950799 -0.202750 -0.234250
vn -0.984588 0.013196 -0.174393
vn -0.984588 0.013196 -0.174393
vn -0.984588 0.013196 -0.174393
vn -0.984588 0.013196 -0.174393
vn -0.980175 0.125897 0.152996
vn -0.980175 0.125897 0.152996
vn -0.980175 0.125897 0.152996
vn -0.980175 0.125897 0.152996
vn -0.778148 -0.606545 0.163061
vn -0.778148 -0.606545 0.163061
vn -0.778148 -0.606545 0.163061
vn -0.778148 -0.606545 0.163061
vn 0.106218 -0.936643 0.333793
vn 0.106218 -0.936643 0.333793
vn 0.106218 -0.936643 0.333793
vn 0.106218 -0.936643 0.333793
vn 0.165055 -0.562002 0.810500
vn 0.165055 -0.562002 0.810500
vn 0.165055 -0.562002 0.810500
vn 0.165055 -0.562002 0.810500
vn -0.703969 -0.123837 0.699351
vn -0.703969 -0.123837 0.699351
vn -0.703969 -0.123837 0.699351
vn -0.703969 -0.123837 0.699351
vn -0.301637 0.769001 0.563607
vn -0.301637 0.769001 0.563607
vn -0.301637 0.769001 0.563607
vn -0.301637 0.769001 0.563607
vn 0.475324 0.431063 0.766976
vn 0.475324 0.431063 0.766976
vn 0.475324 0.431063 0.766976
vn 0.475324 0.431063 0.766976
vn 0.887358 -0.147105 0.436985
vn 0.887358 -0.147105 0.436985
vn 0.887358 -0.147105 0.436985
vn 0.887358 -0.147105 0.436985
vn 0.864582 -0.502225 0.016360
vn 0.864582 -0.502225 0.016360
vn 0.864583 -0.502225 0.016360
vn 0.864583 -0.502225 0.016360
vn 0.372498 -0.711105 -0.596302
vn 0.372498 -0.711105 -0.596302
vn 0.372498 -0.711105 -0.596302
vn 0.372498 -0.711105 -0.596302
vn -0.454293 -0.368528 -0.811052
vn -0.454293 -0.368528 -0.811052
vn -0.454293 -0.368528 -0.811052
vn -0.454293 -0.368528 -0.811052
vn -0.865921 0.243321 -0.437008
vn -0.865921 0.243321 -0.437008
vn -0.865921 0.243321 -0.437008
vn -0.865921 0.243321 -0.437008
vn -0.794985 0.605235 0.041103
vn -0.794985 0.605235 0.041103
vn -0.794985 0.605235 0.041103
vn -0.794985 0.605236 0.041103
vn -0.315881 0.633225 0.706573
vn -0.315880 0.633225 0.706573
vn -0.315881 0.633225 0.706573
vn -0.315881 0.633225 0.706573
vn 0.373103 0.283629 0.883374
vn 0.373103 0.283629 0.883374
vn 0.373103 0.283629 0.883374
vn 0.373103 0.283629 0.883374
vn 0.787699 -0.335347 0.516790
vn 0.787699 -0.335347 0.516790
vn 0.787699 -0.335347 0.516790
vn 0.787699 -0.335347 0.516790
vn 0.739522 -0.650815 0.171891
vn 0.739522 -0.650815 0.171891
vn 0.739522 -0.650815 0.171891
vn 0.739522 -0.650815 0.171891
vn 0.214405 -0.879128 -0.425634
vn 0.214405 -0.879128 -0.425634
vn 0.214405 -0.879128 -0.425634
vn 0.214405 -0.879128 -0.425634
vn -0.526654 -0.555686 -0.643310
vn -0.526654 -0.555686 -0.643310
vn -0.526654 -0.555686 -0.643310
vn -0.526654 -0.555686 -0.643310
vn -0.938576 0.150703 -0.310425
vn -0.938576 0.150703 -0.310425
vn -0.938576 0.150703 -0.310425
vn -0.938576 0.150703 -0.310425
vn -0.860673 0.506536 0.051610
vn -0.860673 0.506536 0.051610
vn -0.860673 0.506536 0.051610
vn -0.860673 0.506536 0.051610
vn -0.190312 0.720231 0.667120
vn -0.190312 0.720231 0.667120
vn -0.190312 0.720231 0.667120
vn -0.190312 0.720231 0.667120
vn 0.211064 0.516455 0.829896
vn 0.211064 0.516455 0.829896
vn 0.211064 0.516455 0.829896
vn 0.211064 0.516455 0.829896
vn 0.718307 -0.038921 0.694636
vn 0.718307 -0.038921 0.694636
vn 0.718307 -0.038921 0.694636
vn 0.718307 -0.038921 0.694636
vn 0.765576 -0.643291 0.008412
vn 0.765576 -0.643291 0.008412
vn 0.765576 -0.643291 0.008412
vn 0.765576 -0.643291 0.008412
vn 0.241457 -0.813866 -0.528508
vn 0.241457 -0.813866 -0.528508
vn 0.241457 -0.813866 -0.528508
vn 0.241457 -0.813866 -0.528508
vn -0.603329 -0.263175 -0.752816
vn -0.603329 -0.263175 -0.752816
vn -0.603329 -0.263175 -0.752816
vn -0.603329 -0.263175 -0.752816
vn -0.819277 0.245754 -0.518064
vn -0.819277 0.245754 -0.518064
vn -0.819277 0.245754 -0.518064
vn -0.819277 0.245754 -0.518064
vn -0.733212 0.674994 0.082360
vn -0.733212 0.674994 0.082360
vn -0.733212 0.674994 0.082360
vn -0.733212 0.674994 0.082360
vn 0.343276 0.428053 0.836022
vn 0.343276 0.428053 0.836022
vn 0.343276 0.428053 0.836022
vn 0.343276 0.428053 0.836022
vn 0.782455 -0.182233 0.595446
vn 0.782455 -0.182233 0.595446
vn 0.782455 -0.182233 0.595446
vn 0.782455 -0.182233 0.595446
vn 0.787655 -0.611441 0.075761
vn 0.787655 -0.611441 0.075761
vn 0.787655 -0.611441 0.075761
vn 0.787655 -0.611441 0.075761
vn 0.308260 -0.715935 -0.626429
vn 0.308260 -0.715935 -0.626429
vn 0.308260 -0.715935 -0.626429
vn 0.308260 -0.715935 -0.626429
vn -0.430587 -0.351086 -0.831465
vn -0.430587 -0.351086 -0.831465
vn -0.430587 -0.351086 -0.831465
vn -0.430586 -0.351086 -0.831465
vn -0.865269 0.210314 -0.455057
vn -0.865269 0.210314 -0.455057
vn -0.865269 0.210314 -0.455057
vn -0.865269 0.210314 -0.455057
vn -0.780392 0.612717 0.124760
vn -0.780392 0.612717 0.124760
vn -0.780393 0.612717 0.124760
vn -0.780392 0.612717 0.124760
vn -0.240802 0.718597 0.652405
vn -0.240802 0.718597 0.652405
vn -0.240802 0.718597 0.652405
vn -0.240802 0.718597 0.652405
vn -0.914985 -0.161778 0.369636
vn -0.914985 -0.161778 0.369636
vn -0.914985 -0.161778 0.369636
vn -0.914985 -0.161778 0.369636
vn -0.992423 -0.108285 0.058062
vn -0.992423 -0.108285 0.058062
vn -0.992423 -0.108285 0.058062
vn -0.992423 -0.108285 0.058062
vn -0.806698 0.440806 0.393608
vn -0.806698 0.440806 0.393608
vn -0.806698 0.440806 0.393608
vn -0.806698 0.440806 0.393608
vn -0.267523 0.616784 0.740276
vn -0.267523 0.616784 0.740276
vn -0.267523 0.616784 0.740276
vn -0.267523 0.616784 0.740276
vn 0.197125 0.490753 0.848707
vn 0.197125 0.490753 0.848707
vn 0.197125 0.490753 0.848707
vn 0.197125 0.490753 0.848707
vn 0.509345 0.033586 0.859907
vn 0.509345 0.033586 0.859907
vn 0.509345 0.033586 0.859907
vn 0.509345 0.033586 0.859907
vn 0.247323 -0.706728 0.662847
vn 0.247323 -0.706728 0.662847
vn 0.247323 -0.706728 0.662847
vn 0.247323 -0.706728 0.662847
vn 0.027271 -0.393759 0.918809
vn 0.027271 -0.393759 0.918809
vn 0.027271 -0.393759 0.918809
vn 0.027271 -0.393759 0.918809
vn 0.512722 -0.482933 0.709853
vn 0.512722 -0.482933 0.709853
vn 0.512722 -0.482933 0.709853
vn 0.512722 -0.482933 0.709853
vn 0.237438 -0.968491 -0.075154
vn 0.237438 -0.968491 -0.075154
vn 0.237438 -0.968491 -0.075154
vn 0.237438 -0.968491 -0.075154
vn 0.101073 -0.751566 0.651869
vn 0.101073 -0.751566 0.651869
vn 0.101073 -0.751566 0.651869
vn 0.101073 -0.751566 0.651869
vn 0.080010 -0.964895 0.250152
vn 0.080010 -0.964895 0.250152
vn 0.080010 -0.964895 0.250152
vn 0.080010 -0.964895 0.250152
vn 0.591899 -0.785483 0.180758
vn 0.591899 -0.785483 0.180758
vn 0.591899 -0.785483 0.180758
vn 0.591899 -0.785483 0.180758
vn 0.723795 -0.625166 0.292041
vn 0.723795 -0.625166 0.292041
vn 0.723795 -0.625166 0.292041
vn 0.723795 -0.625166 0.292041
vn 0.719228 -0.463637 0.517448
vn 0.719228 -0.463637 0.517448
vn 0.719228 -0.463637 0.517448
vn 0.719228 -0.463637 0.517448
vn 0.475824 -0.878711 -0.038192
vn 0.475824 -0.878711 -0.038192
vn 0.475824 -0.878711 -0.038192
vn 0.475824 -0.878711 -0.038192
vn 0.368404 -0.832724 -0.413340
vn 0.368404 -0.832724 -0.413340
vn 0.368404 -0.832724 -0.413340
vn 0.368404 -0.832724 -0.413340
vn -0.080249 -0.473425 -0.877171
vn -0.080249 -0.473425 -0.877171
vn -0.080249 -0.473425 -0.877171
vn -0.080249 -0.473425 -0.877171
vn -0.651106 -0.054708 -0.757013
vn -0.651106 -0.054708 -0.757013
vn -0.651106 -0.054708 -0.757013
vn -0.651106 -0.054708 -0.757013
vn 0.469651 0.113385 0.875541
vn 0.469651 0.113385 0.875541
vn 0.469651 0.113385 0.875541
vn 0.469651 0.113385 0.875541
vn 0.194348 0.548658 0.813144
vn 0.194348 0.548658 0.813144
vn 0.194348 0.548658 0.813144
vn 0.194348 0.548658 0.813144
vn -0.210992 0.799154 0.562882
vn -0.210992 0.799154 0.562882
vn -0.210992 0.799154 0.562882
vn -0.210992 0.799154 0.562882
vn -0.626420 0.767176 0.137984
vn -0.626420 0.767176 0.137984
vn -0.626420 0.767176 0.137984
vn -0.626420 0.767176 0.137984
vn -0.855886 0.493218 -0.155550
vn -0.855886 0.493218 -0.155550
vn -0.855886 0.493218 -0.155550
vn -0.855886 0.493218 -0.155550
vn -0.883858 0.453193 -0.115806
vn -0.883858 0.453193 -0.115806
vn -0.883858 0.453193 -0.115806
vn -0.883858 0.453193 -0.115806
vn -0.921134 0.213739 -0.325313
vn -0.921134 0.213739 -0.325313
vn -0.921134 0.213739 -0.325313
vn -0.921134 0.213739 -0.325313
vn -0.760652 0.206174 -0.615549
vn -0.760652 0.206174 -0.615549
vn -0.760652 0.206174 -0.615549
vn -0.760652 0.206174 -0.615549
vn -0.846364 0.210790 0.489117
vn -0.846364 0.210790 0.489117
vn -0.846364 0.210790 0.489117
vn -0.846364 0.210790 0.489117
vn -0.110061 0.333600 0.936268
vn -0.110061 0.333600 0.936268
vn -0.110061 0.333600 0.936268
vn -0.110061 0.333600 0.936268
vn 0.020101 -0.432297 0.901507
vn 0.020101 -0.432297 0.901507
vn 0.020101 -0.432297 0.901507
vn 0.020101 -0.432297 0.901507
vn -0.650041 -0.492690 0.578536
vn -0.650041 -0.492690 0.578536
vn -0.650041 -0.492690 0.578536
vn -0.650041 -0.492690 0.578536
vn 0.562771 -0.808665 0.171317
vn 0.562771 -0.808665 0.171317
vn 0.562771 -0.808665 0.171317
vn 0.562771 -0.808665 0.171317
vn 0.916804 -0.099649 0.386704
vn 0.916804 -0.099649 0.386704
vn 0.916804 -0.099649 0.386704
vn 0.916804 -0.099649 0.386704
vn 0.694672 0.604795 0.389426
vn 0.694672 0.604795 0.389426
vn 0.694672 0.604795 0.389426
vn 0.694672 0.604795 0.389426
vn -0.100541 0.982947 0.153968
vn -0.100541 0.982947 0.153968
vn -0.100541 0.982947 0.153968
vn -0.100541 0.982947 0.153968
vn -0.925217 0.287660 -0.247437
vn -0.925217 0.287660 -0.247437
vn -0.925217 0.287660 -0.247437
vn -0.925217 0.287660 -0.247437
vn -0.514667 0.857351 -0.008246
vn -0.514667 0.857351 -0.008246
vn -0.514667 0.857351 -0.008246
vn -0.514667 0.857351 -0.008246
vn -0.024678 -0.999180 -0.032114
vn -0.024678 -0.999180 -0.032114
vn -0.024678 -0.999180 -0.032114
vn -0.024678 -0.999180 -0.032114
vn -0.794777 -0.525407 -0.303772
vn -0.794777 -0.525407 -0.303772
vn -0.794777 -0.525407 -0.303772
vn -0.794777 -0.525407 -0.303772
vn 0.268328 -0.881166 0.389291
vn 0.268328 -0.881166 0.389291
vn 0.268328 -0.881166 0.389291
vn 0.268328 -0.881166 0.389291
vn -0.162419 -0.956311 0.243083
vn -0.162419 -0.956311 0.243083
vn -0.162419 -0.956311 0.243083
vn -0.162419 -0.956311 0.243083
vn -0.868965 -0.490228 -0.067650
vn -0.868965 -0.490228 -0.067650
vn -0.868965 -0.490228 -0.067650
vn -0.868965 -0.490228 -0.067650
vn -0.978713 0.164137 -0.123209
vn -0.978713 0.164137 -0.123209
vn -0.978713 0.164137 -0.123209
vn -0.978713 0.164137 -0.123209
vn -0.545776 0.837585 0.024096
vn -0.545776 0.837585 0.024096
vn -0.545776 0.837585 0.024096
vn -0.545776 0.837585 0.024096
vn -0.092603 0.981022 0.170355
vn -0.092603 0.981022 0.170355
vn -0.092603 0.981022 0.170355
vn -0.092603 0.981022 0.170355
vn 0.688802 0.552944 0.468833
vn 0.688802 0.552944 0.468833
vn 0.688802 0.552944 0.468833
vn 0.688802 0.552944 0.468833
vn 0.814280 -0.170519 0.554861
vn 0.814280 -0.170519 0.554861
vn 0.814280 -0.170519 0.554861
vn 0.814280 -0.170519 0.554861
vn 0.581868 -0.782311 0.222305
vn 0.581868 -0.782311 0.222305
vn 0.581868 -0.782311 0.222305
vn 0.581868 -0.782311 0.222305
vn 0.906654 -0.055218 0.418246
vn 0.906654 -0.055218 0.418246
vn 0.906654 -0.055218 0.418246
vn 0.906654 -0.055218 0.418246
vn 0.756265 0.449730 0.475191
vn 0.756265 0.449730 0.475191
vn 0.756265 0.449730 0.475191
vn 0.756265 0.449730 0.475191
vn 0.001536 0.973582 0.228332
vn 0.001536 0.973582 0.228332
vn 0.001536 0.973582 0.228332
vn 0.001536 0.973582 0.228332
vn -0.823884 0.376979 -0.423205
vn -0.823884 0.376979 -0.423205
vn -0.823884 0.376979 -0.423205
vn -0.823884 0.376979 -0.423205
vn -0.574382 0.802199 -0.162975
vn -0.574382 0.802199 -0.162975
vn -0.574382 0.802199 -0.162975
vn -0.574382 0.802199 -0.162975
vn -0.145891 -0.987911 -0.052415
vn -0.145891 -0.987911 -0.052415
vn -0.145891 -0.987911 -0.052415
vn -0.145891 -0.987911 -0.052415
vn -0.833760 -0.263795 -0.485032
vn -0.833760 -0.263795 -0.485032
vn -0.833760 -0.263795 -0.485032
vn -0.833760 -0.263795 -0.485032
vn -0.132220 0.319612 0.938278
vn -0.132220 0.319612 0.938278
vn -0.132220 0.319612 0.938278
vn -0.132220 0.319612 0.938278
vn 0.099406 -0.298940 0.949080
vn 0.099405 -0.298940 0.949080
vn 0.099406 -0.298940 0.949080
vn 0.099405 -0.298940 0.949080
vn -0.275081 0.825682 0.492524
vn -0.275081 0.825682 0.492524
vn -0.275081 0.825682 0.492524
vn -0.275081 0.825682 0.492524
vn -0.518788 0.846535 0.119326
vn -0.518788 0.846535 0.119326
vn -0.518788 0.846534 0.119326
vn -0.518788 0.846535 0.119326
vn -0.711084 0.686412 -0.152310
vn -0.711084 0.686412 -0.152310
vn -0.711084 0.686412 -0.152310
vn -0.711084 0.686412 -0.152310
vn -0.759410 0.597951 -0.256421
vn -0.759410 0.597951 -0.256421
vn -0.759410 0.597951 -0.256421
vn -0.759410 0.597951 -0.256421
vn -0.765783 0.522827 -0.374470
vn -0.765783 0.522827 -0.374470
vn -0.765783 0.522827 -0.374470
vn -0.765783 0.522827 -0.374470
vn -0.658939 0.158175 -0.735378
vn -0.658939 0.158175 -0.735378
vn -0.658939 0.158175 -0.735378
vn -0.658939 0.158175 -0.735378
vn -0.095739 -0.287361 -0.953026
vn -0.095739 -0.287361 -0.953026
vn -0.095739 -0.287361 -0.953026
vn -0.095739 -0.287361 -0.953026
vn 0.455173 -0.622375 -0.636762
vn 0.455173 -0.622375 -0.636762
vn 0.455173 -0.622375 -0.636762
vn 0.455173 -0.622375 -0.636762
vn 0.737590 -0.669447 -0.088322
vn 0.737590 -0.669447 -0.088322
vn 0.737590 -0.669447 -0.088322
vn 0.737590 -0.669447 -0.088322
vn 0.774261 -0.596792 0.210617
vn 0.774261 -0.596792 0.210617
vn 0.774261 -0.596792 0.210618
vn 0.774261 -0.596792 0.210617
vn 0.729174 -0.643398 0.233119
vn 0.729174 -0.643398 0.233119
vn 0.729174 -0.643398 0.233119
vn 0.729174 -0.643398 0.233119
vn 0.658281 -0.566396 0.495844
vn 0.658281 -0.566396 0.495844
vn 0.658281 -0.566396 0.495844
vn 0.658281 -0.566396 0.495844
vn -0.578778 0.720770 0.381454
vn -0.578778 0.720770 0.381454
vn -0.578778 0.720770 0.381454
vn -0.578778 0.720770 0.381454
vn -0.458572 0.887984 0.034602
vn -0.458572 0.887984 0.034602
vn -0.458572 0.887983 0.034602
vn -0.458572 0.887983 0.034602
vn -0.517608 0.835178 -0.185905
vn -0.517608 0.835178 -0.185905
vn -0.517608 0.835178 -0.185905
vn -0.517608 0.835178 -0.185905
vn -0.548721 0.751642 -0.365977
vn -0.548721 0.751642 -0.365977
vn -0.548721 0.751642 -0.365977
vn -0.548721 0.751642 -0.365977
vn -0.510992 0.674369 -0.533023
vn -0.510992 0.674369 -0.533023
vn -0.510992 0.674369 -0.533023
vn -0.510992 0.674369 -0.533023
vn -0.460357 0.449503 -0.765518
vn -0.460357 0.449503 -0.765518
vn -0.460357 0.449503 -0.765518
vn -0.460357 0.449503 -0.765518
vn -0.076767 -0.084950 -0.993424
vn -0.076767 -0.084950 -0.993424
vn -0.076767 -0.084950 -0.993424
vn -0.076767 -0.084950 -0.993424
vn 0.473801 -0.581269 -0.661543
vn 0.473801 -0.581269 -0.661543
vn 0.473801 -0.581269 -0.661543
vn 0.473801 -0.581269 -0.661543
vn 0.688355 -0.722479 -0.064749
vn 0.688355 -0.722479 -0.064749
vn 0.688355 -0.722479 -0.064749
vn 0.688355 -0.722479 -0.064749
vn 0.623449 -0.759243 0.186712
vn 0.623449 -0.759243 0.186712
vn 0.623449 -0.759243 0.186712
vn 0.623449 -0.759243 0.186712
vn 0.536352 -0.811635 0.231463
vn 0.536352 -0.811635 0.231463
vn 0.536352 -0.811635 0.231463
vn 0.536352 -0.811635 0.231463
vn 0.510358 -0.690849 0.512115
vn 0.510358 -0.690849 0.512115
vn 0.510358 -0.690849 0.512115
vn 0.510358 -0.690849 0.512115
vn -0.330575 0.943750 -0.007451
vn -0.330575 0.943750 -0.007451
vn -0.330575 0.943750 -0.007451
vn -0.330575 0.943750 -0.007451
vn -0.415733 0.908946 -0.031350
vn -0.415733 0.908946 -0.031350
vn -0.415733 0.908946 -0.031350
vn -0.415733 0.908946 -0.031350
vn -0.472317 0.870366 -0.139211
vn -0.472317 0.870366 -0.139211
vn -0.472317 0.870366 -0.139211
vn -0.472317 0.870366 -0.139211
vn -0.519435 0.742261 -0.423363
vn -0.519435 0.742261 -0.423363
vn -0.519435 0.742261 -0.423363
vn -0.519435 0.742261 -0.423363
vn -0.494148 0.605776 -0.623581
vn -0.494148 0.605776 -0.623581
vn -0.494148 0.605776 -0.623581
vn -0.494148 0.605776 -0.623581
vn -0.389116 0.474677 -0.789475
vn -0.389116 0.474677 -0.789475
vn -0.389116 0.474677 -0.789475
vn -0.389116 0.474677 -0.789475
vn 0.023321 -0.040394 -0.998912
vn 0.023321 -0.040394 -0.998912
vn 0.023321 -0.040394 -0.998912
vn 0.023321 -0.040394 -0.998912
vn 0.513955 -0.564303 -0.646075
vn 0.513955 -0.564303 -0.646075
vn 0.513955 -0.564303 -0.646075
vn 0.513955 -0.564303 -0.646075
vn 0.649316 -0.730886 -0.210222
vn 0.649316 -0.730886 -0.210222
vn 0.649317 -0.730886 -0.210222
vn 0.649316 -0.730886 -0.210222
vn 0.684572 -0.719341 0.117939
vn 0.684572 -0.719341 0.117939
vn 0.684572 -0.719341 0.117939
vn 0.684572 -0.719341 0.117939
vn 0.729553 -0.673358 0.119753
vn 0.729553 -0.673358 0.119753
vn 0.729553 -0.673358 0.119753
vn 0.729553 -0.673358 0.119753
vn 0.802717 -0.468488 0.369005
vn 0.802717 -0.468488 0.369005
vn 0.802717 -0.468488 0.369005
vn 0.802717 -0.468488 0.369005
vn -0.837676 0.546160 0.002952
vn -0.837676 0.546160 0.002952
vn -0.837676 0.546160 0.002952
vn -0.837676 0.546160 0.002952
vn 0.072403 0.937539 0.340261
vn 0.072403 0.937539 0.340261
vn 0.072403 0.937540 0.340261
vn 0.072403 0.937540 0.340261
vn 0.798716 0.392275 0.456260
vn 0.798716 0.392275 0.456260
vn 0.798716 0.392275 0.456260
vn 0.798716 0.392275 0.456260
vn 0.886603 0.024716 0.461870
vn 0.886603 0.024716 0.461870
vn 0.886603 0.024716 0.461870
vn 0.886603 0.024716 0.461870
vn 0.659073 -0.601910 0.450918
vn 0.659073 -0.601910 0.450918
vn 0.659073 -0.601910 0.450918
vn 0.659073 -0.601910 0.450918
vn 0.065624 0.922710 0.379869
vn 0.065624 0.922710 0.379869
vn 0.065624 0.922710 0.379869
vn 0.065624 0.922710 0.379869
vn 0.627926 0.356603 0.691768
vn 0.627926 0.356603 0.691768
vn 0.627926 0.356603 0.691768
vn 0.627926 0.356603 0.691768
vn 0.822626 -0.166380 0.543695
vn 0.822626 -0.166380 0.543695
vn 0.822626 -0.166380 0.543695
vn 0.822626 -0.166380 0.543695
vn 0.790172 -0.017508 0.612635
vn 0.790172 -0.017508 0.612635
vn 0.790172 -0.017508 0.612635
vn 0.790172 -0.017508 0.612635
vn -0.018822 -0.170544 -0.985170
vn -0.018822 -0.170544 -0.985170
vn -0.018822 -0.170544 -0.985170
vn -0.018822 -0.170544 -0.985170
vn -0.317138 0.320938 -0.892425
vn -0.317138 0.320939 -0.892425
vn -0.317138 0.320939 -0.892425
vn -0.317138 0.320939 -0.892425
vn -0.463571 0.531006 -0.709320
vn -0.463571 0.531006 -0.709320
vn -0.463571 0.531006 -0.709320
vn -0.463571 0.531006 -0.709320
vn -0.563259 0.627251 -0.537862
vn -0.563259 0.627251 -0.537862
vn -0.563259 0.627251 -0.537862
vn -0.563259 0.627251 -0.537862
vn -0.513491 0.855964 -0.060432
vn -0.513491 0.855964 -0.060432
vn -0.513491 0.855964 -0.060432
vn -0.513491 0.855964 -0.060432
vn -0.447001 0.893489 0.043218
vn -0.447001 0.893489 0.043218
vn -0.447001 0.893489 0.043218
vn -0.447001 0.893489 0.043218
vn -0.356088 0.917472 0.177334
vn -0.356088 0.917472 0.177334
vn -0.356088 0.917472 0.177334
vn -0.356088 0.917472 0.177334
vn -0.109936 0.847222 0.519739
vn -0.109936 0.847223 0.519739
vn -0.109936 0.847223 0.519739
vn -0.109936 0.847222 0.519739
vn 0.151586 0.488993 0.859015
vn 0.151586 0.488993 0.859015
vn 0.151586 0.488993 0.859015
vn 0.151586 0.488993 0.859015
vn 0.362243 -0.195755 0.911296
vn 0.362243 -0.195755 0.911296
vn 0.362243 -0.195755 0.911296
vn 0.362243 -0.195755 0.911296
vn 0.355624 -0.379682 0.854034
vn 0.355624 -0.379682 0.854034
vn 0.355624 -0.379682 0.854034
vn 0.355624 -0.379682 0.854034
vn 0.416041 -0.683384 0.599914
vn 0.416041 -0.683384 0.599914
vn 0.416041 -0.683384 0.599914
vn 0.416041 -0.683384 0.599914
vn 0.432798 -0.827101 0.358595
vn 0.432798 -0.827101 0.358595
vn 0.432798 -0.827101 0.358595
vn 0.432798 -0.827101 0.358595
vn 0.450196 -0.873449 0.185502
vn 0.450196 -0.873449 0.185502
vn 0.450196 -0.873449 0.185502
vn 0.450196 -0.873449 0.185502
vn 0.389583 -0.869822 -0.302713
vn 0.389583 -0.869822 -0.302713
vn 0.389583 -0.869822 -0.302713
vn 0.389583 -0.869822 -0.302713
vn 0.241829 -0.650564 -0.719921
vn 0.241829 -0.650564 -0.719921
vn 0.241829 -0.650564 -0.719921
vn 0.241829 -0.650564 -0.719921
s 1
g group1 Squirrel_0000000000001
usemtl lambert17SG
f 1611/1708/1457 2439/1709/1458 1612/1710/1459 2543/1711/1460
f 1611/1708/1457 2543/1711/1460 2540/1712/1461 2541/1713/1462
f 1611/1708/1457 2541/1713/1462 3292/1714/1463 2438/1715/1464
f 1611/1708/1457 2438/1715/1464 2440/1716/1465 2439/1709/1458
f 1612/1710/1459 2442/1717/1466 1613/1718/1467 2545/1719/1468
f 1612/1710/1459 2545/1719/1468 2542/1720/1469 2543/1711/1460
f 1612/1710/1459 2439/1709/1458 2443/1721/1470 2442/1717/1466
f 1613/1718/1467 2446/1722/1471 1614/1723/1472 2546/1724/1473
f 1613/1718/1467 2546/1724/1473 2544/1725/1474 2545/1719/1468
f 1613/1718/1467 2442/1717/1466 2447/1726/1475 2446/1722/1471
f 1614/1723/1472 2449/5825/1476 1615/5824/1477 2547/1729/1478
f 1614/1723/1472 2547/1729/1478 2496/1730/1479 2546/1724/1473
f 1614/1723/1472 2446/1722/1471 2450/5820/1480 2449/5825/1476
f 1615/1728/1477 3301/1732/1481 1604/1733/1482 1526/1734/1483
f 1615/5824/1477 1526/5813/1483 1525/5938/1484 2547/1729/1478
f 1615/1728/1477 2449/1727/1476 3210/1736/1485 3301/1732/1481
f 1616/1737/1486 2035/1738/1487 1791/1739/1488 2889/1740/1489
f 1616/1737/1486 2889/1740/1489 2888/1741/1490 3103/1742/1491
f 1616/1737/1486 3103/1742/1491 2980/1743/1492 2854/1744/1493
f 1616/1737/1486 2854/1744/1493 2029/1745/1494 2035/1738/1487
f 1617/1746/1495 2036/1747/1496 2037/1748/1497 1619/6032/1498
f 1617/1746/1495 1619/6032/1498 1618/6031/1499 1793/1751/1500
f 1617/1746/1495 1793/1751/1500 1792/1752/1501 1791/1739/1488
f 1617/1746/1495 1791/1739/1488 2035/1738/1487 2036/1747/1496
f 1618/1750/1499 1619/1749/1498 1622/1753/1502 1621/1754/1503
f 1618/1750/1499 1621/1754/1503 1620/1755/1504 1796/1756/1505
f 1618/6031/1499 1796/6030/1505 1795/1757/1506 1793/1751/1500
f 1619/1749/1498 2037/6023/1497 2038/1758/1507 1622/1753/1502
f 1620/1755/1504 1624/1759/1508 1623/1760/1509 1799/1761/1510
f 1620/1755/1504 1799/1761/1510 1798/1762/1511 1796/1756/1505
f 1620/1755/1504 1621/1754/1503 1625/1763/1512 1624/1759/1508
f 1621/1754/1503 1622/1753/1502 2042/1764/1513 1625/1763/1512
f 1622/1753/1502 2038/1758/1507 2039/1765/1514 2042/1764/1513
f 1623/1760/1509 1627/1766/1515 1626/1767/1516 1803/1768/1517
f 1623/1760/1509 1803/1768/1517 1802/1769/1518 1799/1761/1510
f 1623/1760/1509 1624/1759/1508 1628/1770/1519 1627/1766/1515
f 1624/1759/1508 1625/1763/1512 1629/1771/1520 1628/1770/1519
f 1625/1763/1512 2042/1764/1513 2043/1772/1521 1629/1771/1520
f 1626/1767/1516 1630/1773/1522 3286/1774/1523 1808/1775/1524
f 1626/1767/1516 1808/1775/1524 1807/1776/1525 1803/1768/1517
f 1626/1767/1516 1627/1766/1515 1631/1777/1526 1630/1773/1522
f 1627/1766/1515 1628/1770/1519 1632/1778/1527 1631/1777/1526
f 1628/1770/1519 1629/1771/1520 1633/1779/1528 1632/1778/1527
f 1629/1771/1520 2043/1772/1521 2044/1780/1529 1633/1779/1528
f 1630/1773/1522 1631/1777/1526 3209/1781/1530 2077/1782/1531
f 1630/1773/1522 2077/1782/1531 2076/1783/1532 3286/1774/1523
f 1631/1777/1526 1632/1778/1527 1634/1784/1533 3209/1781/1530
f 1632/1778/1527 1633/1779/1528 1635/1785/1534 1634/1784/1533
f 1633/1779/1528 2044/1780/1529 2045/1786/1535 1635/1785/1534
f 1634/1784/1533 1635/1785/1534 3296/1787/1536 2082/1788/1537
f 1634/1784/1533 2082/1788/1537 2081/1789/1538 3209/1781/1530
f 1635/1785/1534 2045/1786/1535 2343/1790/1539 3296/1787/1536
f 1636/1791/1540 2841/1792/1541 2133/1793/1542 2840/1794/1543
f 1636/1791/1540 2840/1794/1543 2824/1795/1544 3152/1796/1545
f 1636/1791/1540 3152/1796/1545 3153/1797/1546 3242/1798/1547
f 1636/1791/1540 3242/1798/1547 2842/1799/1548 2841/1792/1541
f 1637/5830/1549 1603/5828/1550 1604/1733/1482 3301/1732/1481
f 1637/5830/1549 3301/1732/1481 2578/1802/1551 3014/5803/1552
f 1637/1800/1549 3014/5829/1552 1638/5802/1553 2843/1805/1554
f 1637/1800/1549 2843/1805/1554 1602/1806/1555 1603/1801/1550
f 1638/1804/1553 3015/1807/1556 2959/1808/1557 2899/1809/1558
f 1638/5802/1553 2899/5784/1558 3284/1810/1559 2843/1805/1554
f 1638/1804/1553 3014/6046/1552 2583/6044/1560 3015/1807/1556
f 1639/1812/1561 1643/1813/1562 1642/1814/1563 1662/1815/1564
f 1639/1812/1561 1662/1815/1564 2637/1816/1565 2638/1817/1566
f 1639/1812/1561 2638/1817/1566 2310/1818/1567 1640/1819/1568
f 1639/1812/1561 1640/1819/1568 1644/1820/1569 1643/1813/1562
f 1640/1819/1568 1641/1821/1570 1645/1822/1571 1644/1820/1569
f 1640/1819/1568 2310/1818/1567 2311/1823/1572 1641/1821/1570
f 1641/1821/1570 2311/1823/1572 2312/1824/1573 3303/1825/1574
f 1641/1821/1570 3303/1825/1574 2276/1826/1575 1645/1822/1571
f 1642/1814/1563 1643/1813/1562 1648/1827/1576 1647/1828/1577
f 1642/1814/1563 1647/1828/1577 1646/1829/1578 1661/1830/1579
f 1642/1814/1563 1661/1830/1579 1663/1831/1580 1662/1815/1564
f 1643/1813/1562 1644/1820/1569 1649/1832/1581 1648/1827/1576
f 1644/1820/1569 1645/1822/1571 1650/1833/1582 1649/1832/1581
f 1645/1822/1571 2276/1826/1575 2277/1834/1583 1650/1833/1582
f 1646/1829/1578 1647/1828/1577 1651/1835/1584 2515/1836/1585
f 1646/1829/1578 2515/1836/1585 2333/1837/1586 2514/1838/1587
f 1646/1829/1578 2514/1838/1587 1778/1839/1588 1661/1830/1579
f 1647/1828/1577 1648/1827/1576 1652/1840/1589 1651/1835/1584
f 1648/1827/1576 1649/1832/1581 1653/1841/1590 1652/1840/1589
f 1649/1832/1581 1650/1833/1582 1654/1842/1591 1653/1841/1590
f 1650/1833/1582 2277/1834/1583 2278/1843/1592 1654/1842/1591
f 1651/1835/1584 1652/1840/1589 1655/1844/1593 2517/1845/1594
f 1651/1835/1584 2517/1845/1594 2516/1846/1595 2515/1836/1585
f 1652/1840/1589 1653/1841/1590 1656/1847/1596 1655/1844/1593
f 1653/1841/1590 1654/1842/1591 1657/1848/1597 1656/1847/1596
f 1654/1842/1591 2278/1843/1592 2279/1849/1598 1657/1848/1597
f 1655/1844/1593 1656/1847/1596 1658/1850/1599 2519/1851/1600
f 1655/1844/1593 2519/1851/1600 2518/1852/1601 2517/1845/1594
f 1656/1847/1596 1657/1848/1597 1659/1853/1602 1658/1850/1599
f 1657/1848/1597 2279/1849/1598 2280/1854/1603 1659/1853/1602
f 1658/1850/1599 1659/1853/1602 1660/1855/1604 2522/1856/1605
f 1658/1850/1599 2522/1856/1605 2521/1857/1606 2519/1851/1600
f 1659/1853/1602 2280/1854/1603 2281/1858/1607 1660/1855/1604
f 1660/1855/1604 2281/1858/1607 2497/1859/1608 3276/1860/1609
f 1660/1855/1604 3276/1860/1609 2524/1861/1610 2522/1856/1605
f 1661/1830/1579 1778/1839/1588 1780/1862/1611 1663/1831/1580
f 1662/1815/1564 1663/1831/1580 3290/1863/1612 2637/1816/1565
f 1663/1831/1580 1780/1862/1611 2636/1864/1613 3290/1863/1612
f 1664/1865/1614 3025/1866/1615 3120/1867/1616 3151/1868/1617
f 1664/1865/1614 3151/1868/1617 3129/1869/1618 3130/1870/1619
f 1664/1865/1614 3130/1870/1619 3131/1871/1620 3119/1872/1621
f 1664/1865/1614 3119/1872/1621 1824/1873/1622 3025/1866/1615
f 1665/1874/1623 3150/1875/1624 3151/1868/1617 3120/1867/1616
f 1665/1874/1623 3120/1867/1616 3261/1876/1625 3026/1877/1626
f 1665/1874/1623 3026/1877/1626 3122/1878/1627 3164/1879/1628
f 1665/1874/1623 3164/1879/1628 3149/1880/1629 3150/1875/1624
f 1666/1881/1630 2939/1882/1631 3252/1883/1632 3169/1884/1633
f 1666/1881/1630 3169/1884/1633 3161/1885/1634 3162/1886/1635
f 1666/1881/1630 3162/1886/1635 3163/1887/1636 3121/5874/1637
f 1666/1881/1630 3121/5874/1637 3116/5873/1638 2939/1882/1631
f 1667/1890/1639 1668/1891/1640 2160/1892/1641 2161/1893/1642
f 1667/1890/1639 2161/1893/1642 2162/1894/1643 3207/1895/1644
f 1667/1890/1639 3207/1895/1644 1921/1896/1645 1922/1897/1646
f 1667/1890/1639 1922/1897/1646 1923/1898/1647 1668/1891/1640
f 1668/1891/1640 1669/1899/1648 2159/1900/1649 2160/1892/1641
f 1668/1891/1640 1923/1898/1647 1924/1901/1650 1669/1899/1648
f 1669/1899/1648 1670/1902/1651 2158/1903/1652 2159/1900/1649
f 1669/1899/1648 1924/1901/1650 1925/1904/1653 1670/1902/1651
f 1670/1902/1651 1671/1905/1654 2157/1906/1655 2158/1903/1652
f 1670/1902/1651 1925/1904/1653 1926/1907/1656 1671/1905/1654
f 1671/1905/1654 1672/1908/1657 2156/1909/1658 2157/1906/1655
f 1671/1905/1654 1926/1907/1656 1927/1910/1659 1672/1908/1657
f 1672/1908/1657 1673/1911/1660 3292/1714/1463 2156/1909/1658
f 1672/1908/1657 1927/1910/1659 1928/1912/1661 1673/1911/1660
f 1673/1911/1660 1674/1913/1662 2438/1715/1464 3292/1714/1463
f 1673/1911/1660 1928/1912/1661 1929/1914/1663 1674/1913/1662
f 1674/1913/1662 2441/1915/1664 2440/1716/1465 2438/1715/1464
f 1674/1913/1662 1929/1914/1663 1930/1916/1665 2441/1915/1664
f 1675/1917/1666 1676/1918/1667 3262/1919/1668 2726/1920/1669
f 1675/1917/1666 2726/1920/1669 2738/1921/1670 2739/1922/1671
f 1675/1917/1666 2739/1922/1671 2837/1923/1672 2954/1924/1673
f 1675/1917/1666 2954/1924/1673 2955/1925/1674 1676/1918/1667
f 1676/1918/1667 2955/1925/1674 2956/1926/1675 1677/1927/1676
f 1676/1918/1667 1677/1927/1676 1734/1928/1677 3262/1919/1668
f 1677/1927/1676 1735/1929/1678 1733/1930/1679 1734/1928/1677
f 1677/1927/1676 2956/1926/1675 2957/1931/1680 1735/1929/1678
f 1678/1932/1681 2868/1933/1682 2867/1934/1683 1679/1935/1684
f 1678/1932/1681 1679/1935/1684 1681/1936/1685 1680/1937/1686
f 1678/1932/1681 1680/1937/1686 1985/1938/1687 3266/1939/1688
f 1678/1932/1681 3266/1939/1688 1823/1940/1689 2868/1933/1682
f 1679/1935/1684 3178/1941/1690 3179/1942/1691 1681/1936/1685
f 1679/1935/1684 2867/1934/1683 3181/1943/1692 3178/1941/1690
f 1680/1937/1686 1987/5848/1693 1986/5845/1694 1985/1938/1687
f 1680/1937/1686 1681/1936/1685 1682/5847/1695 1987/5848/1693
f 1681/1936/1685 3179/1942/1691 3180/1947/1696 1682/5847/1695
f 1682/1946/1695 1990/1948/1697 1989/1949/1698 1987/1944/1693
f 1682/1946/1695 3180/5841/1696 2920/1950/1699 1990/1948/1697
f 1683/1951/1700 1686/1952/1701 1826/1953/1702 1825/1954/1703
f 1683/1951/1700 1825/1954/1703 1823/1940/1689 3266/1939/1688
f 1683/1951/1700 3266/1939/1688 2259/1955/1704 1684/5759/1705
f 1683/1951/1700 1684/5759/1705 1687/5758/1706 1686/1952/1701
f 1684/1956/1705 1685/1958/1707 1688/1959/1708 1687/1957/1706
f 1684/1956/1705 2259/5757/1704 2260/1960/1709 1685/1958/1707
f 1685/1958/1707 2260/1960/1709 2261/1961/1710 2263/1962/1711
f 1685/1958/1707 2263/1962/1711 1689/1963/1712 1688/1959/1708
f 1686/1952/1701 1687/5758/1706 3032/5746/1713 3031/1965/1714
f 1686/1952/1701 3031/1965/1714 3261/1876/1625 1826/1953/1702
f 1687/1957/1706 1688/1959/1708 3033/1966/1715 3032/1964/1713
f 1688/1959/1708 1689/1963/1712 3034/1967/1716 3033/1966/1715
f 1689/1963/1712 1690/1968/1717 3035/1969/1718 3034/1967/1716
f 1689/1963/1712 2263/1962/1711 2264/1970/1719 1690/1968/1717
f 1690/1968/1717 2264/1970/1719 2265/1971/1720 2266/1972/1721
f 1690/1968/1717 2266/1972/1721 3036/1973/1722 3035/1969/1718
f 1691/1974/1723 1692/1975/1724 1697/1976/1725 1696/1977/1726
f 1691/1974/1723 1696/1977/1726 1727/1978/1727 1726/1979/1728
f 1691/1974/1723 1726/1979/1728 3299/6021/1729 2355/1981/1730
f 1691/1974/1723 2355/1981/1730 2356/1982/1731 1692/1975/1724
f 1692/1975/1724 1693/1983/1732 1698/1984/1733 1697/1976/1725
f 1692/1975/1724 2356/1982/1731 2357/1985/1734 1693/1983/1732
f 1693/1983/1732 2357/1985/1734 2358/1986/1735 1694/1987/1736
f 1693/1983/1732 1694/1987/1736 1699/1988/1737 1698/1984/1733
f 1694/1987/1736 2358/1986/1735 2359/1989/1738 1695/1990/1739
f 1694/1987/1736 1695/1990/1739 1700/1991/1740 1699/1988/1737
f 1695/1990/1739 2359/1989/1738 2360/1992/1741 2364/1993/1742
f 1695/1990/1739 2364/1993/1742 1701/1994/1743 1700/1991/1740
f 1696/1977/1726 1697/1976/1725 1707/1995/1744 1706/1996/1745
f 1696/1977/1726 1706/1996/1745 1728/1997/1746 1727/1978/1727
f 1697/1976/1725 1698/1984/1733 1708/1998/1747 1707/1995/1744
f 1698/1984/1733 1699/1988/1737 1709/1999/1748 1708/1998/1747
f 1699/1988/1737 1700/1991/1740 1710/2000/1749 1709/1999/1748
f 1700/1991/1740 1701/1994/1743 1711/2001/1750 1710/2000/1749
f 1701/1994/1743 1702/2002/1751 1712/2003/1752 1711/2001/1750
f 1701/1994/1743 2364/1993/1742 2365/2004/1753 1702/2002/1751
f 1702/2002/1751 1703/2005/1754 1713/2006/1755 1712/2003/1752
f 1702/2002/1751 2365/2004/1753 2366/2007/1756 1703/2005/1754
f 1703/2005/1754 2366/2007/1756 2367/2008/1757 1704/2009/1758
f 1703/2005/1754 1704/2009/1758 2283/2010/1759 1713/2006/1755
f 1704/2009/1758 2367/2008/1757 2368/2011/1760 1705/2012/1761
f 1704/2009/1758 1705/2012/1761 2284/2013/1762 2283/2010/1759
f 1705/2012/1761 2368/2011/1760 2500/2014/1763 2498/2015/1764
f 1705/2012/1761 2498/2015/1764 2282/2016/1765 2284/2013/1762
f 1706/1996/1745 1707/1995/1744 1715/2017/1766 1714/2018/1767
f 1706/1996/1745 1714/2018/1767 1729/2019/1768 1728/1997/1746
f 1707/1995/1744 1708/1998/1747 1716/2020/1769 1715/2017/1766
f 1708/1998/1747 1709/1999/1748 1717/2021/1770 1716/2020/1769
f 1709/1999/1748 1710/2000/1749 1718/2022/1771 1717/2021/1770
f 1710/2000/1749 1711/2001/1750 1719/2023/1772 1718/2022/1771
f 1711/2001/1750 1712/2003/1752 2285/2024/1773 1719/2023/1772
f 1712/2003/1752 1713/2006/1755 2286/2025/1774 2285/2024/1773
f 1713/2006/1755 2283/2010/1759 2287/2026/1775 2286/2025/1774
f 1714/2018/1767 1720/2027/1776 1730/2028/1777 1729/2019/1768
f 1714/2018/1767 1715/2017/1766 1721/2029/1778 1720/2027/1776
f 1715/2017/1766 1716/2020/1769 1722/2030/1779 1721/2029/1778
f 1716/2020/1769 1717/2021/1770 1723/2031/1780 1722/2030/1779
f 1717/2021/1770 1718/2022/1771 2289/2032/1781 1723/2031/1780
f 1718/2022/1771 1719/2023/1772 2290/2033/1782 2289/2032/1781
f 1719/2023/1772 2285/2024/1773 2291/2034/1783 2290/2033/1782
f 1720/2027/1776 1724/2035/1784 1731/2036/1785 1730/2028/1777
f 1720/2027/1776 1721/2029/1778 1725/2037/1786 1724/2035/1784
f 1721/2029/1778 1722/2030/1779 2294/2038/1787 1725/2037/1786
f 1722/2030/1779 1723/2031/1780 2295/2039/1788 2294/2038/1787
f 1723/2031/1780 2289/2032/1781 2296/2040/1789 2295/2039/1788
f 1724/2035/1784 3297/2041/1790 1779/2042/1791 1731/2036/1785
f 1724/2035/1784 1725/2037/1786 2301/2043/1792 3297/2041/1790
f 1725/2037/1786 2294/2038/1787 2302/2044/1793 2301/2043/1792
f 1726/1979/1728 1727/1978/1727 2329/2045/1794 2327/2046/1795
f 1726/1979/1728 2327/2046/1795 2324/2047/1796 3299/6021/1729
f 1727/1978/1727 1728/1997/1746 2331/2048/1797 2329/2045/1794
f 1728/1997/1746 1729/2019/1768 2332/2049/1798 2331/2048/1797
f 1729/2019/1768 1730/2028/1777 2333/1837/1586 2332/2049/1798
f 1730/2028/1777 1731/2036/1785 2514/1838/1587 2333/1837/1586
f 1731/2036/1785 1779/2042/1791 1778/1839/1588 2514/1838/1587
f 1732/2050/1799 1733/1930/1679 1959/2051/1800 1960/2052/1801
f 1732/2050/1799 1960/2052/1801 2797/2053/1802 3251/2054/1803
f 1732/2050/1799 3251/2054/1803 2737/2055/1804 3226/2056/1805
f 1732/2050/1799 3226/2056/1805 1734/1928/1677 1733/1930/1679
f 1733/1930/1679 1735/1929/1678 1958/2057/1806 1959/2051/1800
f 1734/1928/1677 3226/2056/1805 2726/1920/1669 3262/1919/1668
f 1735/1929/1678 2957/1931/1680 3282/2058/1807 1958/2057/1806
f 1736/2059/1808 2000/5988/1809 1999/5987/1810 1737/2062/1811
f 1736/2059/1808 1737/2062/1811 1741/2063/1812 1740/2064/1813
f 1736/2059/1808 1740/2064/1813 1769/2065/1814 3088/2066/1815
f 1736/2059/1808 3088/2066/1815 3173/2067/1816 2000/5988/1809
f 1737/2062/1811 1999/5987/1810 1998/5986/1817 1738/2069/1818
f 1737/2062/1811 1738/2069/1818 1742/2070/1819 1741/2063/1812
f 1738/2069/1818 1998/5986/1817 1997/5985/1820 1739/2072/1821
f 1738/2069/1818 1739/2072/1821 1743/2073/1822 1742/2070/1819
f 1739/2072/1821 1997/5985/1820 2255/5982/1823 2844/2075/1824
f 1739/2072/1821 2844/2075/1824 2050/2076/1825 1743/2073/1822
f 1740/2064/1813 1741/2063/1812 1745/2077/1826 1744/2078/1827
f 1740/2064/1813 1744/2078/1827 1764/2079/1828 1769/2065/1814
f 1741/2063/1812 1742/2070/1819 1746/2080/1829 1745/2077/1826
f 1742/2070/1819 1743/2073/1822 2051/2081/1830 1746/2080/1829
f 1743/2073/1822 2050/2076/1825 2052/2082/1831 2051/2081/1830
f 1744/2078/1827 1747/2083/1832 1760/2084/1833 1764/2079/1828
f 1744/2078/1827 1745/2077/1826 1748/2085/1834 1747/2083/1832
f 1745/2077/1826 1746/2080/1829 1749/2086/1835 1748/2085/1834
f 1746/2080/1829 2051/2081/1830 2054/2087/1836 1749/2086/1835
f 1747/2083/1832 1750/2088/1837 1757/2089/1838 1760/2084/1833
f 1747/2083/1832 1748/2085/1834 1751/2090/1839 1750/2088/1837
f 1748/2085/1834 1749/2086/1835 2057/2091/1840 1751/2090/1839
f 1749/2086/1835 2054/2087/1836 2058/2092/1841 2057/2091/1840
f 1750/2088/1837 1752/2093/1842 1755/2094/1843 1757/2089/1838
f 1750/2088/1837 1751/2090/1839 2060/2095/1844 1752/2093/1842
f 1751/2090/1839 2057/2091/1840 2061/2096/1845 2060/2095/1844
f 1752/2093/1842 1753/2097/1846 1754/2098/1847 1755/2094/1843
f 1752/2093/1842 2060/2095/1844 2062/2099/1848 1753/2097/1846
f 1753/2097/1846 2010/2100/1849 3030/2101/1850 1754/2098/1847
f 1753/2097/1846 2062/2099/1848 2013/2102/1851 2010/2100/1849
f 1754/2098/1847 3030/2101/1850 2870/2103/1852 1856/2104/1853
f 1754/2098/1847 1856/2104/1853 1756/2105/1854 1755/2094/1843
f 1755/2094/1843 1756/2105/1854 1758/2106/1855 1757/2089/1838
f 1756/2105/1854 1856/2104/1853 1857/2107/1856 1858/2108/1857
f 1756/2105/1854 1858/2108/1857 1759/2109/1858 1758/2106/1855
f 1757/2089/1838 1758/2106/1855 1761/2110/1859 1760/2084/1833
f 1758/2106/1855 1759/2109/1858 1762/2111/1860 1761/2110/1859
f 1759/2109/1858 1861/2112/1861 1763/2113/1862 1762/2111/1860
f 1759/2109/1858 1858/2108/1857 1859/2114/1863 1861/2112/1861
f 1760/2084/1833 1761/2110/1859 1765/2115/1864 1764/2079/1828
f 1761/2110/1859 1762/2111/1860 1766/2116/1865 1765/2115/1864
f 1762/2111/1860 1763/2113/1862 1767/2117/1866 1766/2116/1865
f 1763/2113/1862 1863/2118/1867 1768/2119/1868 1767/2117/1866
f 1763/2113/1862 1861/2112/1861 1862/2120/1869 1863/2118/1867
f 1764/2079/1828 1765/2115/1864 1770/2121/1870 1769/2065/1814
f 1765/2115/1864 1766/2116/1865 1771/2122/1871 1770/2121/1870
f 1766/2116/1865 1767/2117/1866 1772/2123/1872 1771/2122/1871
f 1767/2117/1866 1768/2119/1868 3087/2124/1873 1772/2123/1872
f 1769/2065/1814 1770/2121/1870 3089/2125/1874 3088/2066/1815
f 1770/2121/1870 1771/2122/1871 3090/2126/1875 3089/2125/1874
f 1771/2122/1871 1772/2123/1872 3091/2127/1876 3090/2126/1875
f 1772/2123/1872 3087/2124/1873 3285/2128/1877 3091/2127/1876
f 1773/2129/1878 2668/2130/1879 2664/2131/1880 1774/2132/1881
f 1773/2129/1878 1774/2132/1881 1843/2133/1882 2631/2134/1883
f 1773/2129/1878 2631/2134/1883 2626/2135/1884 3279/2136/1885
f 1773/2129/1878 3279/2136/1885 2672/2137/1886 2668/2130/1879
f 1774/2132/1881 2664/2131/1880 1776/2138/1887 1775/2139/1888
f 1774/2132/1881 1775/2139/1888 2341/2140/1889 1843/2133/1882
f 1775/2139/1888 1845/2141/1890 2340/2142/1891 2341/2140/1889
f 1775/2139/1888 1776/2138/1887 1777/2143/1892 1845/2141/1890
f 1776/2138/1887 2664/2131/1880 2663/2144/1893 2661/2145/1894
f 1776/2138/1887 2661/2145/1894 2659/2146/1895 1777/2143/1892
f 1777/2143/1892 1847/2147/1896 1844/2148/1897 1845/2141/1890
f 1777/2143/1892 2659/2146/1895 2657/2149/1898 1847/2147/1896
f 1778/1839/1588 1779/2042/1791 2635/2150/1899 1780/1862/1611
f 1779/2042/1791 3297/2041/1790 2301/2043/1792 2635/2150/1899
f 1780/1862/1611 2635/2150/1899 1781/2151/1900 2636/1864/1613
f 1781/2151/1900 1782/2152/1901 1787/2153/1902 2636/1864/1613
f 1781/2151/1900 2635/2150/1899 2301/2043/1792 2302/2044/1793
f 1781/2151/1900 2302/2044/1793 2303/2154/1903 1782/2152/1901
f 1782/2152/1901 1783/2155/1904 1788/2156/1905 1787/2153/1902
f 1782/2152/1901 2303/2154/1903 2304/2157/1906 1783/2155/1904
f 1783/2155/1904 2304/2157/1906 2305/2158/1907 1784/2159/1908
f 1783/2155/1904 1784/2159/1908 1789/2160/1909 1788/2156/1905
f 1784/2159/1908 2305/2158/1907 2306/2161/1910 1785/2162/1911
f 1784/2159/1908 1785/2162/1911 1790/2163/1912 1789/2160/1909
f 1785/2162/1911 2306/2161/1910 2307/2164/1913 1786/2165/1914
f 1785/2162/1911 1786/2165/1914 2309/2166/1915 1790/2163/1912
f 1786/2165/1914 2307/2164/1913 2308/2167/1916 3280/2168/1917
f 1786/2165/1914 3280/2168/1917 2320/2169/1918 2309/2166/1915
f 1787/2153/1902 2637/1816/1565 3290/1863/1612 2636/1864/1613
f 1787/2153/1902 1788/2156/1905 2638/1817/1566 2637/1816/1565
f 1788/2156/1905 1789/2160/1909 2310/1818/1567 2638/1817/1566
f 1789/2160/1909 1790/2163/1912 2311/1823/1572 2310/1818/1567
f 1790/2163/1912 2309/2166/1915 2312/1824/1573 2311/1823/1572
f 1791/1739/1488 1792/1752/1501 2891/2170/1919 2889/1740/1489
f 1792/1752/1501 1793/1751/1500 1795/1757/1506 1794/2171/1920
f 1792/1752/1501 1794/2171/1920 2893/2172/1921 2891/2170/1919
f 1794/2171/1920 2895/2173/1922 2894/2174/1923 2893/2172/1921
f 1794/2171/1920 1795/1757/1506 1797/2175/1924 2895/2173/1922
f 1795/1757/1506 1796/6030/1505 1798/6029/1511 1797/2175/1924
f 1797/2175/1924 1798/6029/1511 1801/6028/1925 1800/2177/1926
f 1797/2175/1924 1800/2177/1926 2896/2178/1927 2895/2173/1922
f 1798/1762/1511 1799/1761/1510 1802/1769/1518 1801/2176/1925
f 1800/2177/1926 1801/6028/1925 1805/6027/1928 1804/2180/1929
f 1800/2177/1926 1804/2180/1929 2897/2181/1930 2896/2178/1927
f 1801/2176/1925 1802/1769/1518 1806/2182/1931 1805/2179/1928
f 1802/1769/1518 1803/1768/1517 1807/1776/1525 1806/2182/1931
f 1804/2180/1929 1809/2183/1932 3098/2184/1933 2897/2181/1930
f 1804/2180/1929 1805/6027/1928 1810/6026/1934 1809/2183/1932
f 1805/2179/1928 1806/2182/1931 1811/2186/1935 1810/2185/1934
f 1806/2182/1931 1807/1776/1525 2377/2187/1936 1811/2186/1935
f 1807/1776/1525 1808/1775/1524 2378/2188/1937 2377/2187/1936
f 1808/1775/1524 3286/1774/1523 2076/1783/1532 2378/2188/1937
f 1809/2183/1932 2571/2189/1938 2566/2190/1939 3098/2184/1933
f 1809/2183/1932 1810/6026/1934 2372/6015/1940 2571/2189/1938
f 1810/2185/1934 1811/2186/1935 2375/2192/1941 2372/2191/1940
f 1811/2186/1935 2377/2187/1936 2376/2193/1942 2375/2192/1941
f 1812/2194/1943 1813/2195/1944 2989/2196/1945 2864/2197/1946
f 1812/2194/1943 2864/2197/1946 2046/2198/1947 2908/2199/1948
f 1812/2194/1943 2908/2199/1948 2909/2200/1949 3186/2201/1950
f 1812/2194/1943 3186/2201/1950 3273/2202/1951 1813/2195/1944
f 1813/2195/1944 3281/2203/1952 2925/2204/1953 2989/2196/1945
f 1813/2195/1944 3273/2202/1951 3278/2205/1954 3281/2203/1952
f 1814/2206/1955 1815/2207/1956 1816/2208/1957 2779/2209/1958
f 1814/2206/1955 2779/2209/1958 2784/2210/1959 3293/2211/1960
f 1814/2206/1955 3293/2211/1960 1556/2212/1961 1555/2213/1962
f 1814/2206/1955 1555/2213/1962 1554/2214/1963 1815/2207/1956
f 1815/2207/1956 2760/5908/1964 1817/5907/1965 1816/2208/1957
f 1815/2207/1956 1554/2214/1963 1547/2217/1966 2760/5908/1964
f 1816/2208/1957 1817/5907/1965 1818/5906/1967 2777/2219/1968
f 1816/2208/1957 2777/2219/1968 2781/2220/1969 2779/2209/1958
f 1817/2216/1965 2760/2215/1964 2757/2221/1970 2758/2222/1971
f 1817/2216/1965 2758/2222/1971 2759/2223/1972 1818/2218/1967
f 1818/5906/1967 2775/5905/1973 2778/2225/1974 2777/2219/1968
f 1818/2218/1967 2759/2223/1972 3272/2226/1975 2775/2224/1973
f 1819/2227/1976 3118/2228/1977 1596/2229/1978 1597/2230/1979
f 1819/2227/1976 1597/2230/1979 1598/2231/1980 2749/2232/1981
f 1819/2227/1976 2749/2232/1981 2750/2233/1982 2865/2234/1983
f 1819/2227/1976 2865/2234/1983 1820/2235/1984 3118/2228/1977
f 1820/2235/1984 1821/2236/1985 1822/2237/1986 3024/2238/1987
f 1820/2235/1984 3024/2238/1987 3132/2239/1988 3118/2228/1977
f 1820/2235/1984 2865/2234/1983 2866/2240/1989 1821/2236/1985
f 1821/2236/1985 2866/2240/1989 2867/1934/1683 2868/1933/1682
f 1821/2236/1985 2868/1933/1682 1823/1940/1689 1822/2237/1986
f 1822/2237/1986 1823/1940/1689 1825/1954/1703 1824/1873/1622
f 1822/2237/1986 1824/1873/1622 3119/1872/1621 3024/2238/1987
f 1824/1873/1622 1825/1954/1703 1826/1953/1702 3025/1866/1615
f 1826/1953/1702 3261/1876/1625 3120/1867/1616 3025/1866/1615
f 1827/2241/1990 2137/2242/1991 2136/2243/1992 2420/2244/1993
f 1827/2241/1990 2420/2244/1993 2410/2245/1994 2411/2246/1995
f 1827/2241/1990 2411/2246/1995 2513/2247/1996 1934/2248/1997
f 1827/2241/1990 1934/2248/1997 2138/2249/1998 2137/2242/1991
f 1828/2250/1999 1836/2251/2000 2528/2252/2001 2527/2253/2002
f 1828/2250/1999 2527/2253/2002 2526/2254/2003 2437/2255/2004
f 1828/2250/1999 2437/2255/2004 2412/2256/2005 1829/2257/2006
f 1828/2250/1999 1829/2257/2006 1837/2258/2007 1836/2251/2000
f 1829/2257/2006 2412/2256/2005 2413/2259/2008 1830/2260/2009
f 1829/2257/2006 1830/2260/2009 1838/2261/2010 1837/2258/2007
f 1830/2260/2009 2413/2259/2008 2414/2262/2011 1831/2263/2012
f 1830/2260/2009 1831/2263/2012 1839/2264/2013 1838/2261/2010
f 1831/2263/2012 2414/2262/2011 2415/2265/2014 1832/2266/2015
f 1831/2263/2012 1832/2266/2015 1840/2267/2016 1839/2264/2013
f 1832/2266/2015 1833/2268/2017 2139/2269/2018 1840/2267/2016
f 1832/2266/2015 2415/2265/2014 2416/2270/2019 1833/2268/2017
f 1833/2268/2017 1834/2271/2020 2140/2272/2021 2139/2269/2018
f 1833/2268/2017 2416/2270/2019 2417/2273/2022 1834/2271/2020
f 1834/2271/2020 1835/2274/2023 2141/2275/2024 2140/2272/2021
f 1834/2271/2020 2417/2273/2022 2418/2276/2025 1835/2274/2023
f 1835/2274/2023 2135/2277/2026 2142/2278/2027 2141/2275/2024
f 1835/2274/2023 2418/2276/2025 2419/2279/2028 2135/2277/2026
f 1836/2251/2000 1841/2280/2029 2529/2281/2030 2528/2252/2001
f 1836/2251/2000 1837/2258/2007 1842/2282/2031 1841/2280/2029
f 1837/2258/2007 1838/2261/2010 2146/2283/2032 1842/2282/2031
f 1838/2261/2010 1839/2264/2013 2147/2284/2033 2146/2283/2032
f 1839/2264/2013 1840/2267/2016 2148/2285/2034 2147/2284/2033
f 1840/2267/2016 2139/2269/2018 2149/2286/2035 2148/2285/2034
f 1841/2280/2029 1842/2282/2031 2157/1906/1655 2156/1909/1658
f 1841/2280/2029 2156/1909/1658 3292/1714/1463 2529/2281/2030
f 1842/2282/2031 2146/2283/2032 2158/1903/1652 2157/1906/1655
f 1843/2133/1882 2341/2140/1889 2338/2287/2036 2633/2288/2037
f 1843/2133/1882 2633/2288/2037 2622/2289/2038 2631/2134/1883
f 1844/2148/1897 2339/2290/2039 2340/2142/1891 1845/2141/1890
f 1844/2148/1897 1847/2147/1896 1846/2291/2040 3259/2292/2041
f 1844/2148/1897 3259/2292/2041 2618/2293/2042 2339/2290/2039
f 1846/2291/2040 1848/2294/2043 2225/2295/2044 2617/2296/2045
f 1846/2291/2040 2617/2296/2045 2618/2293/2042 3259/2292/2041
f 1846/2291/2040 1847/2147/1896 2657/2149/1898 1848/2294/2043
f 1848/2294/2043 1850/2297/2046 2716/2298/2047 2225/2295/2044
f 1848/2294/2043 2657/2149/1898 1852/2299/2048 1850/2297/2046
f 1849/2300/2049 2684/2301/2050 2716/2298/2047 1850/2297/2046
f 1849/2300/2049 1850/2297/2046 1852/2299/2048 1851/2302/2051
f 1849/2300/2049 1851/2302/2051 3234/2303/2052 3270/2304/2053
f 1849/2300/2049 3270/2304/2053 2683/2305/2054 2684/2301/2050
f 1851/2302/2051 1852/2299/2048 2658/2306/2055 1853/2307/2056
f 1851/2302/2051 1853/2307/2056 3235/2308/2057 3234/2303/2052
f 1852/2299/2048 2657/2149/1898 2659/2146/1895 2658/2306/2055
f 1853/2307/2056 2658/2306/2055 2660/2309/2058 1854/2310/2059
f 1853/2307/2056 1854/2310/2059 3236/2311/2060 3235/2308/2057
f 1854/2310/2059 2660/2309/2058 2662/2312/2061 1855/2313/2062
f 1854/2310/2059 1855/2313/2062 3237/2314/2063 3236/2311/2060
f 1855/2313/2062 2662/2312/2061 2666/2315/2064 2665/2316/2065
f 1855/2313/2062 2665/2316/2065 3238/2317/2066 3237/2314/2063
f 1856/2104/1853 2870/2103/1852 2871/2318/2067 1857/2107/1856
f 1857/2107/1856 2871/2318/2067 2872/2319/2068 2874/2320/2069
f 1857/2107/1856 2874/2320/2069 1859/2114/1863 1858/2108/1857
f 1859/2114/1863 1860/2321/2070 1862/2120/1869 1861/2112/1861
f 1859/2114/1863 2874/2320/2069 2875/2322/2071 1860/2321/2070
f 1864/2323/2072 1920/2324/2073 1919/2325/2074 1865/2326/2075
f 1864/2323/2072 1865/2326/2075 1883/2327/2076 1882/2328/2077
f 1864/2323/2072 1882/2328/2077 1881/2329/2078 1903/2330/2079
f 1864/2323/2072 1903/2330/2079 1921/1896/1645 1920/2324/2073
f 1865/2326/2075 1919/2325/2074 1918/2331/2080 1866/2332/2081
f 1865/2326/2075 1866/2332/2081 1884/2333/2082 1883/2327/2076
f 1866/2332/2081 1918/2331/2080 1917/2334/2083 1867/2335/2084
f 1866/2332/2081 1867/2335/2084 1885/2336/2085 1884/2333/2082
f 1867/2335/2084 1868/2337/2086 1886/2338/2087 1885/2336/2085
f 1867/2335/2084 1917/2334/2083 1916/2339/2088 1868/2337/2086
f 1868/2337/2086 1869/2340/2089 1887/2341/2090 1886/2338/2087
f 1868/2337/2086 1916/2339/2088 1915/2342/2091 1869/2340/2089
f 1869/2340/2089 1870/2343/2092 1888/2344/2093 1887/2341/2090
f 1869/2340/2089 1915/2342/2091 3275/2345/2094 1870/2343/2092
f 1870/2343/2092 1871/2346/2095 1889/2347/2096 1888/2344/2093
f 1870/2343/2092 3275/2345/2094 1939/2348/2097 1871/2346/2095
f 1871/2346/2095 1872/2349/2098 1890/2350/2099 1889/2347/2096
f 1871/2346/2095 1939/2348/2097 1940/2351/2100 1872/2349/2098
f 1872/2349/2098 1873/2352/2101 1891/2353/2102 1890/2350/2099
f 1872/2349/2098 1940/2351/2100 1941/2354/2103 1873/2352/2101
f 1873/2352/2101 1941/2354/2103 1942/2355/2104 1874/2356/2105
f 1873/2352/2101 1874/2356/2105 1892/2357/2106 1891/2353/2102
f 1874/2356/2105 1942/2355/2104 1943/2358/2107 1948/2359/2108
f 1874/2356/2105 1948/2359/2108 1893/2360/2109 1892/2357/2106
f 1875/2361/2110 1909/2362/2111 1908/2363/2112 1876/2364/2113
f 1875/2361/2110 1876/2364/2113 1465/2365/2114 1464/2366/2115
f 1875/2361/2110 1464/2366/2115 1463/2367/2116 1897/2368/2117
f 1875/2361/2110 1897/2368/2117 1910/2369/2118 1909/2362/2111
f 1876/2364/2113 1908/2363/2112 1907/2370/2119 1877/2371/2120
f 1876/2364/2113 1877/2371/2120 1466/2372/2121 1465/2365/2114
f 1877/2371/2120 1907/2370/2119 1906/2373/2122 1878/2374/2123
f 1877/2371/2120 1878/2374/2123 1467/2375/2124 1466/2372/2121
f 1878/2374/2123 1879/2376/2125 1468/2377/2126 1467/2375/2124
f 1878/2374/2123 1906/2373/2122 1905/2378/2127 1879/2376/2125
f 1879/2376/2125 1880/2379/2128 1469/2380/2129 1468/2377/2126
f 1879/2376/2125 1905/2378/2127 1904/2381/2130 1880/2379/2128
f 1880/2379/2128 1881/2329/2078 1470/2382/2131 1469/2380/2129
f 1880/2379/2128 1904/2381/2130 1903/2330/2079 1881/2329/2078
f 1881/2329/2078 1882/2328/2077 1471/2383/2132 1470/2382/2131
f 1882/2328/2077 1883/2327/2076 1472/2384/2133 1471/2383/2132
f 1883/2327/2076 1884/2333/2082 1473/2385/2134 1472/2384/2133
f 1884/2333/2082 1885/2336/2085 1474/2386/2135 1473/2385/2134
f 1885/2336/2085 1886/2338/2087 1475/2387/2136 1474/2386/2135
f 1886/2338/2087 1887/2341/2090 1476/2388/2137 1475/2387/2136
f 1887/2341/2090 1888/2344/2093 1477/2389/2138 1476/2388/2137
f 1888/2344/2093 1889/2347/2096 1478/2390/2139 1477/2389/2138
f 1889/2347/2096 1890/2350/2099 1479/2391/2140 1478/2390/2139
f 1890/2350/2099 1891/2353/2102 1480/2392/2141 1479/2391/2140
f 1891/2353/2102 1892/2357/2106 1481/2393/2142 1480/2392/2141
f 1892/2357/2106 1893/2360/2109 1482/2394/2143 1481/2393/2142
f 1893/2360/2109 1894/2395/2144 1483/2396/2145 1482/2394/2143
f 1893/2360/2109 1948/2359/2108 1949/2397/2146 1894/2395/2144
f 1894/2395/2144 1895/2398/2147 1484/2399/2148 1483/2396/2145
f 1894/2395/2144 1949/2397/2146 1950/2400/2149 1895/2398/2147
f 1895/2398/2147 1950/2400/2149 1951/2401/2150 1896/2402/2151
f 1895/2398/2147 1896/2402/2151 1485/2403/2152 1484/2399/2148
f 1896/2402/2151 1951/2401/2150 1952/2404/2153 1954/2405/2154
f 1896/2402/2151 1954/2405/2154 1486/5961/2155 1485/2403/2152
f 1897/2368/2117 1898/2407/2156 1911/2408/2157 1910/2369/2118
f 1897/2368/2117 1463/2367/2116 1462/2409/2158 1898/2407/2156
f 1898/2407/2156 1899/2410/2159 1912/2411/2160 1911/2408/2157
f 1898/2407/2156 1462/2409/2158 1461/2412/2161 1899/2410/2159
f 1899/2410/2159 1900/2413/2162 1913/2414/2163 1912/2411/2160
f 1899/2410/2159 1461/2412/2161 1460/2415/2164 1900/2413/2162
f 1900/2413/2162 1901/2416/2165 1914/2417/2166 1913/2414/2163
f 1900/2413/2162 1460/2415/2164 1459/2418/2167 1901/2416/2165
f 1901/2416/2165 1902/5823/2168 2906/5822/2169 1914/2417/2166
f 1901/2416/2165 1459/2418/2167 1458/2421/2170 1902/5823/2168
f 1902/2419/2168 2907/2422/2171 2091/2423/2172 2906/2420/2169
f 1902/2419/2168 1458/5811/2170 1457/2424/2173 2907/2422/2171
f 1903/2330/2079 1904/2381/2130 1922/1897/1646 1921/1896/1645
f 1904/2381/2130 1905/2378/2127 1923/1898/1647 1922/1897/1646
f 1905/2378/2127 1906/2373/2122 1924/1901/1650 1923/1898/1647
f 1906/2373/2122 1907/2370/2119 1925/1904/1653 1924/1901/1650
f 1907/2370/2119 1908/2363/2112 1926/1907/1656 1925/1904/1653
f 1908/2363/2112 1909/2362/2111 1927/1910/1659 1926/1907/1656
f 1909/2362/2111 1910/2369/2118 1928/1912/1661 1927/1910/1659
f 1910/2369/2118 1911/2408/2157 1929/1914/1663 1928/1912/1661
f 1911/2408/2157 1912/2411/2160 1930/1916/1665 1929/1914/1663
f 1912/2411/2160 1913/2414/2163 1931/2425/2174 1930/1916/1665
f 1913/2414/2163 1914/2417/2166 2090/2426/2175 1931/2425/2174
f 1914/2417/2166 2906/5822/2169 2089/5821/2176 2090/2426/2175
f 1915/2342/2091 1916/2339/2088 2173/2428/2177 2174/2429/2178
f 1915/2342/2091 2174/2429/2178 1939/2348/2097 3275/2345/2094
f 1916/2339/2088 1917/2334/2083 2172/2430/2179 2173/2428/2177
f 1917/2334/2083 1918/2331/2080 2171/2431/2180 2172/2430/2179
f 1918/2331/2080 1919/2325/2074 2170/2432/2181 2171/2431/2180
f 1919/2325/2074 1920/2324/2073 2169/2433/2182 2170/2432/2181
f 1920/2324/2073 1921/1896/1645 3207/1895/1644 2169/2433/2182
f 1930/1916/1665 1931/2425/2174 2445/2434/2183 2441/1915/1664
f 1931/2425/2174 2090/2426/2175 2553/2435/2184 2445/2434/2183
f 1932/2436/2185 1933/2437/2186 2513/2247/1996 2512/2438/2187
f 1932/2436/2185 2512/2438/2187 2511/2439/2188 3295/2440/2189
f 1932/2436/2185 3295/2440/2189 1947/2441/2190 1946/2442/2191
f 1932/2436/2185 1946/2442/2191 1945/2443/2192 1933/2437/2186
f 1933/2437/2186 1945/2443/2192 1944/2444/2193 1935/2445/2194
f 1933/2437/2186 1935/2445/2194 1934/2248/1997 2513/2247/1996
f 1934/2248/1997 1935/2445/2194 1936/2446/2195 2138/2249/1998
f 1935/2445/2194 1944/2444/2193 1943/2358/2107 1936/2446/2195
f 1936/2446/2195 1943/2358/2107 1942/2355/2104 1937/2447/2196
f 1936/2446/2195 1937/2447/2196 2145/2448/2197 2138/2249/1998
f 1937/2447/2196 1938/2449/2198 2155/2450/2199 2145/2448/2197
f 1937/2447/2196 1942/2355/2104 1941/2354/2103 1938/2449/2198
f 1938/2449/2198 2168/2451/2200 2167/2452/2201 2155/2450/2199
f 1938/2449/2198 1941/2354/2103 1940/2351/2100 2168/2451/2200
f 1939/2348/2097 2174/2429/2178 2168/2451/2200 1940/2351/2100
f 1943/2358/2107 1944/2444/2193 1949/2397/2146 1948/2359/2108
f 1944/2444/2193 1945/2443/2192 1950/2400/2149 1949/2397/2146
f 1945/2443/2192 1946/2442/2191 1951/2401/2150 1950/2400/2149
f 1946/2442/2191 1947/2441/2190 1952/2404/2153 1951/2401/2150
f 1947/2441/2190 2509/2453/2202 1953/2454/2203 1952/2404/2153
f 1947/2441/2190 3295/2440/2189 2511/2439/2188 2509/2453/2202
f 1952/2404/2153 1953/2454/2203 1955/2455/2204 1954/2405/2154
f 1953/2454/2203 2507/2456/2205 1956/2457/2206 1955/2455/2204
f 1953/2454/2203 2509/2453/2202 2508/2458/2207 2507/2456/2205
f 1954/2405/2154 1955/2455/2204 1487/5960/2208 1486/5961/2155
f 1955/2455/2204 1956/2457/2206 1488/5959/2209 1487/5960/2208
f 1956/2457/2206 2505/2461/2210 1489/5957/2211 1488/5959/2209
f 1956/2457/2206 2507/2456/2205 2506/2463/2212 2505/2461/2210
f 1957/2464/2213 2966/2465/2214 3007/2466/2215 2796/2467/2216
f 1957/2464/2213 2796/2467/2216 2797/2053/1802 1960/2052/1801
f 1957/2464/2213 1960/2052/1801 1959/2051/1800 2733/2468/2217
f 1957/2464/2213 2733/2468/2217 2731/2469/2218 2966/2465/2214
f 1958/2057/1806 3282/2058/1807 3229/2470/2219 2732/2471/2220
f 1958/2057/1806 2732/2471/2220 2733/2468/2217 1959/2051/1800
f 1961/2472/2221 3222/2473/2222 1963/2474/2223 1962/2475/2224
f 1961/2472/2221 1962/2475/2224 1560/2476/2225 1559/2477/2226
f 1961/2472/2221 1559/2477/2226 1558/2478/2227 3271/2479/2228
f 1961/2472/2221 3271/2479/2228 1982/2480/2229 3222/2473/2222
f 1962/2475/2224 1963/2474/2223 1965/2481/2230 1964/2482/2231
f 1962/2475/2224 1964/2482/2231 1561/2483/2232 1560/2476/2225
f 1963/2474/2223 3223/2484/2233 1966/2485/2234 1965/2481/2230
f 1963/2474/2223 3222/2473/2222 1983/2486/2235 3223/2484/2233
f 1964/2482/2231 1965/2481/2230 1968/2487/2236 1967/2488/2237
f 1964/2482/2231 1967/2488/2237 1562/2489/2238 1561/2483/2232
f 1965/2481/2230 1966/2485/2234 1969/2490/2239 1968/2487/2236
f 1966/2485/2234 3224/2491/2240 1970/2492/2241 1969/2490/2239
f 1966/2485/2234 3223/2484/2233 1984/2493/2242 3224/2491/2240
f 1967/2488/2237 1968/2487/2236 1972/2494/2243 1971/2495/2244
f 1967/2488/2237 1971/2495/2244 1563/2496/2245 1562/2489/2238
f 1968/2487/2236 1969/2490/2239 1973/2497/2246 1972/2494/2243
f 1969/2490/2239 1970/2492/2241 1974/2498/2247 1973/2497/2246
f 1970/2492/2241 3225/2499/2248 1975/2500/2249 1974/2498/2247
f 1970/2492/2241 3224/2491/2240 2793/2501/2250 3225/2499/2248
f 1971/2495/2244 1972/2494/2243 1977/2502/2251 1976/2503/2252
f 1971/2495/2244 1976/2503/2252 1564/2504/2253 1563/2496/2245
f 1972/2494/2243 1973/2497/2246 1978/2505/2254 1977/2502/2251
f 1973/2497/2246 1974/2498/2247 1979/2506/2255 1978/2505/2254
f 1974/2498/2247 1975/2500/2249 2639/2507/2256 1979/2506/2255
f 1975/2500/2249 3255/2508/2257 2640/2509/2258 2639/2507/2256
f 1975/2500/2249 3225/2499/2248 2795/2510/2259 3255/2508/2257
f 1976/2503/2252 1977/2502/2251 1981/2511/2260 1980/2512/2261
f 1976/2503/2252 1980/2512/2261 1565/2513/2262 1564/2504/2253
f 1977/2502/2251 1978/2505/2254 2642/2514/2263 1981/2511/2260
f 1978/2505/2254 1979/2506/2255 2643/2515/2264 2642/2514/2263
f 1979/2506/2255 2639/2507/2256 2644/2516/2265 2643/2515/2264
f 1980/2512/2261 1981/2511/2260 2649/2517/2266 2648/2518/2267
f 1980/2512/2261 2648/2518/2267 1566/2519/2268 1565/2513/2262
f 1981/2511/2260 2642/2514/2263 2650/2520/2269 2649/2517/2266
f 1982/2480/2229 3271/2479/2228 1558/2478/2227 1557/2521/2270
f 1982/2480/2229 1557/2521/2270 1556/2212/1961 3293/2211/1960
f 1982/2480/2229 3293/2211/1960 1983/2486/2235 3222/2473/2222
f 1983/2486/2235 3293/2211/1960 2784/2210/1959 2788/2522/2271
f 1983/2486/2235 2788/2522/2271 1984/2493/2242 3223/2484/2233
f 1984/2493/2242 2788/2522/2271 2789/2523/2272 2791/2524/2273
f 1984/2493/2242 2791/2524/2273 2793/2501/2250 3224/2491/2240
f 1985/1938/1687 1986/5845/1694 1993/5846/2274 1991/5756/2275
f 1985/1938/1687 1991/5756/2275 2259/1955/1704 3266/1939/1688
f 1986/1945/1694 1988/2527/2276 1995/5754/2277 1993/5755/2274
f 1986/1945/1694 1987/1944/1693 1989/1949/1698 1988/2527/2276
f 1988/2527/2276 2848/2529/2278 2846/2530/2279 1995/5754/2277
f 1988/2527/2276 1989/1949/1698 2876/2531/2280 2848/2529/2278
f 1989/1949/1698 1990/1948/1697 2877/2532/2281 2876/2531/2280
f 1990/1948/1697 2920/1950/1699 2910/2533/2282 2877/2532/2281
f 1991/2526/2275 1993/5984/2274 1992/5983/2283 2256/2535/2284
f 1991/2526/2275 2256/2535/2284 2260/1960/1709 2259/5757/1704
f 1992/2534/2283 1994/2536/2285 2844/2075/1824 2255/5982/1823
f 1992/5983/2283 2255/2074/1823 2257/2537/2286 2256/2535/2284
f 1992/2534/2283 1993/2525/2274 1995/2528/2277 1994/2536/2285
f 1994/2536/2285 1995/2528/2277 2846/5752/2279 2845/2538/2287
f 1994/2536/2285 2845/2538/2287 2050/2076/1825 2844/2075/1824
f 1996/2539/2288 3196/2540/2289 3199/2541/2290 3092/5801/2291
f 1996/2539/2288 3092/5801/2291 3093/5800/2292 3291/2544/2293
f 1996/2539/2288 3291/2544/2293 2091/2423/2172 3283/2545/2294
f 1996/2539/2288 3283/2545/2294 2880/2546/2295 3196/2540/2289
f 1997/2071/1820 2258/2547/2296 2257/2537/2286 2255/2074/1823
f 1997/2071/1820 1998/2068/1817 2001/2548/2297 2258/2547/2296
f 1998/2068/1817 1999/2061/1810 2002/2549/2298 2001/2548/2297
f 1999/2061/1810 2000/2060/1809 2003/2550/2299 2002/2549/2298
f 2000/2060/1809 3173/5980/1816 2992/2551/2300 2003/2550/2299
f 2001/2548/2297 2002/2549/2298 2005/2552/2301 2004/2553/2302
f 2001/2548/2297 2004/2553/2302 2262/2554/2303 2258/2547/2296
f 2002/2549/2298 2003/2550/2299 2006/2555/2304 2005/2552/2301
f 2003/2550/2299 2992/2551/2300 2994/2556/2305 2006/2555/2304
f 2004/2553/2302 2265/1971/1720 2264/1970/1719 2262/2554/2303
f 2004/2553/2302 2005/2552/2301 2007/2557/2306 2265/1971/1720
f 2005/2552/2301 2006/2555/2304 2008/2558/2307 2007/2557/2306
f 2006/2555/2304 2994/2556/2305 3077/2559/2308 2008/2558/2307
f 2007/2557/2306 2008/2558/2307 2995/2560/2309 2009/2561/2310
f 2007/2557/2306 2009/2561/2310 2266/1972/1721 2265/1971/1720
f 2008/2558/2307 3077/2559/2308 3081/2562/2311 2995/2560/2309
f 2009/2561/2310 2995/2560/2309 3070/2563/2312 3037/2564/2313
f 2009/2561/2310 3037/2564/2313 3036/1973/1722 2266/1972/1721
f 2010/2100/1849 2013/2102/1851 2012/2565/2314 3072/2566/2315
f 2010/2100/1849 3072/2566/2315 3069/2567/2316 3030/2101/1850
f 2011/2568/2317 2012/2565/2314 2015/2569/2318 2014/2570/2319
f 2011/2568/2317 2014/2570/2319 3036/1973/1722 3037/2564/2313
f 2011/2568/2317 3037/2564/2313 3070/2563/2312 3071/2571/2320
f 2011/2568/2317 3071/2571/2320 3072/2566/2315 2012/2565/2314
f 2012/2565/2314 2013/2102/1851 2016/2572/2321 2015/2569/2318
f 2013/2102/1851 2062/2099/1848 3048/2573/2322 2016/2572/2321
f 2014/2570/2319 3042/2574/2323 3035/1969/1718 3036/1973/1722
f 2014/2570/2319 2015/2569/2318 2017/2575/2324 3042/2574/2323
f 2015/2569/2318 2016/2572/2321 2018/2576/2325 2017/2575/2324
f 2016/2572/2321 3048/2573/2322 3049/2577/2326 2018/2576/2325
f 2017/2575/2324 2018/2576/2325 2020/2578/2327 2019/2579/2328
f 2017/2575/2324 2019/2579/2328 3041/2580/2329 3042/2574/2323
f 2018/2576/2325 3049/2577/2326 3051/2581/2330 2020/2578/2327
f 2019/2579/2328 3045/2582/2331 3040/2583/2332 3041/2580/2329
f 2019/2579/2328 2020/2578/2327 2021/2584/2333 3045/2582/2331
f 2020/2578/2327 3051/2581/2330 3053/2585/2334 2021/2584/2333
f 2021/2584/2333 3053/2585/2334 3056/2586/2335 2022/5753/2336
f 2021/2584/2333 2022/5753/2336 3044/5745/2337 3045/2582/2331
f 2022/5886/2336 3046/5882/2338 3043/2590/2339 3044/2588/2337
f 2022/2587/2336 3056/5749/2335 3047/2591/2340 3046/2589/2338
f 2023/6025/2341 2026/6024/2342 2025/2594/2343 2861/2595/2344
f 2023/6025/2341 2861/2595/2344 2862/2596/2345 2863/2597/2346
f 2023/2592/2341 2863/6011/2346 3276/1860/1609 2024/2598/2347
f 2023/2592/2341 2024/2598/2347 2027/2599/2348 2026/2593/2342
f 2024/2598/2347 2499/2600/2349 2028/2601/2350 2027/2599/2348
f 2024/2598/2347 3276/1860/1609 2497/1859/1608 2499/2600/2349
f 2025/2594/2343 2030/2602/2351 2029/1745/1494 2858/2603/2352
f 2025/2594/2343 2858/2603/2352 2859/2604/2353 2861/2595/2344
f 2025/2594/2343 2026/6024/2342 2031/6022/2354 2030/2602/2351
f 2026/2593/2342 2027/2599/2348 2032/2606/2355 2031/2605/2354
f 2027/2599/2348 2028/2601/2350 2033/2607/2356 2032/2606/2355
f 2028/2601/2350 2501/2608/2357 2034/2609/2358 2033/2607/2356
f 2028/2601/2350 2499/2600/2349 2500/2014/1763 2501/2608/2357
f 2029/1745/1494 2854/1744/1493 2855/2610/2359 2858/2603/2352
f 2029/1745/1494 2030/2602/2351 2036/1747/1496 2035/1738/1487
f 2030/2602/2351 2031/6022/2354 2037/1748/1497 2036/1747/1496
f 2031/2605/2354 2032/2606/2355 2038/1758/1507 2037/6023/1497
f 2032/2606/2355 2033/2607/2356 2039/1765/1514 2038/1758/1507
f 2033/2607/2356 2034/2609/2358 2040/2611/2360 2039/1765/1514
f 2034/2609/2358 2503/2612/2361 2041/2613/2362 2040/2611/2360
f 2034/2609/2358 2501/2608/2357 2502/2614/2363 2503/2612/2361
f 2039/1765/1514 2040/2611/2360 2043/1772/1521 2042/1764/1513
f 2040/2611/2360 2041/2613/2362 2044/1780/1529 2043/1772/1521
f 2041/2613/2362 2503/2612/2361 2354/2615/2364 2504/2616/2365
f 2041/2613/2362 2504/2616/2365 2045/1786/1535 2044/1780/1529
f 2045/1786/1535 2504/2616/2365 2347/2617/2366 2343/1790/1539
f 2046/2198/1947 2864/2197/1946 2990/2618/2367 2996/2619/2368
f 2046/2198/1947 2996/2619/2368 1548/2620/2369 1549/2621/2370
f 2046/2198/1947 1549/2621/2370 1550/2622/2371 2908/2199/1948
f 2047/2623/2372 3260/2624/2373 2940/2625/2374 2941/2626/2375
f 2047/2623/2372 2941/2626/2375 2943/2627/2376 3110/2628/2377
f 2047/2623/2372 3110/2628/2377 3107/2629/2378 3252/1883/1632
f 2047/2623/2372 3252/1883/1632 2048/2630/2379 3260/2624/2373
f 2048/2630/2379 2049/2631/2380 2963/2632/2381 3184/2633/2382
f 2048/2630/2379 3184/2633/2382 2940/2625/2374 3260/2624/2373
f 2048/2630/2379 3252/1883/1632 2939/1882/1631 2049/2631/2380
f 2049/2631/2380 2939/1882/1631 3116/5873/1638 3117/5872/2383
f 2049/2631/2380 3117/5872/2383 2067/5871/2384 2963/2632/2381
f 2050/2076/1825 2845/2538/2287 2053/2636/2385 2052/2082/1831
f 2051/2081/1830 2052/2082/1831 2055/2637/2386 2054/2087/1836
f 2052/2082/1831 2053/2636/2385 2056/2638/2387 2055/2637/2386
f 2053/2636/2385 2845/2538/2287 2846/5752/2279 2847/5751/2388
f 2053/2636/2385 2847/5751/2388 3277/5750/2389 2056/2638/2387
f 2054/2087/1836 2055/2637/2386 2059/2641/2390 2058/2092/1841
f 2055/2637/2386 2056/2638/2387 3055/2642/2391 2059/2641/2390
f 2056/2638/2387 3277/5750/2389 3058/5748/2392 3055/2642/2391
f 2057/2091/1840 2058/2092/1841 3050/2644/2393 2061/2096/1845
f 2058/2092/1841 2059/2641/2390 3052/2645/2394 3050/2644/2393
f 2059/2641/2390 3055/2642/2391 3054/2646/2395 3052/2645/2394
f 2060/2095/1844 2061/2096/1845 3048/2573/2322 2062/2099/1848
f 2061/2096/1845 3050/2644/2393 3049/2577/2326 3048/2573/2322
f 2063/2647/2396 3017/2648/2397 2072/2649/2398 3047/2591/2340
f 2063/2647/2396 3047/2591/2340 3056/5749/2335 3057/5747/2399
f 2063/2647/2396 3057/5747/2399 3058/2643/2392 2064/2651/2400
f 2063/2647/2396 2064/2651/2400 3018/2652/2401 3017/2648/2397
f 2064/2651/2400 2065/2653/2402 3020/2654/2403 3018/2652/2401
f 2064/2651/2400 3058/2643/2392 3277/2640/2389 2065/2653/2402
f 2065/2653/2402 3258/2655/2404 3022/2656/2405 3020/2654/2403
f 2065/2653/2402 3277/2640/2389 2851/2657/2406 3258/2655/2404
f 2066/2658/2407 2852/2659/2408 2853/2660/2409 3104/2661/2410
f 2066/2658/2407 3104/2661/2410 1530/2662/2411 1529/2663/2412
f 2066/2658/2407 1529/2663/2412 1528/2664/2413 3258/2655/2404
f 2066/2658/2407 3258/2655/2404 2851/2657/2406 2852/2659/2408
f 2067/5871/2384 2069/5870/2414 2927/2666/2415 2963/2632/2381
f 2067/2635/2384 3117/2634/2383 2934/2667/2416 2068/2668/2417
f 2067/5885/2384 2068/5884/2417 2070/2669/2418 2069/2665/2414
f 2068/2668/2417 2934/2667/2416 2935/2670/2419 2937/2671/2420
f 2068/5884/2417 2937/5883/2420 2071/2672/2421 2070/2669/2418
f 2069/5870/2414 2073/5869/2422 2929/2674/2423 2927/2666/2415
f 2069/2665/2414 2070/2669/2418 2074/2675/2424 2073/2673/2422
f 2070/2669/2418 2071/2672/2421 3187/2676/2425 2074/2675/2424
f 2071/2672/2421 2072/2649/2398 3017/2648/2397 3187/2676/2425
f 2071/2672/2421 2937/5883/2420 2938/5881/2426 2072/2649/2398
f 2072/2649/2398 2938/5881/2426 3046/2589/2338 3047/2591/2340
f 2073/2673/2422 2074/2675/2424 3188/2678/2427 2075/2679/2428
f 2073/5869/2422 2075/5868/2428 2931/2680/2429 2929/2674/2423
f 2074/2675/2424 3187/2676/2425 3189/2681/2430 3188/2678/2427
f 2075/2679/2428 3188/2678/2427 3192/2682/2431 3191/2683/2432
f 2075/5868/2428 3191/5867/2432 3190/2684/2433 2931/2680/2429
f 2076/1783/1532 2077/1782/1531 2080/2685/2434 2079/2686/2435
f 2076/1783/1532 2079/2686/2435 2078/2687/2436 2378/2188/1937
f 2077/1782/1531 3209/1781/1530 2081/1789/1538 2080/2685/2434
f 2078/2687/2436 2083/2688/2437 3208/2689/2438 2376/2193/1942
f 2078/2687/2436 2376/2193/1942 2377/2187/1936 2378/2188/1937
f 2078/2687/2436 2079/2686/2435 2084/2690/2439 2083/2688/2437
f 2079/2686/2435 2080/2685/2434 2085/2691/2440 2084/2690/2439
f 2080/2685/2434 2081/1789/1538 3218/2692/2441 2085/2691/2440
f 2081/1789/1538 2082/1788/1537 2342/2693/2442 3218/2692/2441
f 2082/1788/1537 3296/1787/1536 2343/1790/1539 2342/2693/2442
f 2083/2688/2437 2084/2690/2439 3217/2694/2443 2087/2695/2444
f 2083/2688/2437 2087/2695/2444 2086/2696/2445 3208/2689/2438
f 2084/2690/2439 2085/2691/2440 2344/2697/2446 3217/2694/2443
f 2085/2691/2440 3218/2692/2441 2345/2698/2447 2344/2697/2446
f 2086/2696/2445 2087/2695/2444 2348/2699/2448 3216/2700/2449
f 2086/2696/2445 3216/2700/2449 2088/2701/2450 2373/2702/2451
f 2086/2696/2445 2373/2702/2451 2374/2703/2452 3208/2689/2438
f 2087/2695/2444 3217/2694/2443 2349/2704/2453 2348/2699/2448
f 2088/2701/2450 2355/1981/1730 3299/6021/1729 2369/6020/2454
f 2088/2701/2450 2369/6020/2454 2370/6016/2455 2373/2702/2451
f 2088/2701/2450 3216/2700/2449 2356/1982/1731 2355/1981/1730
f 2089/5821/2176 2552/5816/2456 2553/2435/2184 2090/2426/2175
f 2089/2427/2176 2906/2420/2169 2091/2423/2172 3291/2544/2293
f 2089/2427/2176 3291/2544/2293 3215/2708/2457 2552/2707/2456
f 2091/2423/2172 2907/2422/2171 2905/2709/2458 3283/2545/2294
f 2092/2710/2459 2648/2518/2267 2649/2517/2266 2095/2711/2460
f 2092/2710/2459 2095/2711/2460 2094/2712/2461 2587/2713/2462
f 2092/2710/2459 2587/2713/2462 1503/2714/2463 1504/2715/2464
f 2092/2710/2459 1504/2715/2464 1566/2519/2268 2648/2518/2267
f 2093/2716/2465 2097/2717/2466 2096/2718/2467 2590/2719/2468
f 2093/2716/2465 2590/2719/2468 2589/2720/2469 2588/2721/2470
f 2093/2716/2465 2588/2721/2470 2587/2713/2462 2094/2712/2461
f 2093/2716/2465 2094/2712/2461 2098/2722/2471 2097/2717/2466
f 2094/2712/2461 2095/2711/2460 2099/2723/2472 2098/2722/2471
f 2095/2711/2460 2649/2517/2266 2650/2520/2269 2099/2723/2472
f 2096/2718/2467 2101/2724/2473 2100/2725/2474 2593/2726/2475
f 2096/2718/2467 2593/2726/2475 2592/2727/2476 2590/2719/2468
f 2096/2718/2467 2097/2717/2466 2102/2728/2477 2101/2724/2473
f 2097/2717/2466 2098/2722/2471 2103/2729/2478 2102/2728/2477
f 2098/2722/2471 2099/2723/2472 2104/2730/2479 2103/2729/2478
f 2099/2723/2472 2650/2520/2269 2651/2731/2480 2104/2730/2479
f 2100/2725/2474 2101/2724/2473 2107/2732/2481 2106/2733/2482
f 2100/2725/2474 2106/2733/2482 2105/2734/2483 2596/2735/2484
f 2100/2725/2474 2596/2735/2484 2595/2736/2485 2593/2726/2475
f 2101/2724/2473 2102/2728/2477 2108/2737/2486 2107/2732/2481
f 2102/2728/2477 2103/2729/2478 2109/2738/2487 2108/2737/2486
f 2103/2729/2478 2104/2730/2479 2110/2739/2488 2109/2738/2487
f 2104/2730/2479 2651/2731/2480 2652/2740/2489 2110/2739/2488
f 2105/2734/2483 2106/2733/2482 2113/2741/2490 2112/2742/2491
f 2105/2734/2483 2112/2742/2491 2111/2743/2492 2600/2744/2493
f 2105/2734/2483 2600/2744/2493 2599/2745/2494 2596/2735/2484
f 2106/2733/2482 2107/2732/2481 2114/2746/2495 2113/2741/2490
f 2107/2732/2481 2108/2737/2486 2115/2747/2496 2114/2746/2495
f 2108/2737/2486 2109/2738/2487 2116/2748/2497 2115/2747/2496
f 2109/2738/2487 2110/2739/2488 2117/2749/2498 2116/2748/2497
f 2110/2739/2488 2652/2740/2489 2653/2750/2499 2117/2749/2498
f 2111/2743/2492 2112/2742/2491 3243/2751/2500 2619/2752/2501
f 2111/2743/2492 2619/2752/2501 2334/2753/2502 3302/2754/2503
f 2111/2743/2492 3302/2754/2503 2604/2755/2504 2600/2744/2493
f 2112/2742/2491 2113/2741/2490 2118/2756/2505 3243/2751/2500
f 2113/2741/2490 2114/2746/2495 2119/2757/2506 2118/2756/2505
f 2114/2746/2495 2115/2747/2496 2120/2758/2507 2119/2757/2506
f 2115/2747/2496 2116/2748/2497 2121/2759/2508 2120/2758/2507
f 2116/2748/2497 2117/2749/2498 2122/2760/2509 2121/2759/2508
f 2117/2749/2498 2653/2750/2499 2654/2761/2510 2122/2760/2509
f 2118/2756/2505 2119/2757/2506 3244/2762/2511 2621/2763/2512
f 2118/2756/2505 2621/2763/2512 2620/2764/2513 3243/2751/2500
f 2119/2757/2506 2120/2758/2507 2123/2765/2514 3244/2762/2511
f 2120/2758/2507 2121/2759/2508 2124/2766/2515 2123/2765/2514
f 2121/2759/2508 2122/2760/2509 2125/2767/2516 2124/2766/2515
f 2122/2760/2509 2654/2761/2510 2655/2768/2517 2125/2767/2516
f 2123/2765/2514 2124/2766/2515 3245/2769/2518 2625/2770/2519
f 2123/2765/2514 2625/2770/2519 2624/2771/2520 3244/2762/2511
f 2124/2766/2515 2125/2767/2516 2126/2772/2521 3245/2769/2518
f 2125/2767/2516 2655/2768/2517 2656/2773/2522 2126/2772/2521
f 2126/2772/2521 2656/2773/2522 3256/2774/2523 2630/2775/2524
f 2126/2772/2521 2630/2775/2524 2629/2776/2525 3245/2769/2518
f 2127/2777/2526 2838/2778/2527 2128/2779/2528 2242/2780/2529
f 2127/2777/2526 2242/2780/2529 2236/2781/2530 2237/2782/2531
f 2127/2777/2526 2237/2782/2531 3253/2783/2532 3133/2784/2533
f 2127/2777/2526 3133/2784/2533 3134/2785/2534 2838/2778/2527
f 2128/2779/2528 2838/2778/2527 3241/2786/2535 2839/2787/2536
f 2128/2779/2528 2839/2787/2536 2130/2788/2537 3206/2789/2538
f 2128/2779/2528 3206/2789/2538 2241/2790/2539 2242/2780/2529
f 2129/2791/2540 2132/2792/2541 2131/2793/2542 2247/2794/2543
f 2129/2791/2540 2247/2794/2543 2244/2795/2544 2245/2796/2545
f 2129/2791/2540 2245/2796/2545 3206/2789/2538 2130/2788/2537
f 2129/2791/2540 2130/2788/2537 2133/1793/1542 2132/2792/2541
f 2130/2788/2537 2839/2787/2536 2840/1794/1543 2133/1793/1542
f 2131/2793/2542 2132/2792/2541 2134/2797/2546 2752/2798/2547
f 2131/2793/2542 2752/2798/2547 2754/2799/2548 3288/2800/2549
f 2131/2793/2542 3288/2800/2549 2246/2801/2550 2247/2794/2543
f 2132/2792/2541 2133/1793/1542 2841/1792/1541 2134/2797/2546
f 2134/2797/2546 2807/2802/2551 3272/2226/1975 2752/2798/2547
f 2134/2797/2546 2841/1792/1541 2842/1799/1548 2807/2802/2551
f 2135/2277/2026 2136/2243/1992 2143/2803/2552 2142/2278/2027
f 2135/2277/2026 2419/2279/2028 2420/2244/1993 2136/2243/1992
f 2136/2243/1992 2137/2242/1991 2144/2804/2553 2143/2803/2552
f 2137/2242/1991 2138/2249/1998 2145/2448/2197 2144/2804/2553
f 2139/2269/2018 2140/2272/2021 2150/2805/2554 2149/2286/2035
f 2140/2272/2021 2141/2275/2024 2151/2806/2555 2150/2805/2554
f 2141/2275/2024 2142/2278/2027 2152/2807/2556 2151/2806/2555
f 2142/2278/2027 2143/2803/2552 2153/2808/2557 2152/2807/2556
f 2143/2803/2552 2144/2804/2553 2154/2809/2558 2153/2808/2557
f 2144/2804/2553 2145/2448/2197 2155/2450/2199 2154/2809/2558
f 2146/2283/2032 2147/2284/2033 2159/1900/1649 2158/1903/1652
f 2147/2284/2033 2148/2285/2034 2160/1892/1641 2159/1900/1649
f 2148/2285/2034 2149/2286/2035 2161/1893/1642 2160/1892/1641
f 2149/2286/2035 2150/2805/2554 2162/1894/1643 2161/1893/1642
f 2150/2805/2554 2151/2806/2555 2163/2810/2559 2162/1894/1643
f 2151/2806/2555 2152/2807/2556 2164/2811/2560 2163/2810/2559
f 2152/2807/2556 2153/2808/2557 2165/2812/2561 2164/2811/2560
f 2153/2808/2557 2154/2809/2558 2166/2813/2562 2165/2812/2561
f 2154/2809/2558 2155/2450/2199 2167/2452/2201 2166/2813/2562
f 2162/1894/1643 2163/2810/2559 2169/2433/2182 3207/1895/1644
f 2163/2810/2559 2164/2811/2560 2170/2432/2181 2169/2433/2182
f 2164/2811/2560 2165/2812/2561 2171/2431/2180 2170/2432/2181
f 2165/2812/2561 2166/2813/2562 2172/2430/2179 2171/2431/2180
f 2166/2813/2562 2167/2452/2201 2173/2428/2177 2172/2430/2179
f 2167/2452/2201 2168/2451/2200 2174/2429/2178 2173/2428/2177
f 2175/2814/2563 2187/2815/2564 2186/2816/2565 2185/2817/2566
f 2175/2814/2563 2185/2817/2566 3247/2818/2567 3248/2819/2568
f 2175/2814/2563 3248/2819/2568 3249/2820/2569 2176/2821/2570
f 2175/2814/2563 2176/2821/2570 2188/2822/2571 2187/2815/2564
f 2176/2821/2570 2177/2823/2572 2179/2824/2573 2188/2822/2571
f 2176/2821/2570 3249/2820/2569 3250/2825/2574 2177/2823/2572
f 2177/2823/2572 2178/2826/2575 2180/2827/2576 2179/2824/2573
f 2177/2823/2572 3250/2825/2574 3267/2828/2577 2178/2826/2575
f 2178/2826/2575 2271/2829/2578 2181/2830/2579 2180/2827/2576
f 2178/2826/2575 3267/2828/2577 2961/2831/2580 2271/2829/2578
f 2179/2824/2573 2180/2827/2576 2182/2832/2581 2192/2833/2582
f 2179/2824/2573 2192/2833/2582 2191/2834/2583 2188/2822/2571
f 2180/2827/2576 2181/2830/2579 2183/2835/2584 2182/2832/2581
f 2181/2830/2579 2271/2829/2578 2962/2836/2585 2273/2837/2586
f 2181/2830/2579 2273/2837/2586 2272/2838/2587 2183/2835/2584
f 2182/2832/2581 2197/2839/2588 2196/2840/2589 2192/2833/2582
f 2182/2832/2581 2183/2835/2584 2198/2841/2590 2197/2839/2588
f 2183/2835/2584 2272/2838/2587 2184/2842/2591 2198/2841/2590
f 2184/2842/2591 2274/2843/2592 3269/2844/2593 2204/2845/2594
f 2184/2842/2591 2204/2845/2594 2203/2846/2595 2198/2841/2590
f 2184/2842/2591 2272/2838/2587 2275/2847/2596 2274/2843/2592
f 2185/2817/2566 2186/2816/2565 2686/2848/2597 2685/2849/2598
f 2185/2817/2566 2685/2849/2598 3263/2850/2599 3247/2818/2567
f 2186/2816/2565 2187/2815/2564 2190/2851/2600 2189/2852/2601
f 2186/2816/2565 2189/2852/2601 2688/2853/2602 2686/2848/2597
f 2187/2815/2564 2188/2822/2571 2191/2834/2583 2190/2851/2600
f 2189/2852/2601 2193/2854/2603 2690/2855/2604 2688/2853/2602
f 2189/2852/2601 2190/2851/2600 2194/2856/2605 2193/2854/2603
f 2190/2851/2600 2191/2834/2583 2195/2857/2606 2194/2856/2605
f 2191/2834/2583 2192/2833/2582 2196/2840/2589 2195/2857/2606
f 2193/2854/2603 2694/2858/2607 2693/2859/2608 2690/2855/2604
f 2193/2854/2603 2194/2856/2605 2199/2860/2609 2694/2858/2607
f 2194/2856/2605 2195/2857/2606 2200/2861/2610 2199/2860/2609
f 2195/2857/2606 2196/2840/2589 2201/2862/2611 2200/2861/2610
f 2196/2840/2589 2197/2839/2588 2202/2863/2612 2201/2862/2611
f 2197/2839/2588 2198/2841/2590 2203/2846/2595 2202/2863/2612
f 2199/2860/2609 2200/2861/2610 2206/2864/2613 2205/2865/2614
f 2199/2860/2609 2205/2865/2614 2698/2866/2615 2694/2858/2607
f 2200/2861/2610 2201/2862/2611 2207/2867/2616 2206/2864/2613
f 2201/2862/2611 2202/2863/2612 2208/2868/2617 2207/2867/2616
f 2202/2863/2612 2203/2846/2595 2209/2869/2618 2208/2868/2617
f 2203/2846/2595 2204/2845/2594 2210/2870/2619 2209/2869/2618
f 2204/2845/2594 3269/2844/2593 3246/2871/2620 2210/2870/2619
f 2205/2865/2614 2206/2864/2613 2212/2872/2621 2211/2873/2622
f 2205/2865/2614 2211/2873/2622 2703/2874/2623 2698/2866/2615
f 2206/2864/2613 2207/2867/2616 2213/2875/2624 2212/2872/2621
f 2207/2867/2616 2208/2868/2617 2214/2876/2625 2213/2875/2624
f 2208/2868/2617 2209/2869/2618 2215/2877/2626 2214/2876/2625
f 2209/2869/2618 2210/2870/2619 2612/2878/2627 2215/2877/2626
f 2210/2870/2619 3246/2871/2620 3302/2754/2503 2612/2878/2627
f 2211/2873/2622 2216/2879/2628 2708/2880/2629 2703/2874/2623
f 2211/2873/2622 2212/2872/2621 2217/2881/2630 2216/2879/2628
f 2212/2872/2621 2213/2875/2624 2218/2882/2631 2217/2881/2630
f 2213/2875/2624 2214/2876/2625 2219/2883/2632 2218/2882/2631
f 2214/2876/2625 2215/2877/2626 2611/2884/2633 2219/2883/2632
f 2215/2877/2626 2612/2878/2627 2613/2885/2634 2611/2884/2633
f 2216/2879/2628 2220/2886/2635 2712/2887/2636 2708/2880/2629
f 2216/2879/2628 2217/2881/2630 2221/2888/2637 2220/2886/2635
f 2217/2881/2630 2218/2882/2631 2222/2889/2638 2221/2888/2637
f 2218/2882/2631 2219/2883/2632 2610/2890/2639 2222/2889/2638
f 2219/2883/2632 2611/2884/2633 2614/2891/2640 2610/2890/2639
f 2220/2886/2635 2715/2892/2641 2714/2893/2642 2712/2887/2636
f 2220/2886/2635 2221/2888/2637 2223/2894/2643 2715/2892/2641
f 2221/2888/2637 2222/2889/2638 2224/2895/2644 2223/2894/2643
f 2222/2889/2638 2610/2890/2639 2615/2896/2645 2224/2895/2644
f 2223/2894/2643 2224/2895/2644 2617/2296/2045 2225/2295/2044
f 2223/2894/2643 2225/2295/2044 2716/2298/2047 2715/2892/2641
f 2224/2895/2644 2615/2896/2645 2618/2293/2042 2617/2296/2045
f 2226/2897/2646 2944/2898/2647 3170/2899/2648 3171/2900/2649
f 2226/2897/2646 3171/2900/2649 3115/2901/2650 3109/2902/2651
f 2226/2897/2646 3109/2902/2651 3298/2903/2652 3105/2904/2653
f 2226/2897/2646 3105/2904/2653 2945/2905/2654 2944/2898/2647
f 2227/2906/2655 3257/2907/2656 3203/2908/2657 2228/2909/2658
f 2227/2906/2655 2228/2909/2658 1535/2910/2659 1534/2911/2660
f 2227/2906/2655 1534/2911/2660 1567/2912/2661 2229/2913/2662
f 2227/2906/2655 2229/2913/2662 2232/2914/2663 3257/2907/2656
f 2228/2909/2658 2248/2915/2664 1536/2916/2665 1535/2910/2659
f 2228/2909/2658 3203/2908/2657 3204/2917/2666 2248/2915/2664
f 2229/2913/2662 2230/2918/2667 2233/2919/2668 2232/2914/2663
f 2229/2913/2662 1567/2912/2661 1568/2920/2669 2230/2918/2667
f 2230/2918/2667 2231/2921/2670 2234/2922/2671 2233/2919/2668
f 2230/2918/2667 1568/2920/2669 1569/2923/2672 2231/2921/2670
f 2231/2921/2670 1569/2923/2672 1570/2924/2673 2808/2925/2674
f 2231/2921/2670 2808/2925/2674 2235/2926/2675 2234/2922/2671
f 2232/2914/2663 2233/2919/2668 2239/2927/2676 2238/2928/2677
f 2232/2914/2663 2238/2928/2677 3203/2908/2657 3257/2907/2656
f 2233/2919/2668 2234/2922/2671 2240/2929/2678 2239/2927/2676
f 2234/2922/2671 2235/2926/2675 2241/2790/2539 2240/2929/2678
f 2235/2926/2675 2236/2781/2530 2242/2780/2529 2241/2790/2539
f 2235/2926/2675 2808/2925/2674 2809/2930/2679 2236/2781/2530
f 2236/2781/2530 2809/2930/2679 2810/2931/2680 2237/2782/2531
f 2237/2782/2531 2810/2931/2680 2811/2932/2681 3253/2783/2532
f 2238/2928/2677 2239/2927/2676 2244/2795/2544 2243/2933/2682
f 2238/2928/2677 2243/2933/2682 3204/2917/2666 3203/2908/2657
f 2239/2927/2676 2240/2929/2678 2245/2796/2545 2244/2795/2544
f 2240/2929/2678 2241/2790/2539 3206/2789/2538 2245/2796/2545
f 2243/2933/2682 2244/2795/2544 2247/2794/2543 2246/2801/2550
f 2243/2933/2682 2246/2801/2550 3205/2934/2683 3204/2917/2666
f 2246/2801/2550 3288/2800/2549 3264/2935/2684 3205/2934/2683
f 2248/2915/2664 2249/2936/2685 1537/2937/2686 1536/2916/2665
f 2248/2915/2664 3204/2917/2666 3205/2934/2683 2249/2936/2685
f 2249/2936/2685 3205/2934/2683 3264/2935/2684 2250/2938/2687
f 2249/2936/2685 2250/2938/2687 1538/2939/2688 1537/2937/2686
f 2250/2938/2687 3264/2935/2684 3288/2800/2549 2251/2940/2689
f 2250/2938/2687 2251/2940/2689 1539/2941/2690 1538/2939/2688
f 2251/2940/2689 3288/2800/2549 2754/2799/2548 2753/2942/2691
f 2251/2940/2689 2753/2942/2691 1540/2943/2692 1539/2941/2690
f 2252/2944/2693 2254/2945/2694 2253/2946/2695 2607/2947/2696
f 2252/2944/2693 2607/2947/2696 2603/2948/2697 2604/2755/2504
f 2252/2944/2693 2604/2755/2504 3302/2754/2503 3246/2871/2620
f 2252/2944/2693 3246/2871/2620 3269/2844/2593 2254/2945/2694
f 2253/2946/2695 2254/2945/2694 2768/5935/2698 2767/5936/2699
f 2253/2946/2695 2767/5936/2699 2766/5931/2700 2609/2952/2701
f 2253/2946/2695 2609/2952/2701 2606/2953/2702 2607/2947/2696
f 2254/2945/2694 3269/2844/2593 2833/2954/2703 2768/5935/2698
f 2256/2535/2284 2257/2537/2286 2261/1961/1710 2260/1960/1709
f 2257/2537/2286 2258/2547/2296 2262/2554/2303 2261/1961/1710
f 2261/1961/1710 2262/2554/2303 2264/1970/1719 2263/1962/1711
f 2267/5934/2704 2268/5932/2705 2946/2957/2706 2269/2958/2707
f 2267/5934/2704 2269/2958/2707 2834/2959/2708 2833/5933/2703
f 2267/2955/2704 2833/2954/2703 3269/2844/2593 2274/2843/2592
f 2267/2955/2704 2274/2843/2592 2275/2847/2596 2268/2956/2705
f 2268/5932/2705 2727/5930/2709 2947/2961/2710 2946/2957/2706
f 2268/2956/2705 2275/2847/2596 3011/2962/2711 2727/2960/2709
f 2269/2958/2707 2946/2957/2706 2948/2963/2712 2270/2964/2713
f 2269/2958/2707 2270/2964/2713 2835/2965/2714 2834/2959/2708
f 2270/2964/2713 2948/2963/2712 2951/2966/2715 2950/2967/2716
f 2270/2964/2713 2950/2967/2716 2836/2968/2717 2835/2965/2714
f 2271/2829/2578 2961/2831/2580 3010/2969/2718 2962/2836/2585
f 2272/2838/2587 2273/2837/2586 3011/2962/2711 2275/2847/2596
f 2273/2837/2586 2962/2836/2585 3012/2970/2719 3011/2962/2711
f 2276/1826/1575 2321/2971/2720 2319/2972/2721 2277/1834/1583
f 2276/1826/1575 3303/1825/1574 2312/1824/1573 2321/2971/2720
f 2277/1834/1583 2319/2972/2721 2317/2973/2722 2278/1843/1592
f 2278/1843/1592 2317/2973/2722 2315/2974/2723 2279/1849/1598
f 2279/1849/1598 2315/2974/2723 2313/2975/2724 2280/1854/1603
f 2280/1854/1603 2313/2975/2724 2282/2016/1765 2281/1858/1607
f 2281/1858/1607 2282/2016/1765 2498/2015/1764 2497/1859/1608
f 2282/2016/1765 2313/2975/2724 2288/2976/2725 2284/2013/1762
f 2283/2010/1759 2284/2013/1762 2288/2976/2725 2287/2026/1775
f 2285/2024/1773 2286/2025/1774 2292/2977/2726 2291/2034/1783
f 2286/2025/1774 2287/2026/1775 2293/2978/2727 2292/2977/2726
f 2287/2026/1775 2288/2976/2725 2314/2979/2728 2293/2978/2727
f 2288/2976/2725 2313/2975/2724 2315/2974/2723 2314/2979/2728
f 2289/2032/1781 2290/2033/1782 2297/2980/2729 2296/2040/1789
f 2290/2033/1782 2291/2034/1783 2298/2981/2730 2297/2980/2729
f 2291/2034/1783 2292/2977/2726 2299/2982/2731 2298/2981/2730
f 2292/2977/2726 2293/2978/2727 2300/2983/2732 2299/2982/2731
f 2293/2978/2727 2314/2979/2728 2316/2984/2733 2300/2983/2732
f 2294/2038/1787 2295/2039/1788 2303/2154/1903 2302/2044/1793
f 2295/2039/1788 2296/2040/1789 2304/2157/1906 2303/2154/1903
f 2296/2040/1789 2297/2980/2729 2305/2158/1907 2304/2157/1906
f 2297/2980/2729 2298/2981/2730 2306/2161/1910 2305/2158/1907
f 2298/2981/2730 2299/2982/2731 2307/2164/1913 2306/2161/1910
f 2299/2982/2731 2300/2983/2732 2308/2167/1916 2307/2164/1913
f 2300/2983/2732 2316/2984/2733 2318/2985/2734 2308/2167/1916
f 2308/2167/1916 2318/2985/2734 2320/2169/1918 3280/2168/1917
f 2309/2166/1915 2320/2169/1918 2321/2971/2720 2312/1824/1573
f 2314/2979/2728 2315/2974/2723 2317/2973/2722 2316/2984/2733
f 2316/2984/2733 2317/2973/2722 2319/2972/2721 2318/2985/2734
f 2318/2985/2734 2319/2972/2721 2321/2971/2720 2320/2169/1918
f 2322/6019/2735 2325/2987/2736 2523/2988/2737 2525/2989/2738
f 2322/2986/2735 2525/6013/2738 2742/2990/2739 2901/2991/2740
f 2322/2986/2735 2901/2991/2740 2902/2992/2741 2323/2993/2742
f 2322/6019/2735 2323/6018/2742 2326/2994/2743 2325/2987/2736
f 2323/2993/2742 2902/2992/2741 2903/2995/2744 2324/6017/1796
f 2323/6018/2742 2324/2047/1796 2327/2046/1795 2326/2994/2743
f 2324/6017/1796 2903/2995/2744 2722/2996/2745 3299/1980/1729
f 2325/2987/2736 2520/2997/2746 2521/1857/1606 2523/2988/2737
f 2325/2987/2736 2326/2994/2743 2328/2998/2747 2520/2997/2746
f 2326/2994/2743 2327/2046/1795 2329/2045/1794 2328/2998/2747
f 2328/2998/2747 2329/2045/1794 2331/2048/1797 2330/2999/2748
f 2328/2998/2747 2330/2999/2748 2518/1852/1601 2520/2997/2746
f 2330/2999/2748 2516/1846/1595 2517/1845/1594 2518/1852/1601
f 2330/2999/2748 2331/2048/1797 2332/2049/1798 2516/1846/1595
f 2332/2049/1798 2333/1837/1586 2515/1836/1585 2516/1846/1595
f 2334/2753/2502 2619/2752/2501 2632/3000/2749 2336/3001/2750
f 2334/2753/2502 2336/3001/2750 2335/3002/2751 2613/2885/2634
f 2334/2753/2502 2613/2885/2634 2612/2878/2627 3302/2754/2503
f 2335/3002/2751 2337/3003/2752 2616/3004/2753 2614/2891/2640
f 2335/3002/2751 2614/2891/2640 2611/2884/2633 2613/2885/2634
f 2335/3002/2751 2336/3001/2750 2338/2287/2036 2337/3003/2752
f 2336/3001/2750 2632/3000/2749 2633/2288/2037 2338/2287/2036
f 2337/3003/2752 2338/2287/2036 2341/2140/1889 2340/2142/1891
f 2337/3003/2752 2340/2142/1891 2339/2290/2039 2616/3004/2753
f 2339/2290/2039 2618/2293/2042 2615/2896/2645 2616/3004/2753
f 2342/2693/2442 2343/1790/1539 2347/2617/2366 2346/3005/2754
f 2342/2693/2442 2346/3005/2754 2345/2698/2447 3218/2692/2441
f 2344/2697/2446 2345/2698/2447 2351/3006/2755 2350/3007/2756
f 2344/2697/2446 2350/3007/2756 2349/2704/2453 3217/2694/2443
f 2345/2698/2447 2346/3005/2754 2352/3008/2757 2351/3006/2755
f 2346/3005/2754 2347/2617/2366 2353/3009/2758 2352/3008/2757
f 2347/2617/2366 2504/2616/2365 2354/2615/2364 2353/3009/2758
f 2348/2699/2448 2349/2704/2453 2358/1986/1735 2357/1985/1734
f 2348/2699/2448 2357/1985/1734 2356/1982/1731 3216/2700/2449
f 2349/2704/2453 2350/3007/2756 2359/1989/1738 2358/1986/1735
f 2350/3007/2756 2351/3006/2755 2360/1992/1741 2359/1989/1738
f 2351/3006/2755 2352/3008/2757 2361/3010/2759 2360/1992/1741
f 2352/3008/2757 2353/3009/2758 2362/3011/2760 2361/3010/2759
f 2353/3009/2758 2354/2615/2364 2363/3012/2761 2362/3011/2760
f 2354/2615/2364 2503/2612/2361 2502/2614/2363 2363/3012/2761
f 2360/1992/1741 2361/3010/2759 2365/2004/1753 2364/1993/1742
f 2361/3010/2759 2362/3011/2760 2366/2007/1756 2365/2004/1753
f 2362/3011/2760 2363/3012/2761 2367/2008/1757 2366/2007/1756
f 2363/3012/2761 2502/2614/2363 2368/2011/1760 2367/2008/1757
f 2368/2011/1760 2502/2614/2363 2501/2608/2357 2500/2014/1763
f 2369/2705/2454 2723/3013/2762 2724/3014/2763 2370/2706/2455
f 2369/2705/2454 3299/6045/1729 2722/6040/2745 2723/3013/2762
f 2370/2706/2455 2724/3014/2763 2725/3015/2764 2371/3016/2765
f 2370/6016/2455 2371/6014/2765 2374/2703/2452 2373/2702/2451
f 2371/6014/2765 2372/2191/1940 2375/2192/1941 2374/2703/2452
f 2371/3016/2765 2725/3015/2764 2571/2189/1938 2372/6015/1940
f 2374/2703/2452 2375/2192/1941 2376/2193/1942 3208/2689/2438
f 2379/3017/2766 3190/2684/2433 3191/5867/2432 3114/5866/2767
f 2379/3017/2766 3114/5866/2767 1606/5854/2768 1605/3020/2769
f 2379/3017/2766 1605/3020/2769 1610/3021/2770 3287/3022/2771
f 2379/3017/2766 3287/3022/2771 3108/3023/2772 3190/2684/2433
f 2380/3024/2773 3013/3025/2774 3010/2969/2718 3287/3022/2771
f 2380/3024/2773 3287/3022/2771 1610/3021/2770 1609/3026/2775
f 2380/3024/2773 1609/3026/2775 1599/3027/2776 2381/3028/2777
f 2380/3024/2773 2381/3028/2777 3254/5928/2778 3013/3025/2774
f 2381/3028/2777 1599/3027/2776 1490/3030/2779 2806/3031/2780
f 2381/3028/2777 2806/3031/2780 2967/5924/2781 3254/5928/2778
f 2382/3033/2782 2505/2461/2210 2506/2463/2212 2384/3034/2783
f 2382/3033/2782 2384/3034/2783 2383/3035/2784 2421/3036/2785
f 2382/3033/2782 2421/3036/2785 1506/5956/2786 1505/5958/2787
f 2382/3033/2782 1505/5958/2787 1489/5957/2211 2505/2461/2210
f 2383/3035/2784 2384/3034/2783 2387/3039/2788 2386/3040/2789
f 2383/3035/2784 2386/3040/2789 2385/3041/2790 2423/3042/2791
f 2383/3035/2784 2423/3042/2791 2451/3043/2792 2421/3036/2785
f 2384/3034/2783 2506/2463/2212 2388/3044/2793 2387/3039/2788
f 2385/3041/2790 2386/3040/2789 2392/3045/2794 2391/3046/2795
f 2385/3041/2790 2391/3046/2795 2390/3047/2796 2426/3048/2797
f 2385/3041/2790 2426/3048/2797 2422/3049/2798 2423/3042/2791
f 2386/3040/2789 2387/3039/2788 2393/3050/2799 2392/3045/2794
f 2387/3039/2788 2388/3044/2793 2394/3051/2800 2393/3050/2799
f 2388/3044/2793 2508/2458/2207 2510/3052/2801 2394/3051/2800
f 2388/3044/2793 2506/2463/2212 2507/2456/2205 2508/2458/2207
f 2389/3053/2802 2396/3054/2803 2395/3055/2804 2429/3056/2805
f 2389/3053/2802 2429/3056/2805 2424/3057/2806 2425/3058/2807
f 2389/3053/2802 2425/3058/2807 2426/3048/2797 2390/3047/2796
f 2389/3053/2802 2390/3047/2796 2397/3059/2808 2396/3054/2803
f 2390/3047/2796 2391/3046/2795 2398/3060/2809 2397/3059/2808
f 2391/3046/2795 2392/3045/2794 2399/3061/2810 2398/3060/2809
f 2392/3045/2794 2393/3050/2799 2400/3062/2811 2399/3061/2810
f 2393/3050/2799 2394/3051/2800 2401/3063/2812 2400/3062/2811
f 2394/3051/2800 2510/3052/2801 2402/3064/2813 2401/3063/2812
f 2395/3055/2804 2404/3065/2814 2403/3066/2815 2433/3067/2816
f 2395/3055/2804 2433/3067/2816 2428/3068/2817 2429/3056/2805
f 2395/3055/2804 2396/3054/2803 2405/3069/2818 2404/3065/2814
f 2396/3054/2803 2397/3059/2808 2406/3070/2819 2405/3069/2818
f 2397/3059/2808 2398/3060/2809 2407/3071/2820 2406/3070/2819
f 2398/3060/2809 2399/3061/2810 2408/3072/2821 2407/3071/2820
f 2399/3061/2810 2400/3062/2811 2409/3073/2822 2408/3072/2821
f 2400/3062/2811 2401/3063/2812 2410/2245/1994 2409/3073/2822
f 2401/3063/2812 2402/3064/2813 2411/2246/1995 2410/2245/1994
f 2402/3064/2813 2510/3052/2801 2511/2439/2188 2512/2438/2187
f 2402/3064/2813 2512/2438/2187 2513/2247/1996 2411/2246/1995
f 2403/3066/2815 2413/2259/2008 2412/2256/2005 2436/3074/2823
f 2403/3066/2815 2436/3074/2823 2432/3075/2824 2433/3067/2816
f 2403/3066/2815 2404/3065/2814 2414/2262/2011 2413/2259/2008
f 2404/3065/2814 2405/3069/2818 2415/2265/2014 2414/2262/2011
f 2405/3069/2818 2406/3070/2819 2416/2270/2019 2415/2265/2014
f 2406/3070/2819 2407/3071/2820 2417/2273/2022 2416/2270/2019
f 2407/3071/2820 2408/3072/2821 2418/2276/2025 2417/2273/2022
f 2408/3072/2821 2409/3073/2822 2419/2279/2028 2418/2276/2025
f 2409/3073/2822 2410/2245/1994 2420/2244/1993 2419/2279/2028
f 2412/2256/2005 2437/2255/2004 2435/3076/2825 2436/3074/2823
f 2421/3036/2785 2451/3043/2792 1507/5955/2826 1506/5956/2786
f 2422/3049/2798 2426/3048/2797 2425/3058/2807 2454/3078/2827
f 2422/3049/2798 2454/3078/2827 2453/3079/2828 2452/3080/2829
f 2422/3049/2798 2452/3080/2829 2451/3043/2792 2423/3042/2791
f 2424/3057/2806 2429/3056/2805 2428/3068/2817 2459/3081/2830
f 2424/3057/2806 2459/3081/2830 2458/3082/2831 2456/3083/2832
f 2424/3057/2806 2456/3083/2832 2454/3078/2827 2425/3058/2807
f 2427/3084/2833 2428/3068/2817 2433/3067/2816 2432/3075/2824
f 2427/3084/2833 2432/3075/2824 2431/3085/2834 2466/3086/2835
f 2427/3084/2833 2466/3086/2835 2465/3087/2836 2462/3088/2837
f 2427/3084/2833 2462/3088/2837 2459/3081/2830 2428/3068/2817
f 2430/3089/2838 2431/3085/2834 2435/3076/2825 2434/3090/2839
f 2430/3089/2838 2434/3090/2839 2530/3091/2840 3300/3092/2841
f 2430/3089/2838 3300/3092/2841 2474/3093/2842 2470/3094/2843
f 2430/3089/2838 2470/3094/2843 2466/3086/2835 2431/3085/2834
f 2431/3085/2834 2432/3075/2824 2436/3074/2823 2435/3076/2825
f 2434/3090/2839 2526/2254/2003 2531/3095/2844 2530/3091/2840
f 2434/3090/2839 2435/3076/2825 2437/2255/2004 2526/2254/2003
f 2439/1709/1458 2440/1716/1465 2444/3096/2845 2443/1721/1470
f 2440/1716/1465 2441/1915/1664 2445/2434/2183 2444/3096/2845
f 2442/1717/1466 2443/1721/1470 2448/3097/2846 2447/1726/1475
f 2443/1721/1470 2444/3096/2845 2551/3098/2847 2448/3097/2846
f 2444/3096/2845 2445/2434/2183 2553/2435/2184 2551/3098/2847
f 2446/1722/1471 2447/1726/1475 2548/5819/2848 2450/5820/1480
f 2447/1726/1475 2448/3097/2846 2549/5818/2849 2548/5819/2848
f 2448/3097/2846 2551/3098/2847 2550/3101/2850 2549/5818/2849
f 2449/1727/1476 2450/1731/1480 3211/3102/2851 3210/1736/1485
f 2450/1731/1480 2548/3099/2848 3212/3103/2852 3211/3102/2851
f 2451/3043/2792 2452/3080/2829 1508/5954/2853 1507/5955/2826
f 2452/3080/2829 2453/3079/2828 1509/5953/2854 1508/5954/2853
f 2453/3079/2828 2454/3078/2827 2456/3083/2832 2455/3106/2855
f 2453/3079/2828 2455/3106/2855 1510/5952/2856 1509/5953/2854
f 2455/3106/2855 2456/3083/2832 2458/3082/2831 2457/3108/2857
f 2455/3106/2855 2457/3108/2857 1511/5951/2858 1510/5952/2856
f 2457/3108/2857 2458/3082/2831 2461/3110/2859 2460/3111/2860
f 2457/3108/2857 2460/3111/2860 1512/5950/2861 1511/5951/2858
f 2458/3082/2831 2459/3081/2830 2462/3088/2837 2461/3110/2859
f 2460/3111/2860 2461/3110/2859 2464/3113/2862 2463/3114/2863
f 2460/3111/2860 2463/3114/2863 1513/5949/2864 1512/5950/2861
f 2461/3110/2859 2462/3088/2837 2465/3087/2836 2464/3113/2862
f 2463/3114/2863 2464/3113/2862 2468/3116/2865 2467/3117/2866
f 2463/3114/2863 2467/3117/2866 1514/5948/2867 1513/5949/2864
f 2464/3113/2862 2465/3087/2836 2469/3119/2868 2468/3116/2865
f 2465/3087/2836 2466/3086/2835 2470/3094/2843 2469/3119/2868
f 2467/3117/2866 2468/3116/2865 2472/3120/2869 2471/3121/2870
f 2467/3117/2866 2471/3121/2870 1515/5947/2871 1514/5948/2867
f 2468/3116/2865 2469/3119/2868 2473/3123/2872 2472/3120/2869
f 2469/3119/2868 2470/3094/2843 2474/3093/2842 2473/3123/2872
f 2471/3121/2870 2472/3120/2869 2476/3124/2873 2475/3125/2874
f 2471/3121/2870 2475/3125/2874 1516/5946/2875 1515/5947/2871
f 2472/3120/2869 2473/3123/2872 2477/3127/2876 2476/3124/2873
f 2473/3123/2872 2474/3093/2842 2478/3128/2877 2477/3127/2876
f 2474/3093/2842 3300/3092/2841 2530/3091/2840 2478/3128/2877
f 2475/3125/2874 2476/3124/2873 2480/3129/2878 2479/3130/2879
f 2475/3125/2874 2479/3130/2879 1517/5945/2880 1516/5946/2875
f 2476/3124/2873 2477/3127/2876 2481/3132/2881 2480/3129/2878
f 2477/3127/2876 2478/3128/2877 2482/3133/2882 2481/3132/2881
f 2478/3128/2877 2530/3091/2840 2531/3095/2844 2482/3133/2882
f 2479/3130/2879 2480/3129/2878 2484/3134/2883 2483/3135/2884
f 2479/3130/2879 2483/3135/2884 1518/5944/2885 1517/5945/2880
f 2480/3129/2878 2481/3132/2881 2485/3137/2886 2484/3134/2883
f 2481/3132/2881 2482/3133/2882 2532/3138/2887 2485/3137/2886
f 2482/3133/2882 2531/3095/2844 2533/3139/2888 2532/3138/2887
f 2483/3135/2884 2484/3134/2883 2487/3140/2889 2486/3141/2890
f 2483/3135/2884 2486/3141/2890 1519/5943/2891 1518/5944/2885
f 2484/3134/2883 2485/3137/2886 2488/3143/2892 2487/3140/2889
f 2485/3137/2886 2532/3138/2887 2534/3144/2893 2488/3143/2892
f 2486/3141/2890 2487/3140/2889 2490/3145/2894 2489/3146/2895
f 2486/3141/2890 2489/3146/2895 1520/5942/2896 1519/5943/2891
f 2487/3140/2889 2488/3143/2892 2536/3148/2897 2490/3145/2894
f 2488/3143/2892 2534/3144/2893 2537/3149/2898 2536/3148/2897
f 2489/3146/2895 2490/3145/2894 2492/3150/2899 2491/3151/2900
f 2489/3146/2895 2491/3151/2900 1521/5941/2901 1520/5942/2896
f 2490/3145/2894 2536/3148/2897 2539/3153/2902 2492/3150/2899
f 2491/3151/2900 2492/3150/2899 2494/3154/2903 2493/3155/2904
f 2491/3151/2900 2493/3155/2904 1522/5940/2905 1521/5941/2901
f 2492/3150/2899 2539/3153/2902 2542/1720/1469 2494/3154/2903
f 2493/3155/2904 2494/3154/2903 2544/1725/1474 2495/3157/2906
f 2493/3155/2904 2495/3157/2906 1523/5939/2907 1522/5940/2905
f 2494/3154/2903 2542/1720/1469 2545/1719/1468 2544/1725/1474
f 2495/3157/2906 2544/1725/1474 2546/1724/1473 2496/1730/1479
f 2495/3157/2906 2496/1730/1479 1524/5937/2908 1523/5939/2907
f 2496/1730/1479 2547/1729/1478 1525/5938/1484 1524/5937/2908
f 2497/1859/1608 2498/2015/1764 2500/2014/1763 2499/2600/2349
f 2508/2458/2207 2509/2453/2202 2511/2439/2188 2510/3052/2801
f 2518/1852/1601 2519/1851/1600 2521/1857/1606 2520/2997/2746
f 2521/1857/1606 2522/1856/1605 2524/1861/1610 2523/2988/2737
f 2523/2988/2737 2524/1861/1610 2743/6012/2909 2525/2989/2738
f 2524/1861/1610 3276/1860/1609 2863/6011/2346 2743/6012/2909
f 2525/6013/2738 2743/3160/2909 2741/3161/2910 2742/2990/2739
f 2526/2254/2003 2527/2253/2002 2533/3139/2888 2531/3095/2844
f 2527/2253/2002 2528/2252/2001 2535/3162/2911 2533/3139/2888
f 2528/2252/2001 2529/2281/2030 2538/3163/2912 2535/3162/2911
f 2529/2281/2030 3292/1714/1463 2541/1713/1462 2538/3163/2912
f 2532/3138/2887 2533/3139/2888 2535/3162/2911 2534/3144/2893
f 2534/3144/2893 2535/3162/2911 2538/3163/2912 2537/3149/2898
f 2536/3148/2897 2537/3149/2898 2540/1712/1461 2539/3153/2902
f 2537/3149/2898 2538/3163/2912 2541/1713/1462 2540/1712/1461
f 2539/3153/2902 2540/1712/1461 2543/1711/1460 2542/1720/1469
f 2548/3099/2848 2549/3100/2849 3213/3164/2913 3212/3103/2852
f 2549/3100/2849 2550/5817/2850 3214/3165/2914 3213/3164/2913
f 2550/3101/2850 2551/3098/2847 2553/2435/2184 2552/5816/2456
f 2550/5817/2850 2552/2707/2456 3215/2708/2457 3214/3165/2914
f 2554/5799/2915 3093/2543/2292 3094/3167/2916 3095/3168/2917
f 2554/5799/2915 3095/3168/2917 2556/3169/2918 2555/3170/2919
f 2554/3166/2915 2555/5798/2919 3214/3165/2914 3215/2708/2457
f 2554/3166/2915 3215/2708/2457 3291/2544/2293 3093/5800/2292
f 2555/3170/2919 2556/3169/2918 2559/3171/2920 2558/3172/2921
f 2555/5798/2919 2558/5797/2921 3213/3164/2913 3214/3165/2914
f 2556/3169/2918 2557/3173/2922 2560/3174/2923 2559/3171/2920
f 2556/3169/2918 3095/3168/2917 3096/3175/2924 2557/3173/2922
f 2557/3173/2922 3096/3175/2924 2887/3176/2925 3097/3177/2926
f 2557/3173/2922 3097/3177/2926 2561/3178/2927 2560/3174/2923
f 2558/3172/2921 2559/3171/2920 2563/3179/2928 2562/3180/2929
f 2558/5797/2921 2562/5796/2929 3212/3103/2852 3213/3164/2913
f 2559/3171/2920 2560/3174/2923 2564/3181/2930 2563/3179/2928
f 2560/3174/2923 2561/3178/2927 2565/3182/2931 2564/3181/2930
f 2561/3178/2927 3098/2184/1933 2566/2190/1939 2565/3182/2931
f 2561/3178/2927 3097/3177/2926 2897/2181/1930 3098/2184/1933
f 2562/3180/2929 2563/3179/2928 2568/3183/2932 2567/3184/2933
f 2562/5796/2929 2567/5795/2933 3211/3102/2851 3212/3103/2852
f 2563/3179/2928 2564/3181/2930 2569/3185/2934 2568/3183/2932
f 2564/3181/2930 2565/3182/2931 2572/3186/2935 2569/3185/2934
f 2565/3182/2931 2566/2190/1939 2573/3187/2936 2572/3186/2935
f 2566/2190/1939 2571/2189/1938 2725/3015/2764 2573/3187/2936
f 2567/3184/2933 2568/3183/2932 2574/3188/2937 2570/3189/2938
f 2567/5795/2933 2570/5794/2938 3210/1736/1485 3211/3102/2851
f 2568/3183/2932 2569/3185/2934 2575/3190/2939 2574/3188/2937
f 2569/3185/2934 2572/3186/2935 2576/3191/2940 2575/3190/2939
f 2570/3189/2938 2574/3188/2937 2579/3192/2941 2578/5793/1551
f 2570/5794/2938 2578/1802/1551 3301/1732/1481 3210/1736/1485
f 2572/3186/2935 2573/3187/2936 2577/3193/2942 2576/3191/2940
f 2573/3187/2936 2725/3015/2764 2724/3014/2763 2577/3193/2942
f 2574/3188/2937 2575/3190/2939 2580/3194/2943 2579/3192/2941
f 2575/3190/2939 2576/3191/2940 2581/3195/2944 2580/3194/2943
f 2576/3191/2940 2577/3193/2942 2582/3196/2945 2581/3195/2944
f 2577/3193/2942 2724/3014/2763 2723/3013/2762 2582/3196/2945
f 2578/5793/1551 2579/3192/2941 2583/1811/1560 3014/1803/1552
f 2579/3192/2941 2580/3194/2943 2584/6043/2946 2583/1811/1560
f 2580/3194/2943 2581/3195/2944 2585/6042/2947 2584/6043/2946
f 2581/3195/2944 2582/3196/2945 2721/6041/2948 2585/6042/2947
f 2582/3196/2945 2723/3013/2762 2722/6040/2745 2721/6041/2948
f 2583/6044/1560 2584/3197/2946 3016/3200/2949 3015/1807/1556
f 2584/3197/2946 2585/3198/2947 2586/3201/2950 3016/3200/2949
f 2585/3198/2947 2721/3199/2948 2720/3202/2951 2586/3201/2950
f 2586/3201/2950 2720/3202/2951 2900/3203/2952 2988/3204/2953
f 2586/3201/2950 2988/3204/2953 2987/3205/2954 3016/3200/2949
f 2587/2713/2462 2588/2721/2470 1502/3206/2955 1503/2714/2463
f 2588/2721/2470 2589/2720/2469 1501/3207/2956 1502/3206/2955
f 2589/2720/2469 2591/3208/2957 1500/3209/2958 1501/3207/2956
f 2589/2720/2469 2590/2719/2468 2592/2727/2476 2591/3208/2957
f 2591/3208/2957 3004/3210/2959 1499/3211/2960 1500/3209/2958
f 2591/3208/2957 2592/2727/2476 2594/3212/2961 3004/3210/2959
f 2592/2727/2476 2593/2726/2475 2595/2736/2485 2594/3212/2961
f 2594/3212/2961 2595/2736/2485 2598/3213/2962 2597/3214/2963
f 2594/3212/2961 2597/3214/2963 3003/3215/2964 3004/3210/2959
f 2595/2736/2485 2596/2735/2484 2599/2745/2494 2598/3213/2962
f 2597/3214/2963 2598/3213/2962 2602/3216/2965 2601/3217/2966
f 2597/3214/2963 2601/3217/2966 3002/3218/2967 3003/3215/2964
f 2598/3213/2962 2599/2745/2494 2603/2948/2697 2602/3216/2965
f 2599/2745/2494 2600/2744/2493 2604/2755/2504 2603/2948/2697
f 2601/3217/2966 2602/3216/2965 2606/2953/2702 2605/3219/2968
f 2601/3217/2966 2605/3219/2968 3001/3220/2969 3002/3218/2967
f 2602/3216/2965 2603/2948/2697 2607/2947/2696 2606/2953/2702
f 2605/3219/2968 2608/3221/2970 3000/3222/2971 3001/3220/2969
f 2605/3219/2968 2606/2953/2702 2609/2952/2701 2608/3221/2970
f 2608/3221/2970 3268/5925/2972 2999/3224/2973 3000/3222/2971
f 2608/3221/2970 2609/2952/2701 2766/5931/2700 3268/5925/2972
f 2610/2890/2639 2614/2891/2640 2616/3004/2753 2615/2896/2645
f 2619/2752/2501 3243/2751/2500 2620/2764/2513 2632/3000/2749
f 2620/2764/2513 2621/2763/2512 2623/3225/2974 2622/2289/2038
f 2620/2764/2513 2622/2289/2038 2633/2288/2037 2632/3000/2749
f 2621/2763/2512 3244/2762/2511 2624/2771/2520 2623/3225/2974
f 2622/2289/2038 2623/3225/2974 2626/2135/1884 2631/2134/1883
f 2623/3225/2974 2624/2771/2520 2627/3226/2975 2626/2135/1884
f 2624/2771/2520 2625/2770/2519 2628/3227/2976 2627/3226/2975
f 2625/2770/2519 3245/2769/2518 2629/2776/2525 2628/3227/2976
f 2626/2135/1884 2627/3226/2975 2672/2137/1886 3279/2136/1885
f 2627/3226/2975 2628/3227/2976 2671/3228/2977 2672/2137/1886
f 2628/3227/2976 2629/2776/2525 2670/3229/2978 2671/3228/2977
f 2629/2776/2525 2630/2775/2524 2669/3230/2979 2670/3229/2978
f 2630/2775/2524 3256/2774/2523 3239/3231/2980 2669/3230/2979
f 2634/3232/2981 3185/3233/2982 3186/2201/1950 2909/2200/1949
f 2634/3232/2981 2909/2200/1949 1551/3234/2983 1552/3235/2984
f 2634/3232/2981 1552/3235/2984 1553/3236/2985 3197/3237/2986
f 2634/3232/2981 3197/3237/2986 3198/3238/2987 3185/3233/2982
f 2639/2507/2256 2640/2509/2258 2645/3239/2988 2644/2516/2265
f 2640/2509/2258 2641/3240/2989 2646/3241/2990 2645/3239/2988
f 2640/2509/2258 3255/2508/2257 2676/3242/2991 2641/3240/2989
f 2641/3240/2989 2676/3242/2991 2677/3243/2992 2679/3244/2993
f 2641/3240/2989 2679/3244/2993 2647/3245/2994 2646/3241/2990
f 2642/2514/2263 2643/2515/2264 2651/2731/2480 2650/2520/2269
f 2643/2515/2264 2644/2516/2265 2652/2740/2489 2651/2731/2480
f 2644/2516/2265 2645/3239/2988 2653/2750/2499 2652/2740/2489
f 2645/3239/2988 2646/3241/2990 2654/2761/2510 2653/2750/2499
f 2646/3241/2990 2647/3245/2994 2655/2768/2517 2654/2761/2510
f 2647/3245/2994 2679/3244/2993 2680/3246/2995 2681/3247/2996
f 2647/3245/2994 2681/3247/2996 2656/2773/2522 2655/2768/2517
f 2656/2773/2522 2681/3247/2996 3239/3231/2980 3256/2774/2523
f 2658/2306/2055 2659/2146/1895 2661/2145/1894 2660/2309/2058
f 2660/2309/2058 2661/2145/1894 2663/2144/1893 2662/2312/2061
f 2662/2312/2061 2663/2144/1893 2667/3248/2997 2666/2315/2064
f 2663/2144/1893 2664/2131/1880 2668/2130/1879 2667/3248/2997
f 2665/2316/2065 2666/2315/2064 2670/3229/2978 2669/3230/2979
f 2665/2316/2065 2669/3230/2979 3239/3231/2980 3238/2317/2066
f 2666/2315/2064 2667/3248/2997 2671/3228/2977 2670/3229/2978
f 2667/3248/2997 2668/2130/1879 2672/2137/1886 2671/3228/2977
f 2673/3249/2998 3235/2308/2057 3236/2311/2060 2675/3250/2999
f 2673/3249/2998 2675/3250/2999 2674/3251/3000 3220/3252/3001
f 2673/3249/2998 3220/3252/3001 2682/3253/3002 3219/3254/3003
f 2673/3249/2998 3219/3254/3003 3234/2303/2052 3235/2308/2057
f 2674/3251/3000 2675/3250/2999 2678/3255/3004 2677/3243/2992
f 2674/3251/3000 2677/3243/2992 2676/3242/2991 3221/3256/3005
f 2674/3251/3000 3221/3256/3005 2709/3257/3006 3220/3252/3001
f 2675/3250/2999 3236/2311/2060 3237/2314/2063 2678/3255/3004
f 2676/3242/2991 3255/2508/2257 2704/3258/3007 3221/3256/3005
f 2677/3243/2992 2678/3255/3004 2680/3246/2995 2679/3244/2993
f 2678/3255/3004 3237/2314/2063 3238/2317/2066 2680/3246/2995
f 2680/3246/2995 3238/2317/2066 3239/3231/2980 2681/3247/2996
f 2682/3253/3002 2710/3259/3008 2711/3260/3009 2713/3261/3010
f 2682/3253/3002 2713/3261/3010 2683/2305/2054 3219/3254/3003
f 2682/3253/3002 3220/3252/3001 2709/3257/3006 2710/3259/3008
f 2683/2305/2054 3270/2304/2053 3234/2303/2052 3219/3254/3003
f 2683/2305/2054 2713/3261/3010 2714/2893/2642 2684/2301/2050
f 2684/2301/2050 2714/2893/2642 2715/2892/2641 2716/2298/2047
f 2685/2849/2598 2686/2848/2597 3230/3262/3011 2829/3263/3012
f 2685/2849/2598 2829/3263/3012 3233/3264/3013 3263/2850/2599
f 2686/2848/2597 2688/2853/2602 2687/3265/3014 3230/3262/3011
f 2687/3265/3014 2689/3266/3015 3231/3267/3016 2831/3268/3017
f 2687/3265/3014 2831/3268/3017 2830/3269/3018 3230/3262/3011
f 2687/3265/3014 2688/2853/2602 2690/2855/2604 2689/3266/3015
f 2689/3266/3015 2690/2855/2604 2693/2859/2608 2692/3270/3019
f 2689/3266/3015 2692/3270/3019 2691/3271/3020 3231/3267/3016
f 2691/3271/3020 2695/3272/3021 3232/3273/3022 2832/3274/3023
f 2691/3271/3020 2832/3274/3023 3240/3275/3024 3231/3267/3016
f 2691/3271/3020 2692/3270/3019 2696/3276/3025 2695/3272/3021
f 2692/3270/3019 2693/2859/2608 2697/3277/3026 2696/3276/3025
f 2693/2859/2608 2694/2858/2607 2698/2866/2615 2697/3277/3026
f 2695/3272/3021 2696/3276/3025 2701/3278/3027 2700/3279/3028
f 2695/3272/3021 2700/3279/3028 2699/3280/3029 3232/3273/3022
f 2696/3276/3025 2697/3277/3026 2702/3281/3030 2701/3278/3027
f 2697/3277/3026 2698/2866/2615 2703/2874/2623 2702/3281/3030
f 2699/3280/3029 2704/3258/3007 3255/2508/2257 2795/2510/2259
f 2699/3280/3029 2795/2510/2259 2794/3282/3031 3232/3273/3022
f 2699/3280/3029 2700/3279/3028 2705/3283/3032 2704/3258/3007
f 2700/3279/3028 2701/3278/3027 2706/3284/3033 2705/3283/3032
f 2701/3278/3027 2702/3281/3030 2707/3285/3034 2706/3284/3033
f 2702/3281/3030 2703/2874/2623 2708/2880/2629 2707/3285/3034
f 2704/3258/3007 2705/3283/3032 2709/3257/3006 3221/3256/3005
f 2705/3283/3032 2706/3284/3033 2710/3259/3008 2709/3257/3006
f 2706/3284/3033 2707/3285/3034 2711/3260/3009 2710/3259/3008
f 2707/3285/3034 2708/2880/2629 2712/2887/2636 2711/3260/3009
f 2711/3260/3009 2712/2887/2636 2714/2893/2642 2713/3261/3010
f 2717/3286/3035 2718/3287/3036 3250/2825/2574 3249/2820/2569
f 2717/3286/3035 3249/2820/2569 3248/2819/2568 2945/2905/2654
f 2717/3286/3035 2945/2905/2654 3105/2904/2653 3106/3288/3037
f 2717/3286/3035 3106/3288/3037 2942/3289/3038 2718/3287/3036
f 2718/3287/3036 2942/3289/3038 2926/3290/3039 2960/3291/3040
f 2718/3287/3036 2960/3291/3040 3267/2828/2577 3250/2825/2574
f 2719/3292/3041 3198/3238/2987 3274/3293/3042 3183/3294/3043
f 2719/3292/3041 3183/3294/3043 2898/3295/3044 3177/5792/3045
f 2719/3292/3041 3177/5792/3045 2904/5783/3046 3278/2205/1954
f 2719/3292/3041 3278/2205/1954 3185/3233/2982 3198/3238/2987
f 2720/3202/2951 2903/2995/2744 2902/2992/2741 2900/3203/2952
f 2720/3202/2951 2721/3199/2948 2722/2996/2745 2903/2995/2744
f 2726/1920/1669 3226/2056/1805 2737/2055/1804 2738/1921/1670
f 2727/2960/2709 3011/2962/2711 3012/2970/2719 2728/3298/3047
f 2727/5930/2709 2728/5929/3047 2729/3299/3048 2947/2961/2710
f 2728/3298/3047 3012/2970/2719 3013/3025/2774 3254/5928/2778
f 2728/5929/3047 3254/3029/2778 3227/3300/3049 2729/3299/3048
f 2729/3299/3048 3227/3300/3049 3228/3301/3050 2730/3302/3051
f 2729/3299/3048 2730/3302/3051 2949/3303/3052 2947/2961/2710
f 2730/3302/3051 2953/3304/3053 2952/3305/3054 2949/3303/3052
f 2730/3302/3051 3228/3301/3050 3229/2470/2219 2953/3304/3053
f 2731/2469/2218 3005/3306/3055 3006/3307/3056 2966/2465/2214
f 2731/2469/2218 2733/2468/2217 2732/2471/2220 2970/3308/3057
f 2731/2469/2218 2970/3308/3057 2969/3309/3058 3005/3306/3055
f 2732/2471/2220 3229/2470/2219 3228/3301/3050 2970/3308/3057
f 2734/5927/3059 3006/3307/3056 3005/3306/3055 2968/3311/3060
f 2734/3310/3059 2968/5923/3060 2805/3312/3061 2997/3313/3062
f 2734/3310/3059 2997/3313/3062 2998/3314/3063 2735/3315/3064
f 2734/5927/3059 2735/5926/3064 2736/3316/3065 3006/3307/3056
f 2735/3315/3064 2998/3314/3063 2999/3224/2973 3268/5925/2972
f 2735/5926/3064 3268/3223/2972 2801/3317/3066 2736/3316/3065
f 2736/3316/3065 3007/2466/2215 2966/2465/2214 3006/3307/3056
f 2736/3316/3065 2801/3317/3066 2802/3318/3067 3007/2466/2215
f 2737/2055/1804 2798/3319/3068 2799/3320/3069 2738/1921/1670
f 2737/2055/1804 3251/2054/1803 2797/2053/1802 2798/3319/3068
f 2738/1921/1670 2799/3320/3069 2800/3321/3070 2739/1922/1671
f 2739/1922/1671 2800/3321/3070 3294/3322/3071 2837/1923/1672
f 2740/3323/3072 2972/3324/3073 2973/3325/3074 2974/3326/3075
f 2740/3323/3072 2974/3326/3075 2742/2990/2739 2741/3161/2910
f 2740/3323/3072 2741/3161/2910 2862/2596/2345 2860/3327/3076
f 2740/3323/3072 2860/3327/3076 2857/3328/3077 2972/3324/3073
f 2741/3161/2910 2743/3160/2909 2863/2597/2346 2862/2596/2345
f 2742/2990/2739 2974/3326/3075 2986/3329/3078 2901/2991/2740
f 2744/3330/3079 2917/3331/3080 2916/3332/3081 2915/3333/3082
f 2744/3330/3079 2915/3333/3082 3182/3334/3083 2925/2204/1953
f 2744/3330/3079 2925/2204/1953 3281/2203/1952 2745/3335/3084
f 2744/3330/3079 2745/3335/3084 2746/3336/3085 2917/3331/3080
f 2745/3335/3084 2975/5791/3086 3099/5790/3087 2746/3336/3085
f 2745/3335/3084 3281/2203/1952 2976/3339/3088 2975/5791/3086
f 2746/3336/3085 3099/5790/3087 3100/5789/3089 2747/5843/3090
f 2746/3336/3085 2747/5843/3090 2919/5842/3091 2917/3331/3080
f 2747/3341/3090 2923/3343/3092 2922/3344/3093 2919/3342/3091
f 2747/3341/3090 3100/5844/3089 2748/5788/3094 2923/3343/3092
f 2748/5788/3094 2924/5787/3095 3195/3347/3096 2923/3343/3092
f 2748/3345/3094 3100/3340/3089 3101/3348/3097 3102/3349/3098
f 2748/3345/3094 3102/3349/3098 3172/3350/3099 2924/3346/3095
f 2749/2232/1981 2996/2619/2368 2990/2618/2367 2750/2233/1982
f 2749/2232/1981 1598/2231/1980 1548/2620/2369 2996/2619/2368
f 2750/2233/1982 2751/3351/3100 2866/2240/1989 2865/2234/1983
f 2750/2233/1982 2990/2618/2367 2991/3352/3101 2751/3351/3100
f 2751/3351/3100 3181/1943/1692 2867/1934/1683 2866/2240/1989
f 2751/3351/3100 2991/3352/3101 3182/3334/3083 3181/1943/1692
f 2752/2798/2547 3272/2226/1975 2762/3353/3102 2754/2799/2548
f 2753/2942/2691 2761/3354/3103 1541/3355/3104 1540/2943/2692
f 2753/2942/2691 2754/2799/2548 2762/3353/3102 2761/3354/3103
f 2755/3356/3105 2756/3357/3106 2758/2222/1971 2757/2221/1970
f 2755/3356/3105 2757/2221/1970 1546/3358/3107 1545/3359/3108
f 2755/3356/3105 1545/3359/3108 1544/3360/3109 3289/3361/3110
f 2755/3356/3105 3289/3361/3110 2765/3362/3111 2756/3357/3106
f 2756/3357/3106 2765/3362/3111 2763/3363/3112 2764/3364/3113
f 2756/3357/3106 2764/3364/3113 2759/2223/1972 2758/2222/1971
f 2757/2221/1970 2760/2215/1964 1547/5897/1966 1546/3358/3107
f 2759/2223/1972 2764/3364/3113 2762/3353/3102 3272/2226/1975
f 2761/3354/3103 2762/3353/3102 2764/3364/3113 2763/3363/3112
f 2761/3354/3103 2763/3363/3112 1542/3365/3114 1541/3355/3104
f 2763/3363/3112 2765/3362/3111 1543/3366/3115 1542/3365/3114
f 2765/3362/3111 3289/3361/3110 1544/3360/3109 1543/3366/3115
f 2766/2951/2700 2767/2950/2699 2770/3367/3116 2769/3368/3117
f 2766/2951/2700 2769/3368/3117 2801/3317/3066 3268/3223/2972
f 2767/2950/2699 2768/2949/2698 2771/3369/3118 2770/3367/3116
f 2768/2949/2698 2833/5933/2703 2834/2959/2708 2771/3369/3118
f 2769/3368/3117 2803/3370/3119 2802/3318/3067 2801/3317/3066
f 2769/3368/3117 2770/3367/3116 2772/3371/3120 2803/3370/3119
f 2770/3367/3116 2771/3369/3118 2773/3372/3121 2772/3371/3120
f 2771/3369/3118 2834/2959/2708 2835/2965/2714 2773/3372/3121
f 2772/3371/3120 2804/3373/3122 3009/3374/3123 2803/3370/3119
f 2772/3371/3120 2773/3372/3121 2774/3375/3124 2804/3373/3122
f 2773/3372/3121 2835/2965/2714 2836/2968/2717 2774/3375/3124
f 2774/3375/3124 2836/2968/2717 2837/1923/1672 3294/3322/3071
f 2774/3375/3124 3294/3322/3071 2800/3321/3070 2804/3373/3122
f 2775/5905/1973 2776/5904/3125 2780/3377/3126 2778/2225/1974
f 2775/2224/1973 3272/2226/1975 2807/2802/2551 2776/3376/3125
f 2776/3376/3125 2807/2802/2551 2842/1799/1548 3265/3378/3127
f 2776/5904/3125 3265/5901/3127 2828/3379/3128 2780/3377/3126
f 2777/2219/1968 2778/2225/1974 2782/3380/3129 2781/2220/1969
f 2778/2225/1974 2780/3377/3126 2783/3381/3130 2782/3380/3129
f 2779/2209/1958 2781/2220/1969 2785/3382/3131 2784/2210/1959
f 2780/3377/3126 2828/3379/3128 2830/3269/3018 2783/3381/3130
f 2781/2220/1969 2782/3380/3129 2786/3383/3132 2785/3382/3131
f 2782/3380/3129 2783/3381/3130 2787/3384/3133 2786/3383/3132
f 2783/3381/3130 2830/3269/3018 2831/3268/3017 2787/3384/3133
f 2784/2210/1959 2785/3382/3131 2789/2523/2272 2788/2522/2271
f 2785/3382/3131 2786/3383/3132 2790/3385/3134 2789/2523/2272
f 2786/3383/3132 2787/3384/3133 3240/3275/3024 2790/3385/3134
f 2787/3384/3133 2831/3268/3017 3231/3267/3016 3240/3275/3024
f 2789/2523/2272 2790/3385/3134 2792/3386/3135 2791/2524/2273
f 2790/3385/3134 3240/3275/3024 2832/3274/3023 2792/3386/3135
f 2791/2524/2273 2792/3386/3135 2794/3282/3031 2793/2501/2250
f 2792/3386/3135 2832/3274/3023 3232/3273/3022 2794/3282/3031
f 2793/2501/2250 2794/3282/3031 2795/2510/2259 3225/2499/2248
f 2796/2467/2216 3007/2466/2215 2802/3318/3067 3008/3387/3136
f 2796/2467/2216 3008/3387/3136 2798/3319/3068 2797/2053/1802
f 2798/3319/3068 3008/3387/3136 3009/3374/3123 2799/3320/3069
f 2799/3320/3069 3009/3374/3123 2804/3373/3122 2800/3321/3070
f 2802/3318/3067 2803/3370/3119 3009/3374/3123 3008/3387/3136
f 2805/3312/3061 2968/5923/3060 2967/5924/2781 2806/3031/2780
f 2805/3312/3061 2806/3031/2780 1490/3030/2779 1491/3388/3137
f 2805/3312/3061 1491/3388/3137 1492/3389/3138 2997/3313/3062
f 2808/2925/2674 1570/2924/2673 1571/3390/3139 2809/2930/2679
f 2809/2930/2679 1571/3390/3139 1572/3391/3140 2810/2931/2680
f 2810/2931/2680 1572/3391/3140 1573/3392/3141 2811/2932/2681
f 2811/2932/2681 2812/3393/3142 3133/2784/2533 3253/2783/2532
f 2811/2932/2681 1573/3392/3141 1574/3394/3143 2812/3393/3142
f 2812/3393/3142 2813/3395/3144 3134/2785/2534 3133/2784/2533
f 2812/3393/3142 1574/3394/3143 1575/3396/3145 2813/3395/3144
f 2813/3395/3144 2814/3397/3146 3135/3398/3147 3134/2785/2534
f 2813/3395/3144 1575/3396/3145 1576/3399/3148 2814/3397/3146
f 2814/3397/3146 2815/3400/3149 3136/3401/3150 3135/3398/3147
f 2814/3397/3146 1576/3399/3148 1577/3402/3151 2815/3400/3149
f 2815/3400/3149 2816/3403/3152 3137/3404/3153 3136/3401/3150
f 2815/3400/3149 1577/3402/3151 1578/3405/3154 2816/3403/3152
f 2816/3403/3152 2817/3406/3155 3138/3407/3156 3137/3404/3153
f 2816/3403/3152 1578/3405/3154 1579/3408/3157 2817/3406/3155
f 2817/3406/3155 2818/5903/3158 3139/5899/3159 3138/3407/3156
f 2817/3406/3155 1579/3408/3157 1580/3411/3160 2818/5903/3158
f 2818/3409/3158 2819/3412/3161 3140/3413/3162 3139/3410/3159
f 2818/3409/3158 1580/5891/3160 1581/3414/3163 2819/3412/3161
f 2819/3412/3161 2820/3415/3164 3141/3416/3165 3140/3413/3162
f 2819/3412/3161 1581/3414/3163 1582/3417/3166 2820/3415/3164
f 2820/3415/3164 2821/3418/3167 3142/3419/3168 3141/3416/3165
f 2820/3415/3164 1582/3417/3166 1583/3420/3169 2821/3418/3167
f 2821/3418/3167 2822/3421/3170 3143/3422/3171 3142/3419/3168
f 2821/3418/3167 1583/3420/3169 1584/3423/3172 2822/3421/3170
f 2822/3421/3170 2823/3424/3173 3144/3425/3174 3143/3422/3171
f 2822/3421/3170 1584/3423/3172 1585/3426/3175 2823/3424/3173
f 2823/3424/3173 3123/3427/3176 3145/3428/3177 3144/3425/3174
f 2823/3424/3173 1585/3426/3175 1586/3429/3178 3123/3427/3176
f 2824/1795/1544 3136/3401/3150 3137/3404/3153 3152/1796/1545
f 2824/1795/1544 2840/1794/1543 2839/2787/2536 3241/2786/2535
f 2824/1795/1544 3241/2786/2535 3135/3398/3147 3136/3401/3150
f 2825/5902/3179 3154/5900/3180 3155/3432/3181 2826/3433/3182
f 2825/5902/3179 2826/3433/3182 3233/3264/3013 3265/5901/3127
f 2825/3430/3179 3265/3378/3127 2842/1799/1548 3242/1798/1547
f 2825/3430/3179 3242/1798/1547 3153/1797/1546 3154/3431/3180
f 2826/3433/3182 3155/3432/3181 3156/3434/3183 2827/3435/3184
f 2826/3433/3182 2827/3435/3184 3263/2850/2599 3233/3264/3013
f 2827/3435/3184 3156/3434/3183 3157/3436/3185 3165/3437/3186
f 2827/3435/3184 3165/3437/3186 3170/2899/2648 3263/2850/2599
f 2828/3379/3128 2829/3263/3012 3230/3262/3011 2830/3269/3018
f 2828/3379/3128 3265/5901/3127 3233/3264/3013 2829/3263/3012
f 2836/2968/2717 2950/2967/2716 2954/1924/1673 2837/1923/1672
f 2838/2778/2527 3134/2785/2534 3135/3398/3147 3241/2786/2535
f 2843/1805/1554 3284/1810/1559 1601/3438/3187 1602/1806/1555
f 2846/2530/2279 2848/2529/2278 2849/3439/3188 2847/2639/2388
f 2847/2639/2388 2849/3439/3188 2851/2657/2406 3277/2640/2389
f 2848/2529/2278 2876/2531/2280 2850/3440/3189 2849/3439/3188
f 2849/3439/3188 2850/3440/3189 2852/2659/2408 2851/2657/2406
f 2850/3440/3189 2876/2531/2280 2877/2532/2281 2878/3441/3190
f 2850/3440/3189 2878/3441/3190 2853/2660/2409 2852/2659/2408
f 2853/2660/2409 2878/3441/3190 2911/3442/3191 2913/3443/3192
f 2853/2660/2409 2913/3443/3192 3086/3444/3193 3104/2661/2410
f 2854/1744/1493 2980/1743/1492 2981/3445/3194 2855/2610/2359
f 2855/2610/2359 2981/3445/3194 2982/3446/3195 2856/3447/3196
f 2855/2610/2359 2856/3447/3196 2859/2604/2353 2858/2603/2352
f 2856/3447/3196 2982/3446/3195 2983/3448/3197 2857/3328/3077
f 2856/3447/3196 2857/3328/3077 2860/3327/3076 2859/2604/2353
f 2857/3328/3077 2983/3448/3197 3113/3449/3198 2972/3324/3073
f 2859/2604/2353 2860/3327/3076 2862/2596/2345 2861/2595/2344
f 2864/2197/1946 2989/2196/1945 2991/3352/3101 2990/2618/2367
f 2869/3450/3199 2873/3451/3200 2872/2319/2068 3029/3452/3201
f 2869/3450/3199 3029/3452/3201 3061/3453/3202 3027/3454/3203
f 2870/2103/1852 3066/3455/3204 3028/3456/3205 2871/2318/2067
f 2870/2103/1852 3030/2101/1850 3069/2567/2316 3066/3455/3204
f 2871/2318/2067 3028/3456/3205 3029/3452/3201 2872/2319/2068
f 2872/2319/2068 2873/3451/3200 2875/2322/2071 2874/2320/2069
f 2877/2532/2281 2910/2533/2282 2911/3442/3191 2878/3441/3190
f 2879/3457/3206 2921/3458/3207 2922/3344/3093 3194/3459/3208
f 2879/3457/3206 3194/3459/3208 2880/2546/2295 2912/3460/3209
f 2879/3457/3206 2912/3460/3209 2911/3442/3191 2910/2533/2282
f 2879/3457/3206 2910/2533/2282 2920/1950/1699 2921/3458/3207
f 2880/2546/2295 3283/2545/2294 2914/3461/3210 2912/3460/3209
f 2880/2546/2295 3194/3459/3208 3195/3347/3096 3196/2540/2289
f 2881/3462/3211 3076/3463/3212 3075/3464/3213 3073/3465/3214
f 2881/3462/3211 3073/3465/3214 3175/5979/3215 3201/5981/3216
f 2881/3462/3211 3201/5981/3216 3200/5976/3217 3202/3469/3218
f 2881/3462/3211 3202/3469/3218 2882/3470/3219 3076/3463/3212
f 2882/3470/3219 2883/3471/3220 3080/3472/3221 3076/3463/3212
f 2883/3471/3220 3085/3473/3222 3084/3474/3223 3080/3472/3221
f 2884/3475/3224 3172/3350/3099 2888/1741/1490 2890/3476/3225
f 2884/3475/3224 2890/3476/3225 2892/3477/3226 2885/3478/3227
f 2884/3475/3224 2885/3478/3227 3092/2542/2291 3199/5786/2290
f 2884/3475/3224 3199/5786/2290 2924/3346/3095 3172/3350/3099
f 2885/3478/3227 2892/3477/3226 2886/3479/3228 3094/3167/2916
f 2885/3478/3227 3094/3167/2916 3093/2543/2292 3092/2542/2291
f 2886/3479/3228 2894/2174/1923 2887/3176/2925 3096/3175/2924
f 2886/3479/3228 3096/3175/2924 3095/3168/2917 3094/3167/2916
f 2886/3479/3228 2892/3477/3226 2893/2172/1921 2894/2174/1923
f 2887/3176/2925 2894/2174/1923 2895/2173/1922 2896/2178/1927
f 2887/3176/2925 2896/2178/1927 2897/2181/1930 3097/3177/2926
f 2888/1741/1490 3172/3350/3099 3102/3349/3098 3103/1742/1491
f 2888/1741/1490 2889/1740/1489 2891/2170/1919 2890/3476/3225
f 2890/3476/3225 2891/2170/1919 2893/2172/1921 2892/3477/3226
f 2898/5785/3044 2958/3480/3229 3112/3481/3230 3177/3296/3045
f 2898/3295/3044 3183/3294/3043 3284/1810/1559 2899/5784/1558
f 2898/5785/3044 2899/1809/1558 2959/1808/1557 2958/3480/3229
f 2900/3203/2952 2902/2992/2741 2901/2991/2740 2986/3329/3078
f 2900/3203/2952 2986/3329/3078 2985/3482/3231 2988/3204/2953
f 2904/3297/3046 3177/3296/3045 3112/3481/3230 3111/3483/3232
f 2904/3297/3046 3111/3483/3232 2979/3484/3233 2976/5782/3088
f 2904/5783/3046 2976/3339/3088 3281/2203/1952 3278/2205/1954
f 2905/2709/2458 3176/3485/3234 2914/3461/3210 3283/2545/2294
f 2905/2709/2458 2907/2422/2171 1457/2424/2173 1533/3486/3235
f 2905/2709/2458 1533/3486/3235 1532/3487/3236 3176/3485/3234
f 2908/2199/1948 1550/2622/2371 1551/3234/2983 2909/2200/1949
f 2911/3442/3191 2912/3460/3209 2914/3461/3210 2913/3443/3192
f 2913/3443/3192 2914/3461/3210 3176/3485/3234 3086/3444/3193
f 2915/3333/3082 2916/3332/3081 3179/1942/1691 3178/1941/1690
f 2915/3333/3082 3178/1941/1690 3181/1943/1692 3182/3334/3083
f 2916/3332/3081 2917/3331/3080 2919/5842/3091 2918/5840/3237
f 2916/3332/3081 2918/5840/3237 3180/1947/1696 3179/1942/1691
f 2918/3488/3237 2919/3342/3091 2922/3344/3093 2921/3458/3207
f 2918/3488/3237 2921/3458/3207 2920/1950/1699 3180/5841/1696
f 2922/3344/3093 2923/3343/3092 3195/3347/3096 3194/3459/3208
f 2924/5787/3095 3199/2541/2290 3196/2540/2289 3195/3347/3096
f 2925/2204/1953 3182/3334/3083 2991/3352/3101 2989/2196/1945
f 2926/3290/3039 2940/2625/2374 3184/2633/2382 2964/3489/3238
f 2926/3290/3039 2964/3489/3238 2928/3490/3239 2960/3291/3040
f 2926/3290/3039 2942/3289/3038 2941/2626/2375 2940/2625/2374
f 2927/2666/2415 2929/2674/2423 2928/3490/3239 2964/3489/3238
f 2927/2666/2415 2964/3489/3238 3184/2633/2382 2963/2632/2381
f 2928/3490/3239 2930/3491/3240 3267/2828/2577 2960/3291/3040
f 2928/3490/3239 2929/2674/2423 2931/2680/2429 2930/3491/3240
f 2930/3491/3240 2931/2680/2429 3190/2684/2433 3108/3023/2772
f 2930/3491/3240 3108/3023/2772 2961/2831/2580 3267/2828/2577
f 2932/3492/3241 2935/2670/2419 2934/2667/2416 3023/3493/3242
f 2932/3492/3241 3023/3493/3242 3122/1878/1627 3026/1877/1626
f 2932/3492/3241 3026/1877/1626 3261/1876/1625 2933/3494/3243
f 2932/3492/3241 2933/3494/3243 2936/3495/3244 2935/2670/2419
f 2933/3494/3243 3038/3496/3245 3043/2590/2339 2936/3495/3244
f 2933/3494/3243 3261/1876/1625 3031/1965/1714 3038/3496/3245
f 2934/2667/2416 3117/2634/2383 3116/1889/1638 3023/3493/3242
f 2935/2670/2419 2936/3495/3244 2938/2677/2426 2937/2671/2420
f 2936/3495/3244 3043/2590/2339 3046/5882/2338 2938/2677/2426
f 2941/2626/2375 2942/3289/3038 3106/3288/3037 2943/2627/2376
f 2943/2627/2376 3106/3288/3037 3105/2904/2653 3298/2903/2652
f 2943/2627/2376 3298/2903/2652 3109/2902/2651 3110/2628/2377
f 2944/2898/2647 3247/2818/2567 3263/2850/2599 3170/2899/2648
f 2944/2898/2647 2945/2905/2654 3248/2819/2568 3247/2818/2567
f 2946/2957/2706 2947/2961/2710 2949/3303/3052 2948/2963/2712
f 2948/2963/2712 2949/3303/3052 2952/3305/3054 2951/2966/2715
f 2950/2967/2716 2951/2966/2715 2955/1925/1674 2954/1924/1673
f 2951/2966/2715 2952/3305/3054 2956/1926/1675 2955/1925/1674
f 2952/3305/3054 2953/3304/3053 2957/1931/1680 2956/1926/1675
f 2953/3304/3053 3229/2470/2219 3282/2058/1807 2957/1931/1680
f 2958/3480/3229 2984/3497/3246 2971/3498/3247 3112/3481/3230
f 2958/3480/3229 2959/1808/1557 2987/3205/2954 2984/3497/3246
f 2959/1808/1557 3015/1807/1556 3016/3200/2949 2987/3205/2954
f 2961/2831/2580 3108/3023/2772 3287/3022/2771 3010/2969/2718
f 2962/2836/2585 3010/2969/2718 3013/3025/2774 3012/2970/2719
f 2965/3499/3248 3274/3293/3042 3198/3238/2987 3197/3237/2986
f 2965/3499/3248 3197/3237/2986 1553/3236/2985 1600/3500/3249
f 2965/3499/3248 1600/3500/3249 1601/3438/3187 3284/1810/1559
f 2965/3499/3248 3284/1810/1559 3183/3294/3043 3274/3293/3042
f 2967/3032/2781 2968/3311/3060 3005/3306/3055 2969/3309/3058
f 2967/3032/2781 2969/3309/3058 3227/3300/3049 3254/3029/2778
f 2969/3309/3058 2970/3308/3057 3228/3301/3050 3227/3300/3049
f 2971/3498/3247 2984/3497/3246 2985/3482/3231 2973/3325/3074
f 2971/3498/3247 2973/3325/3074 2972/3324/3073 3113/3449/3198
f 2971/3498/3247 3113/3449/3198 3111/3483/3232 3112/3481/3230
f 2973/3325/3074 2985/3482/3231 2986/3329/3078 2974/3326/3075
f 2975/3337/3086 2978/3501/3250 2977/3502/3251 3099/3338/3087
f 2975/3337/3086 2976/5782/3088 2979/3484/3233 2978/3501/3250
f 2977/3502/3251 2981/3445/3194 2980/1743/1492 3101/3348/3097
f 2977/3502/3251 3101/3348/3097 3100/3340/3089 3099/3338/3087
f 2977/3502/3251 2978/3501/3250 2982/3446/3195 2981/3445/3194
f 2978/3501/3250 2979/3484/3233 2983/3448/3197 2982/3446/3195
f 2979/3484/3233 3111/3483/3232 3113/3449/3198 2983/3448/3197
f 2980/1743/1492 3103/1742/1491 3102/3349/3098 3101/3348/3097
f 2984/3497/3246 2987/3205/2954 2988/3204/2953 2985/3482/3231
f 2992/2551/2300 2993/3503/3252 3074/3504/3253 2994/2556/2305
f 2992/2551/2300 3173/5980/1816 3174/5978/3254 2993/3503/3252
f 2993/3503/3252 3073/3465/3214 3075/3464/3213 3074/3504/3253
f 2993/3503/3252 3174/5978/3254 3175/5979/3215 3073/3465/3214
f 2994/2556/2305 3074/3504/3253 3078/3506/3255 3077/2559/2308
f 2995/2560/2309 3081/2562/2311 3067/3507/3256 3070/2563/2312
f 2997/3313/3062 1492/3389/3138 1493/3508/3257 2998/3314/3063
f 2998/3314/3063 1493/3508/3257 1494/3509/3258 2999/3224/2973
f 2999/3224/2973 1494/3509/3258 1495/3510/3259 3000/3222/2971
f 3000/3222/2971 1495/3510/3259 1496/3511/3260 3001/3220/2969
f 3001/3220/2969 1496/3511/3260 1497/3512/3261 3002/3218/2967
f 3002/3218/2967 1497/3512/3261 1498/3513/3262 3003/3215/2964
f 3003/3215/2964 1498/3513/3262 1499/3211/2960 3004/3210/2959
f 3017/2648/2397 3018/2652/2401 3189/2681/2430 3187/2676/2425
f 3018/2652/2401 3020/2654/2403 3019/3514/3263 3189/2681/2430
f 3019/3514/3263 3021/3515/3264 3193/3516/3265 3192/2682/2431
f 3019/3514/3263 3192/2682/2431 3188/2678/2427 3189/2681/2430
f 3019/3514/3263 3020/2654/2403 3022/2656/2405 3021/3515/3264
f 3021/3515/3264 3022/2656/2405 1527/3517/3266 1608/3518/3267
f 3021/3515/3264 1608/3518/3267 1607/3519/3268 3193/3516/3265
f 3022/2656/2405 3258/2655/2404 1528/2664/2413 1527/3517/3266
f 3023/3493/3242 3116/1889/1638 3121/1888/1637 3122/1878/1627
f 3024/2238/1987 3119/1872/1621 3131/1871/1620 3132/2239/1988
f 3027/3454/3203 3061/3453/3202 3060/3520/3269 3059/3521/3270
f 3028/3456/3205 3066/3455/3204 3065/3522/3271 3063/3523/3272
f 3028/3456/3205 3063/3523/3272 3061/3453/3202 3029/3452/3201
f 3031/1965/1714 3032/5746/1713 3039/5744/3273 3038/3496/3245
f 3032/1964/1713 3033/1966/1715 3040/2583/2332 3039/3524/3273
f 3033/1966/1715 3034/1967/1716 3041/2580/2329 3040/2583/2332
f 3034/1967/1716 3035/1969/1718 3042/2574/2323 3041/2580/2329
f 3038/3496/3245 3039/5744/3273 3044/2588/2337 3043/2590/2339
f 3039/3524/3273 3040/2583/2332 3045/2582/2331 3044/5745/2337
f 3049/2577/2326 3050/2644/2393 3052/2645/2394 3051/2581/2330
f 3051/2581/2330 3052/2645/2394 3054/2646/2395 3053/2585/2334
f 3053/2585/2334 3054/2646/2395 3057/2650/2399 3056/2586/2335
f 3054/2646/2395 3055/2642/2391 3058/5748/2392 3057/2650/2399
f 3059/3521/3270 3060/3520/3269 3084/3474/3223 3085/3473/3222
f 3060/3520/3269 3062/3525/3274 3083/3526/3275 3084/3474/3223
f 3060/3520/3269 3061/3453/3202 3063/3523/3272 3062/3525/3274
f 3062/3525/3274 3064/3527/3276 3082/3528/3277 3083/3526/3275
f 3062/3525/3274 3063/3523/3272 3065/3522/3271 3064/3527/3276
f 3064/3527/3276 3067/3507/3256 3081/2562/2311 3082/3528/3277
f 3064/3527/3276 3065/3522/3271 3068/3529/3278 3067/3507/3256
f 3065/3522/3271 3066/3455/3204 3069/2567/2316 3068/3529/3278
f 3067/3507/3256 3068/3529/3278 3071/2571/2320 3070/2563/2312
f 3068/3529/3278 3069/2567/2316 3072/2566/2315 3071/2571/2320
f 3074/3504/3253 3075/3464/3213 3079/3530/3279 3078/3506/3255
f 3075/3464/3213 3076/3463/3212 3080/3472/3221 3079/3530/3279
f 3077/2559/2308 3078/3506/3255 3082/3528/3277 3081/2562/2311
f 3078/3506/3255 3079/3530/3279 3083/3526/3275 3082/3528/3277
f 3079/3530/3279 3080/3472/3221 3084/3474/3223 3083/3526/3275
f 3086/3444/3193 1531/3531/3280 1530/2662/2411 3104/2661/2410
f 3086/3444/3193 3176/3485/3234 1532/3487/3236 1531/3531/3280
f 3088/2066/1815 3089/2125/1874 3174/3505/3254 3173/2067/1816
f 3089/2125/1874 3090/2126/1875 3175/3466/3215 3174/3505/3254
f 3090/2126/1875 3091/2127/1876 3201/3467/3216 3175/3466/3215
f 3091/2127/1876 3285/2128/1877 3200/3468/3217 3201/3467/3216
f 3107/2629/2378 3115/2901/2650 3167/3532/3281 3168/3533/3282
f 3107/2629/2378 3168/3533/3282 3169/1884/1633 3252/1883/1632
f 3107/2629/2378 3110/2628/2377 3109/2902/2651 3115/2901/2650
f 3114/3018/2767 3191/2683/2432 3192/2682/2431 3193/3516/3265
f 3114/3018/2767 3193/3516/3265 1607/3519/3268 1606/3019/2768
f 3115/2901/2650 3171/2900/2649 3166/3534/3283 3167/3532/3281
f 3118/2228/1977 3132/2239/1988 1595/3535/3284 1596/2229/1978
f 3121/1888/1637 3163/5864/1636 3164/1879/1628 3122/1878/1627
f 3123/3427/3176 3124/3536/3285 3146/3537/3286 3145/3428/3177
f 3123/3427/3176 1586/3429/3178 1587/3538/3287 3124/3536/3285
f 3124/3536/3285 3125/3539/3288 3147/3540/3289 3146/3537/3286
f 3124/3536/3285 1587/3538/3287 1588/3541/3290 3125/3539/3288
f 3125/3539/3288 3126/5865/3291 3148/5863/3292 3147/3540/3289
f 3125/3539/3288 1588/3541/3290 1589/3544/3293 3126/5865/3291
f 3126/3542/3291 3127/3545/3294 3149/1880/1629 3148/3543/3292
f 3126/3542/3291 1589/5851/3293 1590/3546/3295 3127/3545/3294
f 3127/3545/3294 3128/3547/3296 3150/1875/1624 3149/1880/1629
f 3127/3545/3294 1590/3546/3295 1591/3548/3297 3128/3547/3296
f 3128/3547/3296 3129/1869/1618 3151/1868/1617 3150/1875/1624
f 3128/3547/3296 1591/3548/3297 1592/3549/3298 3129/1869/1618
f 3129/1869/1618 1592/3549/3298 1593/3550/3299 3130/1870/1619
f 3130/1870/1619 1593/3550/3299 1594/3551/3300 3131/1871/1620
f 3131/1871/1620 1594/3551/3300 1595/3535/3284 3132/2239/1988
f 3137/3404/3153 3138/3407/3156 3153/1797/1546 3152/1796/1545
f 3138/3407/3156 3139/5899/3159 3154/3431/3180 3153/1797/1546
f 3139/3410/3159 3140/3413/3162 3155/3432/3181 3154/5900/3180
f 3140/3413/3162 3141/3416/3165 3156/3434/3183 3155/3432/3181
f 3141/3416/3165 3142/3419/3168 3157/3436/3185 3156/3434/3183
f 3142/3419/3168 3143/3422/3171 3158/3552/3301 3157/3436/3185
f 3143/3422/3171 3144/3425/3174 3159/3553/3302 3158/3552/3301
f 3144/3425/3174 3145/3428/3177 3160/3554/3303 3159/3553/3302
f 3145/3428/3177 3146/3537/3286 3161/1885/1634 3160/3554/3303
f 3146/3537/3286 3147/3540/3289 3162/1886/1635 3161/1885/1634
f 3147/3540/3289 3148/5863/3292 3163/1887/1636 3162/1886/1635
f 3148/3543/3292 3149/1880/1629 3164/1879/1628 3163/5864/1636
f 3157/3436/3185 3158/3552/3301 3166/3534/3283 3165/3437/3186
f 3158/3552/3301 3159/3553/3302 3167/3532/3281 3166/3534/3283
f 3159/3553/3302 3160/3554/3303 3168/3533/3282 3167/3532/3281
f 3160/3554/3303 3161/1885/1634 3169/1884/1633 3168/3533/3282
f 3165/3437/3186 3166/3534/3283 3171/2900/2649 3170/2899/2648
f 3185/3233/2982 3278/2205/1954 3273/2202/1951 3186/2201/1950
s off
f 3304/3555/3304 3307/3556/3305 3306/3557/3306 3305/6141/3307
f 3306/6142/3308 3309/3559/3309 3308/3560/3310 3305/3558/3311
f 3309/3559/3312 3306/6142/3313 3311/6140/3314 3310/3562/3315
f 3312/3563/3316 3311/3561/3317 3306/3557/3318 3307/3556/3319
f 3305/3558/3320 3308/3560/3321 3314/3564/3322 3313/3565/3323
f 3315/3566/3324 3314/3564/3325 3308/3560/3326 3309/3559/3327
f 3316/3567/3328 3315/3566/3329 3309/3559/3330 3310/3562/3331
f 3317/6138/3332 3316/3567/3333 3310/3562/3334 3311/6140/3335
f 3311/3561/3336 3312/3563/3337 3318/3569/3338 3317/3568/3339
f 3319/3570/3340 3318/3569/3341 3312/3563/3342 3307/3556/3343
f 3320/3571/3344 3319/3570/3345 3307/3556/3346 3304/3555/3347
f 3320/3571/3348 3304/3555/3349 3305/6141/3350 3313/6139/3351
f 3314/3564/3352 3322/3572/3353 3321/3573/3354 3313/3565/3355
f 3315/3566/3356 3323/3574/3357 3322/3572/3358 3314/3564/3359
f 3316/3567/3360 3324/3575/3361 3323/3574/3362 3315/3566/3363
f 3317/6138/3364 3325/6135/3365 3324/3575/3366 3316/3567/3367
f 3318/3569/3368 3326/3577/3369 3325/3576/3370 3317/3568/3371
f 3319/3570/3372 3327/3578/3373 3326/3577/3374 3318/3569/3375
f 3320/3571/3376 3328/3579/3377 3327/3578/3378 3319/3570/3379
f 3313/6139/3380 3321/6136/3381 3328/3579/3382 3320/3571/3383
f 3344/3580/3384 3330/3581/3385 3329/3582/3386 3337/6137/3387
f 3343/3584/3388 3331/3585/3389 3330/3581/3390 3344/3580/3391
f 3342/3586/3392 3332/3587/3393 3331/3585/3394 3343/3584/3395
f 3341/3588/3396 3333/6128/3397 3332/3587/3398 3342/3586/3399
f 3340/3590/3400 3334/3591/3401 3333/3589/3402 3341/6134/3403
f 3339/3592/3404 3335/3593/3405 3334/3591/3406 3340/3590/3407
f 3338/3594/3408 3336/3595/3409 3335/3593/3410 3339/3592/3411
f 3337/3583/3412 3329/6118/3413 3336/3595/3414 3338/3594/3415
f 3321/6136/3416 3337/3583/3417 3338/3594/3418 3328/3579/3419
f 3328/3579/3420 3338/3594/3421 3339/3592/3422 3327/3578/3423
f 3327/3578/3424 3339/3592/3425 3340/3590/3426 3326/3577/3427
f 3326/3577/3428 3340/3590/3429 3341/6134/3430 3325/3576/3431
f 3325/6135/3432 3341/3588/3433 3342/3586/3434 3324/3575/3435
f 3324/3575/3436 3342/3586/3437 3343/3584/3438 3323/3574/3439
f 3323/3574/3440 3343/3584/3441 3344/3580/3442 3322/3572/3443
f 3322/3572/3444 3344/3580/3445 3337/6137/3446 3321/3573/3447
f 3348/3596/3448 3347/3597/3449 3346/6131/3450 3345/3599/3451
f 3346/3598/3452 3347/6133/3453 3350/3600/3454 3349/3601/3455
f 3352/3602/3456 3350/3600/3457 3347/6133/3458 3351/6132/3459
f 3351/3603/3460 3347/3597/3461 3348/3596/3462 3353/3604/3463
f 3355/3605/3464 3348/3596/3465 3345/3599/3466 3354/3606/3467
f 3355/3605/3468 3356/3607/3469 3353/3604/3470 3348/3596/3471
f 3356/3607/3472 3357/3608/3473 3351/3603/3474 3353/3604/3475
f 3352/3602/3476 3351/6132/3477 3357/6130/3478 3358/3609/3479
f 3358/3609/3480 3359/3610/3481 3350/3600/3482 3352/3602/3483
f 3349/3601/3484 3350/3600/3485 3359/3610/3486 3360/3611/3487
f 3361/3612/3488 3346/3598/3489 3349/3601/3490 3360/3611/3491
f 3346/6131/3492 3361/6129/3493 3354/3606/3494 3345/3599/3495
f 3354/3606/3496 3363/3613/3497 3362/3614/3498 3355/3605/3499
f 3355/3605/3500 3362/3614/3501 3364/3615/3502 3356/3607/3503
f 3356/3607/3504 3364/3615/3505 3365/3616/3506 3357/3608/3507
f 3357/6130/3508 3365/6127/3509 3366/3617/3510 3358/3609/3511
f 3358/3609/3512 3366/3617/3513 3367/3618/3514 3359/3610/3515
f 3359/3610/3516 3367/3618/3517 3368/3619/3518 3360/3611/3519
f 3360/3611/3520 3368/3619/3521 3369/3620/3522 3361/3612/3523
f 3361/6129/3524 3369/6125/3525 3363/3613/3526 3354/3606/3527
f 3384/3621/3528 3371/3622/3529 3370/3623/3530 3377/3624/3531
f 3377/3624/3532 3370/3623/3533 3372/3625/3534 3378/3626/3535
f 3378/3626/3536 3372/3625/3537 3373/3627/3538 3379/6126/3539
f 3379/3628/3540 3373/6112/3541 3374/3629/3542 3380/3630/3543
f 3380/3630/3544 3374/3629/3545 3375/3631/3546 3381/3632/3547
f 3381/3632/3548 3375/3631/3549 3376/3633/3550 3382/3634/3551
f 3382/3634/3552 3376/3633/3553 3333/6128/3554 3383/6124/3555
f 3383/3635/3556 3333/3589/3557 3371/3622/3558 3384/3621/3559
f 3362/3614/3560 3377/3624/3561 3378/3626/3562 3364/3615/3563
f 3364/3615/3564 3378/3626/3565 3379/6126/3566 3365/3616/3567
f 3365/6127/3568 3379/3628/3569 3380/3630/3570 3366/3617/3571
f 3366/3617/3572 3380/3630/3573 3381/3632/3574 3367/3618/3575
f 3367/3618/3576 3381/3632/3577 3382/3634/3578 3368/3619/3579
f 3368/3619/3580 3382/3634/3581 3383/6124/3582 3369/3620/3583
f 3369/6125/3584 3383/3635/3585 3384/3621/3586 3363/3613/3587
f 3363/3613/3588 3384/3621/3589 3377/3624/3590 3362/3614/3591
f 3385/3636/3592 3371/3622/3593 3333/3589/3594 3334/3591/3595
f 3332/3587/3596 3333/6128/3597 3376/3633/3598 3386/3637/3599
f 3387/3638/3600 3331/3585/3601 3332/3587/3602 3386/3637/3603
f 3375/3631/3604 3388/3639/3605 3386/3637/3606 3376/3633/3607
f 3389/3640/3608 3330/3581/3609 3331/3585/3610 3387/3638/3611
f 3393/3641/3612 3392/3642/3613 3391/6120/3614 3390/3644/3615
f 3391/3643/3616 3392/6123/3617 3395/3645/3618 3394/3646/3619
f 3395/3645/3620 3392/6123/3621 3397/6122/3622 3396/3648/3623
f 3397/3647/3624 3392/3642/3625 3393/3641/3626 3398/3649/3627
f 3400/3650/3628 3399/3651/3629 3408/6121/3630 3407/3653/3631
f 3408/3652/3632 3399/6116/3633 3401/3654/3634 3409/3655/3635
f 3401/3654/3636 3402/3656/3637 3410/3657/3638 3409/3655/3639
f 3410/3657/3640 3402/3656/3641 3403/3658/3642 3411/3659/3643
f 3411/3659/3644 3403/3658/3645 3404/3660/3646 3412/6119/3647
f 3412/3661/3648 3404/6115/3649 3405/3662/3650 3413/3663/3651
f 3405/3662/3652 3406/3664/3653 3414/3665/3654 3413/3663/3655
f 3406/3664/3656 3400/3650/3657 3407/3653/3658 3414/3665/3659
f 3408/6121/3660 3397/3647/3661 3398/3649/3662 3407/3653/3663
f 3396/3648/3664 3397/6122/3665 3408/3652/3666 3409/3655/3667
f 3410/3657/3668 3395/3645/3669 3396/3648/3670 3409/3655/3671
f 3394/3646/3672 3395/3645/3673 3410/3657/3674 3411/3659/3675
f 3391/3643/3676 3394/3646/3677 3411/3659/3678 3412/6119/3679
f 3390/3644/3680 3391/6120/3681 3412/3661/3682 3413/3663/3683
f 3414/3665/3684 3393/3641/3685 3390/3644/3686 3413/3663/3687
f 3407/3653/3688 3398/3649/3689 3393/3641/3690 3414/3665/3691
f 3429/3666/3692 3416/3667/3693 3415/3668/3694 3422/6117/3695
f 3422/3669/3696 3415/6113/3697 3417/3670/3698 3423/3671/3699
f 3423/3671/3700 3417/3670/3701 3418/3672/3702 3424/3673/3703
f 3424/3673/3704 3418/3672/3705 3419/3674/3706 3425/3675/3707
f 3425/3675/3708 3419/3674/3709 3329/6118/3710 3426/6114/3711
f 3426/3676/3712 3329/3582/3713 3420/3677/3714 3427/3678/3715
f 3427/3678/3716 3420/3677/3717 3421/3679/3718 3428/3680/3719
f 3428/3680/3720 3421/3679/3721 3416/3667/3722 3429/3666/3723
f 3399/6116/3724 3422/3669/3725 3423/3671/3726 3401/3654/3727
f 3401/3654/3728 3423/3671/3729 3424/3673/3730 3402/3656/3731
f 3402/3656/3732 3424/3673/3733 3425/3675/3734 3403/3658/3735
f 3403/3658/3736 3425/3675/3737 3426/6114/3738 3404/3660/3739
f 3404/6115/3740 3426/3676/3741 3427/3678/3742 3405/3662/3743
f 3405/3662/3744 3427/3678/3745 3428/3680/3746 3406/3664/3747
f 3406/3664/3748 3428/3680/3749 3429/3666/3750 3400/3650/3751
f 3400/3650/3752 3429/3666/3753 3422/6117/3754 3399/3651/3755
f 3420/3677/3756 3329/3582/3757 3330/3581/3758 3389/3640/3759
f 3430/3681/3760 3421/3679/3761 3420/3677/3762 3389/3640/3763
f 3431/3682/3764 3416/3667/3765 3421/3679/3766 3430/3681/3767
f 3432/3683/3768 3415/3668/3769 3416/3667/3770 3431/3682/3771
f 3432/6111/3772 3433/3684/3773 3417/3670/3774 3415/6113/3775
f 3434/3685/3776 3418/3672/3777 3417/3670/3778 3433/3684/3779
f 3419/3674/3780 3418/3672/3781 3434/3685/3782 3435/3686/3783
f 3336/3595/3784 3329/6118/3785 3419/3674/3786 3436/3687/3787
f 3336/3595/3788 3436/3687/3789 3437/3688/3790 3335/3593/3791
f 3335/3593/3792 3437/3688/3793 3385/3636/3794 3334/3591/3795
f 3436/3687/3796 3419/3674/3797 3435/3686/3798 3437/3688/3799
f 3437/3688/3800 3370/3623/3801 3371/3622/3802 3385/3636/3803
f 3439/3689/3804 3370/3623/3805 3437/3688/3806 3438/3690/3807
f 3438/3690/3808 3437/3688/3809 3435/3686/3810 3440/3691/3811
f 3440/3691/3812 3435/3686/3813 3434/3685/3814 3441/3692/3815
f 3372/3625/3816 3370/3623/3817 3439/3689/3818 3442/3693/3819
f 3442/3693/3820 3443/3694/3821 3373/3627/3822 3372/3625/3823
f 3443/6101/3824 3444/3695/3825 3374/3629/3826 3373/6112/3827
f 3388/3639/3828 3375/3631/3829 3374/3629/3830 3444/3695/3831
f 3441/3692/3832 3434/3685/3833 3433/3684/3834 3445/3696/3835
f 3445/3696/3836 3433/3684/3837 3432/6111/3838 3446/6102/3839
f 3446/3697/3840 3432/3683/3841 3431/3682/3842 3447/3698/3843
f 3448/3699/3844 3447/3698/3845 3431/3682/3846 3430/3681/3847
f 3448/3699/3848 3430/3681/3849 3389/3640/3850 3449/3700/3851
f 3389/3640/3852 3387/3638/3853 3450/3701/3854 3449/3700/3855
f 3450/3701/3856 3387/3638/3857 3386/3637/3858 3451/3702/3859
f 3451/3702/3860 3386/3637/3861 3388/3639/3862 3444/3695/3863
f 3455/3703/3864 3454/6110/3865 3453/6109/3866 3452/3706/3867
f 3457/3707/3868 3456/3708/3869 3454/6110/3870 3455/3703/3871
f 3459/3709/3872 3454/3704/3873 3456/6107/3874 3458/3710/3875
f 3460/3711/3876 3453/3705/3877 3454/3704/3878 3459/3709/3879
f 3462/3712/3880 3461/3713/3881 3470/3714/3882 3469/3715/3883
f 3463/6105/3884 3462/3712/3885 3469/3715/3886 3476/3717/3887
f 3464/3718/3888 3463/3716/3889 3476/6106/3890 3475/3719/3891
f 3465/3720/3892 3464/3718/3893 3475/3719/3894 3474/3721/3895
f 3467/6104/3896 3466/3723/3897 3473/3724/3898 3472/3725/3899
f 3466/3723/3900 3465/3720/3901 3474/3721/3902 3473/3724/3903
f 3470/3714/3904 3461/3713/3905 3468/3726/3906 3471/3727/3907
f 3471/3727/3908 3468/3726/3909 3467/3722/3910 3472/6108/3911
f 3470/3714/3912 3459/3709/3913 3458/3710/3914 3469/3715/3915
f 3460/3711/3916 3459/3709/3917 3470/3714/3918 3471/3727/3919
f 3453/3705/3920 3460/3711/3921 3471/3727/3922 3472/6108/3923
f 3473/3724/3924 3452/3706/3925 3453/6109/3926 3472/3725/3927
f 3474/3721/3928 3455/3703/3929 3452/3706/3930 3473/3724/3931
f 3475/3719/3932 3457/3707/3933 3455/3703/3934 3474/3721/3935
f 3476/6106/3936 3456/3708/3937 3457/3707/3938 3475/3719/3939
f 3469/3715/3940 3458/3710/3941 3456/6107/3942 3476/3717/3943
f 3462/3712/3944 3478/3728/3945 3477/3729/3946 3461/3713/3947
f 3463/6105/3948 3479/6097/3949 3478/3728/3950 3462/3712/3951
f 3464/3718/3952 3480/3731/3953 3479/3730/3954 3463/3716/3955
f 3465/3720/3956 3481/3732/3957 3480/3731/3958 3464/3718/3959
f 3467/6104/3960 3483/3733/3961 3482/3734/3962 3466/3723/3963
f 3466/3723/3964 3482/3734/3965 3481/3732/3966 3465/3720/3967
f 3461/3713/3968 3477/3729/3969 3484/3735/3970 3468/3726/3971
f 3468/3726/3972 3484/3735/3973 3483/6103/3974 3467/3722/3975
f 3446/6102/3976 3483/6103/3977 3484/3735/3978 3445/3696/3979
f 3477/3729/3980 3441/3692/3981 3445/3696/3982 3484/3735/3983
f 3485/3736/3984 3483/3733/3985 3446/3697/3986 3447/3698/3987
f 3447/3698/3988 3448/3699/3989 3486/3737/3990 3485/3736/3991
f 3487/3738/3992 3486/3737/3993 3448/3699/3994 3449/3700/3995
f 3449/3700/3996 3450/3701/3997 3488/3739/3998 3487/3738/3999
f 3489/3740/4000 3488/3739/4001 3450/3701/4002 3451/3702/4003
f 3489/3740/4004 3451/3702/4005 3444/3695/4006 3490/3741/4007
f 3491/6100/4008 3490/3741/4009 3444/3695/4010 3443/6101/4011
f 3492/3743/4012 3491/3742/4013 3443/3694/4014 3442/3693/4015
f 3493/3744/4016 3492/3743/4017 3442/3693/4018 3439/3689/4019
f 3493/3744/4020 3439/3689/4021 3438/3690/4022 3494/3745/4023
f 3494/3745/4024 3438/3690/4025 3440/3691/4026 3495/3746/4027
f 3477/3729/4028 3495/3746/4029 3440/3691/4030 3441/3692/4031
f 3485/3736/4032 3510/3747/4033 3509/3748/4034 3483/3733/4035
f 3486/3737/4036 3511/3749/4037 3510/3747/4038 3485/3736/4039
f 3487/3738/4040 3512/3750/4041 3511/3749/4042 3486/3737/4043
f 3488/3739/4044 3513/3751/4045 3512/3750/4046 3487/3738/4047
f 3489/3740/4048 3514/3752/4049 3513/3751/4050 3488/3739/4051
f 3490/3741/4052 3515/3753/4053 3514/3752/4054 3489/3740/4055
f 3491/6100/4056 3516/6098/4057 3515/3753/4058 3490/3741/4059
f 3492/3743/4060 3517/3755/4061 3516/3754/4062 3491/3742/4063
f 3493/3744/4064 3518/3756/4065 3517/3755/4066 3492/3743/4067
f 3494/3745/4068 3519/3757/4069 3518/3756/4070 3493/3744/4071
f 3495/3746/4072 3520/3758/4073 3519/3757/4074 3494/3745/4075
f 3477/3729/4076 3521/3759/4077 3520/3758/4078 3495/3746/4079
f 3510/3747/4080 3497/5727/4081 3496/5716/4082 3509/3748/4083
f 3511/3749/4084 3498/5726/4085 3497/5727/4086 3510/3747/4087
f 3512/3750/4088 3499/5725/4089 3498/5726/4090 3511/3749/4091
f 3513/3751/4092 3500/5724/4093 3499/5725/4094 3512/3750/4095
f 3514/3752/4096 3501/5723/4097 3500/5724/4098 3513/3751/4099
f 3515/3753/4100 3502/5722/4101 3501/5723/4102 3514/3752/4103
f 3516/6098/4104 3503/6099/4105 3502/5722/4106 3515/3753/4107
f 3517/3755/4108 3504/5720/4109 3503/5721/4110 3516/3754/4111
f 3518/3756/4112 3505/5719/4113 3504/5720/4114 3517/3755/4115
f 3519/3757/4116 3506/5718/4117 3505/5719/4118 3518/3756/4119
f 3520/3758/4120 3507/5717/4121 3506/5718/4122 3519/3757/4123
f 3521/3759/4124 3508/5714/4125 3507/5717/4126 3520/3758/4127
f 3482/3734/4128 3483/3733/4129 3509/3748/4130 3481/3732/4131
f 3481/3732/4132 3509/3748/4133 3522/3773/4134 3480/3731/4135
f 3479/3730/4136 3480/3731/4137 3522/3773/4138 3523/3774/4139
f 3523/6096/4140 3524/3775/4141 3478/3728/4142 3479/6097/4143
f 3524/3775/4144 3521/3759/4145 3477/3729/4146 3478/3728/4147
f 3496/5716/4148 3525/5715/4149 3522/3773/4150 3509/3748/4151
f 3523/3774/4152 3522/3773/4153 3525/5715/4154 3526/5712/4155
f 3521/3759/4156 3524/3775/4157 3527/5713/4158 3508/5714/4159
f 3524/3775/4160 3523/6096/4161 3526/6095/4162 3527/5713/4163
f 1768/2119/4164 1863/2118/4165 3502/3766/4166 3503/3767/4167
f 1863/2118/4168 1862/2120/4169 3501/3765/4170 3502/3766/4171
f 1862/2120/4172 1860/2321/4173 3500/3764/4174 3501/3765/4175
f 1860/2321/4176 2875/2322/4177 3499/3763/4178 3500/3764/4179
f 2875/2322/4180 2873/3451/4181 3498/3762/4182 3499/3763/4183
f 2873/3451/4184 2869/3450/4185 3497/3760/4186 3498/3762/4187
f 2869/3450/4188 3027/3454/4189 3496/3761/4190 3497/3760/4191
f 3027/3454/4192 3059/3521/4193 3525/3776/4194 3496/3761/4195
f 3059/3521/4196 3085/3473/4197 3526/3777/4198 3525/3776/4199
f 3085/3473/4200 2883/3471/4201 3527/3778/4202 3526/3777/4203
f 2883/3471/4204 2882/3470/4205 3508/3772/4206 3527/3778/4207
f 2882/3470/4208 3202/3469/4209 3507/3771/4210 3508/3772/4211
f 3202/3469/4212 3200/5976/4213 3506/3770/4214 3507/3771/4215
f 3200/3468/4216 3285/2128/4217 3505/3769/4218 3506/5977/4219
f 3285/2128/4220 3087/2124/4221 3504/3768/4222 3505/3769/4223
f 3087/2124/4224 1768/2119/4225 3503/3767/4226 3504/3768/4227
s 1
f 3528/3779/4228 4460/3780/4229 3529/3781/4230 4356/3782/4231
f 3528/3779/4228 4458/3783/4232 4457/3784/4233 4460/3780/4229
f 3528/3779/4228 4355/3785/4234 5209/3786/4235 4458/3783/4232
f 3528/3779/4228 4356/3782/4231 4357/3787/4236 4355/3785/4234
f 3529/3781/4230 4462/3788/4237 3530/3789/4238 4359/3790/4239
f 3529/3781/4230 4460/3780/4229 4459/3791/4240 4462/3788/4237
f 3529/3781/4230 4359/3790/4239 4360/3792/4241 4356/3782/4231
f 3530/3789/4238 4463/3793/4242 3531/3794/4243 4363/3795/4244
f 3530/3789/4238 4462/3788/4237 4461/3796/4245 4463/3793/4242
f 3530/3789/4238 4363/3795/4244 4364/3797/4246 4359/3790/4239
f 3531/3794/4243 4464/3798/4247 3532/3799/4248 4366/5815/4249
f 3531/3794/4243 4463/3793/4242 4413/3801/4250 4464/3798/4247
f 3531/3794/4243 4366/5815/4249 4367/5808/4251 4363/3795/4244
f 3532/5814/4248 1526/1734/1483 1604/1733/1482 5218/3803/4252
f 3532/3799/4248 4464/3798/4247 1525/1735/1484 1526/5962/1483
f 3532/5814/4248 5218/3803/4252 5127/3804/4253 4366/3800/4249
f 3533/3805/4254 4806/3806/4255 3708/3807/4256 3952/3808/4257
f 3533/3805/4254 5020/3809/4258 4805/3810/4259 4806/3806/4255
f 3533/3805/4254 4771/3811/4260 4897/3812/4261 5020/3809/4258
f 3533/3805/4254 3952/3808/4257 3946/3813/4262 4771/3811/4260
f 3534/3814/4263 3536/6010/4264 3954/6001/4265 3953/3817/4266
f 3534/3814/4263 3710/3818/4267 3535/3819/4268 3536/6010/4264
f 3534/3814/4263 3708/3807/4256 3709/3820/4269 3710/3818/4267
f 3534/3814/4263 3953/3817/4266 3952/3808/4257 3708/3807/4256
f 3535/6009/4268 3538/3821/4270 3539/3822/4271 3536/3815/4264
f 3535/6009/4268 3713/6008/4272 3537/3824/4273 3538/3821/4270
f 3535/3819/4268 3710/3818/4267 3712/3825/4274 3713/3823/4272
f 3536/3815/4264 3539/3822/4271 3955/3826/4275 3954/3816/4265
f 3537/3824/4273 3716/3827/4276 3540/3828/4277 3541/3829/4278
f 3537/3824/4273 3713/6008/4272 3715/6007/4279 3716/3827/4276
f 3537/3824/4273 3541/3829/4278 3542/3831/4280 3538/3821/4270
f 3538/3821/4270 3542/3831/4280 3959/3832/4281 3539/3822/4271
f 3539/3822/4271 3959/3832/4281 3956/3833/4282 3955/3826/4275
f 3540/3828/4277 3720/3834/4283 3543/3835/4284 3544/3836/4285
f 3540/3828/4277 3716/3827/4276 3719/3837/4286 3720/3834/4283
f 3540/3828/4277 3544/3836/4285 3545/3838/4287 3541/3829/4278
f 3541/3829/4278 3545/3838/4287 3546/3839/4288 3542/3831/4280
f 3542/3831/4280 3546/3839/4288 3960/3840/4289 3959/3832/4281
f 3543/3835/4284 3725/3841/4290 5203/3842/4291 3547/3843/4292
f 3543/3835/4284 3720/3834/4283 3724/3844/4293 3725/3841/4290
f 3543/3835/4284 3547/3843/4292 3548/3845/4294 3544/3836/4285
f 3544/3836/4285 3548/3845/4294 3549/3846/4295 3545/3838/4287
f 3545/3838/4287 3549/3846/4295 3550/3847/4296 3546/3839/4288
f 3546/3839/4288 3550/3847/4296 3961/3848/4297 3960/3840/4289
f 3547/3843/4292 3994/3849/4298 5126/3850/4299 3548/3845/4294
f 3547/3843/4292 5203/3842/4291 3993/3851/4300 3994/3849/4298
f 3548/3845/4294 5126/3850/4299 3551/3852/4301 3549/3846/4295
f 3549/3846/4295 3551/3852/4301 3552/3853/4302 3550/3847/4296
f 3550/3847/4296 3552/3853/4302 3962/3854/4303 3961/3848/4297
f 3551/3852/4301 3999/3855/4304 5213/3856/4305 3552/3853/4302
f 3551/3852/4301 5126/3850/4299 3998/3857/4306 3999/3855/4304
f 3552/3853/4302 5213/3856/4305 4260/3858/4307 3962/3854/4303
f 3553/3859/4308 4757/3860/4309 4050/3861/4310 4758/3862/4311
f 3553/3859/4308 5069/3863/4312 4741/3864/4313 4757/3860/4309
f 3553/3859/4308 5159/3865/4314 5070/3866/4315 5069/3863/4312
f 3553/3859/4308 4758/3862/4311 4759/3867/4316 5159/3865/4314
f 3554/5827/4317 5218/3803/4252 1604/1733/1482 1603/5828/1550
f 3554/5827/4317 4931/5826/4318 4495/5771/4319 5218/3803/4252
f 3554/3868/4317 4760/3871/4320 3555/3872/4321 4931/5781/4318
f 3554/3868/4317 1603/1801/1550 1602/1806/1555 4760/3871/4320
f 3555/5780/4321 4816/5762/4322 4876/3874/4323 4932/3875/4324
f 3555/3872/4321 4760/3871/4320 5201/3876/4325 4816/3873/4322
f 3555/5780/4321 4932/3875/4324 4500/3877/4326 4931/3869/4318
f 3556/3878/4327 3579/3879/4328 3559/3880/4329 3560/3881/4330
f 3556/3878/4327 4555/3882/4331 4554/3883/4332 3579/3879/4328
f 3556/3878/4327 3557/3884/4333 4227/3885/4334 4555/3882/4331
f 3556/3878/4327 3560/3881/4330 3561/3886/4335 3557/3884/4333
f 3557/3884/4333 3561/3886/4335 3562/3887/4336 3558/3888/4337
f 3557/3884/4333 3558/3888/4337 4228/3889/4338 4227/3885/4334
f 3558/3888/4337 5220/3890/4339 4229/3891/4340 4228/3889/4338
f 3558/3888/4337 3562/3887/4336 4193/3892/4341 5220/3890/4339
f 3559/3880/4329 3564/3893/4342 3565/3894/4343 3560/3881/4330
f 3559/3880/4329 3578/3895/4344 3563/3896/4345 3564/3893/4342
f 3559/3880/4329 3579/3879/4328 3580/3897/4346 3578/3895/4344
f 3560/3881/4330 3565/3894/4343 3566/3898/4347 3561/3886/4335
f 3561/3886/4335 3566/3898/4347 3567/3899/4348 3562/3887/4336
f 3562/3887/4336 3567/3899/4348 4194/3900/4349 4193/3892/4341
f 3563/3896/4345 4432/3901/4350 3568/3902/4351 3564/3893/4342
f 3563/3896/4345 4431/3903/4352 4250/3904/4353 4432/3901/4350
f 3563/3896/4345 3578/3895/4344 3695/3905/4354 4431/3903/4352
f 3564/3893/4342 3568/3902/4351 3569/3906/4355 3565/3894/4343
f 3565/3894/4343 3569/3906/4355 3570/3907/4356 3566/3898/4347
f 3566/3898/4347 3570/3907/4356 3571/3908/4357 3567/3899/4348
f 3567/3899/4348 3571/3908/4357 4195/3909/4358 4194/3900/4349
f 3568/3902/4351 4434/3910/4359 3572/3911/4360 3569/3906/4355
f 3568/3902/4351 4432/3901/4350 4433/3912/4361 4434/3910/4359
f 3569/3906/4355 3572/3911/4360 3573/3913/4362 3570/3907/4356
f 3570/3907/4356 3573/3913/4362 3574/3914/4363 3571/3908/4357
f 3571/3908/4357 3574/3914/4363 4196/3915/4364 4195/3909/4358
f 3572/3911/4360 4436/3916/4365 3575/3917/4366 3573/3913/4362
f 3572/3911/4360 4434/3910/4359 4435/3918/4367 4436/3916/4365
f 3573/3913/4362 3575/3917/4366 3576/3919/4368 3574/3914/4363
f 3574/3914/4363 3576/3919/4368 4197/3920/4369 4196/3915/4364
f 3575/3917/4366 4439/3921/4370 3577/3922/4371 3576/3919/4368
f 3575/3917/4366 4436/3916/4365 4438/3923/4372 4439/3921/4370
f 3576/3919/4368 3577/3922/4371 4198/3924/4373 4197/3920/4369
f 3577/3922/4371 5193/3925/4374 4414/3926/4375 4198/3924/4373
f 3577/3922/4371 4439/3921/4370 4441/3927/4376 5193/3925/4374
f 3578/3895/4344 3580/3897/4346 3697/3928/4377 3695/3905/4354
f 3579/3879/4328 4554/3883/4332 5207/3929/4378 3580/3897/4346
f 3580/3897/4346 5207/3929/4378 4553/3930/4379 3697/3928/4377
f 3581/3931/4380 5068/3932/4381 5037/3933/4382 4942/3934/4383
f 3581/3931/4380 5047/3935/4384 5046/3936/4385 5068/3932/4381
f 3581/3931/4380 5036/3937/4386 5048/3938/4387 5047/3935/4384
f 3581/3931/4380 4942/3934/4383 3741/3939/4388 5036/3937/4386
f 3582/3940/4389 5037/3933/4382 5068/3932/4381 5067/3941/4390
f 3582/3940/4389 4943/3942/4391 5178/3943/4392 5037/3933/4382
f 3582/3940/4389 5081/3944/4393 5039/3945/4394 4943/3942/4391
f 3582/3940/4389 5067/3941/4390 5066/3946/4395 5081/3944/4393
f 3583/3947/4396 5086/3948/4397 5169/3949/4398 4856/3950/4399
f 3583/3947/4396 5079/3951/4400 5078/3952/4401 5086/3948/4397
f 3583/3947/4396 5038/5862/4402 5080/5850/4403 5079/3951/4400
f 3583/3947/4396 4856/3950/4399 5033/5861/4404 5038/5862/4402
f 3584/3956/4405 4078/3957/4406 4077/3958/4407 3585/3959/4408
f 3584/3956/4405 5124/3960/4409 4079/3961/4410 4078/3957/4406
f 3584/3956/4405 3839/3962/4411 3838/3963/4412 5124/3960/4409
f 3584/3956/4405 3585/3959/4408 3840/3964/4413 3839/3962/4411
f 3585/3959/4408 4077/3958/4407 4076/3965/4414 3586/3966/4415
f 3585/3959/4408 3586/3966/4415 3841/3967/4416 3840/3964/4413
f 3586/3966/4415 4076/3965/4414 4075/3968/4417 3587/3969/4418
f 3586/3966/4415 3587/3969/4418 3842/3970/4419 3841/3967/4416
f 3587/3969/4418 4075/3968/4417 4074/3971/4420 3588/3972/4421
f 3587/3969/4418 3588/3972/4421 3843/3973/4422 3842/3970/4419
f 3588/3972/4421 4074/3971/4420 4073/3974/4423 3589/3975/4424
f 3588/3972/4421 3589/3975/4424 3844/3976/4425 3843/3973/4422
f 3589/3975/4424 4073/3974/4423 5209/3786/4235 3590/3977/4426
f 3589/3975/4424 3590/3977/4426 3845/3978/4427 3844/3976/4425
f 3590/3977/4426 5209/3786/4235 4355/3785/4234 3591/3979/4428
f 3590/3977/4426 3591/3979/4428 3846/3980/4429 3845/3978/4427
f 3591/3979/4428 4355/3785/4234 4357/3787/4236 4358/3981/4430
f 3591/3979/4428 4358/3981/4430 3847/3982/4431 3846/3980/4429
f 3592/3983/4432 4643/3984/4433 5179/3985/4434 3593/3986/4435
f 3592/3983/4432 4656/3987/4436 4655/3988/4437 4643/3984/4433
f 3592/3983/4432 4871/3989/4438 4754/3990/4439 4656/3987/4436
f 3592/3983/4432 3593/3986/4435 4872/3991/4440 4871/3989/4438
f 3593/3986/4435 3594/3992/4441 4873/3993/4442 4872/3991/4440
f 3593/3986/4435 5179/3985/4434 3651/3994/4443 3594/3992/4441
f 3594/3992/4441 3651/3994/4443 3650/3995/4444 3652/3996/4445
f 3594/3992/4441 3652/3996/4445 4874/3997/4446 4873/3993/4442
f 3595/3998/4447 3596/3999/4448 4784/4000/4449 4785/4001/4450
f 3595/3998/4447 3597/4002/4451 3598/4003/4452 3596/3999/4448
f 3595/3998/4447 5183/4004/4453 3902/4005/4454 3597/4002/4451
f 3595/3998/4447 4785/4001/4450 3740/4006/4455 5183/4004/4453
f 3596/3999/4448 3598/4003/4452 5096/4007/4456 5095/4008/4457
f 3596/3999/4448 5095/4008/4457 5098/4009/4458 4784/4000/4449
f 3597/4002/4451 3902/4005/4454 3903/5836/4459 3904/5839/4460
f 3597/4002/4451 3904/5839/4460 3599/5838/4461 3598/4003/4452
f 3598/4003/4452 3599/5838/4461 5097/5832/4462 5096/4007/4456
f 3599/4012/4461 3904/4011/4460 3906/4014/4463 3907/4015/4464
f 3599/4012/4461 3907/4015/4464 4837/4016/4465 5097/4013/4462
f 3600/4017/4466 3742/4018/4467 3743/4019/4468 3603/4020/4469
f 3600/4017/4466 5183/4004/4453 3740/4006/4455 3742/4018/4467
f 3600/4017/4466 3601/5743/4470 4176/5741/4471 5183/4004/4453
f 3600/4017/4466 3603/4020/4469 3604/4023/4472 3601/5743/4470
f 3601/4021/4470 3604/5742/4472 3605/4024/4473 3602/4025/4474
f 3601/4021/4470 3602/4025/4474 4177/4026/4475 4176/4022/4471
f 3602/4025/4474 4180/4027/4476 4178/4028/4477 4177/4026/4475
f 3602/4025/4474 3605/4024/4473 3606/4029/4478 4180/4027/4476
f 3603/4020/4469 4948/4030/4479 4949/4031/4480 3604/4023/4472
f 3603/4020/4469 3743/4019/4468 5178/3943/4392 4948/4030/4479
f 3604/5742/4472 4949/5730/4480 4950/4032/4481 3605/4024/4473
f 3605/4024/4473 4950/4032/4481 4951/4033/4482 3606/4029/4478
f 3606/4029/4478 4951/4033/4482 4952/4034/4483 3607/4035/4484
f 3606/4029/4478 3607/4035/4484 4181/4036/4485 4180/4027/4476
f 3607/4035/4484 4183/4037/4486 4182/4038/4487 4181/4036/4485
f 3607/4035/4484 4952/4034/4483 4953/4039/4488 4183/4037/4486
f 3608/4040/4489 3613/4041/4490 3614/4042/4491 3609/4043/4492
f 3608/4040/4489 3643/4044/4493 3644/4045/4494 3613/4041/4490
f 3608/4040/4489 4272/4046/4495 5216/5999/4496 3643/4044/4493
f 3608/4040/4489 3609/4043/4492 4273/4048/4497 4272/4046/4495
f 3609/4043/4492 3614/4042/4491 3615/4049/4498 3610/4050/4499
f 3609/4043/4492 3610/4050/4499 4274/4051/4500 4273/4048/4497
f 3610/4050/4499 3611/4052/4501 4275/4053/4502 4274/4051/4500
f 3610/4050/4499 3615/4049/4498 3616/4054/4503 3611/4052/4501
f 3611/4052/4501 3612/4055/4504 4276/4056/4505 4275/4053/4502
f 3611/4052/4501 3616/4054/4503 3617/4057/4506 3612/4055/4504
f 3612/4055/4504 4281/4058/4507 4277/4059/4508 4276/4056/4505
f 3612/4055/4504 3617/4057/4506 3618/4060/4509 4281/4058/4507
f 3613/4041/4490 3623/4061/4510 3624/4062/4511 3614/4042/4491
f 3613/4041/4490 3644/4045/4494 3645/4063/4512 3623/4061/4510
f 3614/4042/4491 3624/4062/4511 3625/4064/4513 3615/4049/4498
f 3615/4049/4498 3625/4064/4513 3626/4065/4514 3616/4054/4503
f 3616/4054/4503 3626/4065/4514 3627/4066/4515 3617/4057/4506
f 3617/4057/4506 3627/4066/4515 3628/4067/4516 3618/4060/4509
f 3618/4060/4509 3628/4067/4516 3629/4068/4517 3619/4069/4518
f 3618/4060/4509 3619/4069/4518 4282/4070/4519 4281/4058/4507
f 3619/4069/4518 3629/4068/4517 3630/4071/4520 3620/4072/4521
f 3619/4069/4518 3620/4072/4521 4283/4073/4522 4282/4070/4519
f 3620/4072/4521 3621/4074/4523 4284/4075/4524 4283/4073/4522
f 3620/4072/4521 3630/4071/4520 4200/4076/4525 3621/4074/4523
f 3621/4074/4523 3622/4077/4526 4285/4078/4527 4284/4075/4524
f 3621/4074/4523 4200/4076/4525 4201/4079/4528 3622/4077/4526
f 3622/4077/4526 4415/4080/4529 4417/4081/4530 4285/4078/4527
f 3622/4077/4526 4201/4079/4528 4199/4082/4531 4415/4080/4529
f 3623/4061/4510 3631/4083/4532 3632/4084/4533 3624/4062/4511
f 3623/4061/4510 3645/4063/4512 3646/4085/4534 3631/4083/4532
f 3624/4062/4511 3632/4084/4533 3633/4086/4535 3625/4064/4513
f 3625/4064/4513 3633/4086/4535 3634/4087/4536 3626/4065/4514
f 3626/4065/4514 3634/4087/4536 3635/4088/4537 3627/4066/4515
f 3627/4066/4515 3635/4088/4537 3636/4089/4538 3628/4067/4516
f 3628/4067/4516 3636/4089/4538 4202/4090/4539 3629/4068/4517
f 3629/4068/4517 4202/4090/4539 4203/4091/4540 3630/4071/4520
f 3630/4071/4520 4203/4091/4540 4204/4092/4541 4200/4076/4525
f 3631/4083/4532 3646/4085/4534 3647/4093/4542 3637/4094/4543
f 3631/4083/4532 3637/4094/4543 3638/4095/4544 3632/4084/4533
f 3632/4084/4533 3638/4095/4544 3639/4096/4545 3633/4086/4535
f 3633/4086/4535 3639/4096/4545 3640/4097/4546 3634/4087/4536
f 3634/4087/4536 3640/4097/4546 4206/4098/4547 3635/4088/4537
f 3635/4088/4537 4206/4098/4547 4207/4099/4548 3636/4089/4538
f 3636/4089/4538 4207/4099/4548 4208/4100/4549 4202/4090/4539
f 3637/4094/4543 3647/4093/4542 3648/4101/4550 3641/4102/4551
f 3637/4094/4543 3641/4102/4551 3642/4103/4552 3638/4095/4544
f 3638/4095/4544 3642/4103/4552 4211/4104/4553 3639/4096/4545
f 3639/4096/4545 4211/4104/4553 4212/4105/4554 3640/4097/4546
f 3640/4097/4546 4212/4105/4554 4213/4106/4555 4206/4098/4547
f 3641/4102/4551 3648/4101/4550 3696/4107/4556 5214/4108/4557
f 3641/4102/4551 5214/4108/4557 4218/4109/4558 3642/4103/4552
f 3642/4103/4552 4218/4109/4558 4219/4110/4559 4211/4104/4553
f 3643/4044/4493 4244/4111/4560 4246/4112/4561 3644/4045/4494
f 3643/4044/4493 5216/5999/4496 4241/5995/4562 4244/4111/4560
f 3644/4045/4494 4246/4112/4561 4248/4114/4563 3645/4063/4512
f 3645/4063/4512 4248/4114/4563 4249/4115/4564 3646/4085/4534
f 3646/4085/4534 4249/4115/4564 4250/3904/4353 3647/4093/4542
f 3647/4093/4542 4250/3904/4353 4431/3903/4352 3648/4101/4550
f 3648/4101/4550 4431/3903/4352 3695/3905/4354 3696/4107/4556
f 3649/4116/4565 3877/4117/4566 3876/4118/4567 3650/3995/4444
f 3649/4116/4565 5168/4119/4568 4714/4120/4569 3877/4117/4566
f 3649/4116/4565 5143/4121/4570 4654/4122/4571 5168/4119/4568
f 3649/4116/4565 3650/3995/4444 3651/3994/4443 5143/4121/4570
f 3650/3995/4444 3876/4118/4567 3875/4123/4572 3652/3996/4445
f 3651/3994/4443 5179/3985/4434 4643/3984/4433 5143/4121/4570
f 3652/3996/4445 3875/4123/4572 5199/4124/4573 4874/3997/4446
f 3653/4125/4574 3654/4126/4575 3916/5974/4576 3917/5975/4577
f 3653/4125/4574 3657/4129/4578 3658/4130/4579 3654/4126/4575
f 3653/4125/4574 5005/4131/4580 3686/4132/4581 3657/4129/4578
f 3653/4125/4574 3917/5975/4577 5090/5967/4582 5005/4131/4580
f 3654/4126/4575 3655/4134/4583 3915/5973/4584 3916/5974/4576
f 3654/4126/4575 3658/4130/4579 3659/4136/4585 3655/4134/4583
f 3655/4134/4583 3656/4137/4586 3914/5972/4587 3915/5973/4584
f 3655/4134/4583 3659/4136/4585 3660/4139/4588 3656/4137/4586
f 3656/4137/4586 4761/4140/4589 4172/5969/4590 3914/5972/4587
f 3656/4137/4586 3660/4139/4588 3967/4142/4591 4761/4140/4589
f 3657/4129/4578 3661/4143/4592 3662/4144/4593 3658/4130/4579
f 3657/4129/4578 3686/4132/4581 3681/4145/4594 3661/4143/4592
f 3658/4130/4579 3662/4144/4593 3663/4146/4595 3659/4136/4585
f 3659/4136/4585 3663/4146/4595 3968/4147/4596 3660/4139/4588
f 3660/4139/4588 3968/4147/4596 3969/4148/4597 3967/4142/4591
f 3661/4143/4592 3681/4145/4594 3677/4149/4598 3664/4150/4599
f 3661/4143/4592 3664/4150/4599 3665/4151/4600 3662/4144/4593
f 3662/4144/4593 3665/4151/4600 3666/4152/4601 3663/4146/4595
f 3663/4146/4595 3666/4152/4601 3971/4153/4602 3968/4147/4596
f 3664/4150/4599 3677/4149/4598 3674/4154/4603 3667/4155/4604
f 3664/4150/4599 3667/4155/4604 3668/4156/4605 3665/4151/4600
f 3665/4151/4600 3668/4156/4605 3974/4157/4606 3666/4152/4601
f 3666/4152/4601 3974/4157/4606 3975/4158/4607 3971/4153/4602
f 3667/4155/4604 3674/4154/4603 3672/4159/4608 3669/4160/4609
f 3667/4155/4604 3669/4160/4609 3977/4161/4610 3668/4156/4605
f 3668/4156/4605 3977/4161/4610 3978/4162/4611 3974/4157/4606
f 3669/4160/4609 3672/4159/4608 3671/4163/4612 3670/4164/4613
f 3669/4160/4609 3670/4164/4613 3979/4165/4614 3977/4161/4610
f 3670/4164/4613 3671/4163/4612 4947/4166/4615 3927/4167/4616
f 3670/4164/4613 3927/4167/4616 3930/4168/4617 3979/4165/4614
f 3671/4163/4612 3773/4169/4618 4787/4170/4619 4947/4166/4615
f 3671/4163/4612 3672/4159/4608 3673/4171/4620 3773/4169/4618
f 3672/4159/4608 3674/4154/4603 3675/4172/4621 3673/4171/4620
f 3673/4171/4620 3775/4173/4622 3774/4174/4623 3773/4169/4618
f 3673/4171/4620 3675/4172/4621 3676/4175/4624 3775/4173/4622
f 3674/4154/4603 3677/4149/4598 3678/4176/4625 3675/4172/4621
f 3675/4172/4621 3678/4176/4625 3679/4177/4626 3676/4175/4624
f 3676/4175/4624 3679/4177/4626 3680/4178/4627 3778/4179/4628
f 3676/4175/4624 3778/4179/4628 3776/4180/4629 3775/4173/4622
f 3677/4149/4598 3681/4145/4594 3682/4181/4630 3678/4176/4625
f 3678/4176/4625 3682/4181/4630 3683/4182/4631 3679/4177/4626
f 3679/4177/4626 3683/4182/4631 3684/4183/4632 3680/4178/4627
f 3680/4178/4627 3684/4183/4632 3685/4184/4633 3780/4185/4634
f 3680/4178/4627 3780/4185/4634 3779/4186/4635 3778/4179/4628
f 3681/4145/4594 3686/4132/4581 3687/4187/4636 3682/4181/4630
f 3682/4181/4630 3687/4187/4636 3688/4188/4637 3683/4182/4631
f 3683/4182/4631 3688/4188/4637 3689/4189/4638 3684/4183/4632
f 3684/4183/4632 3689/4189/4638 5004/4190/4639 3685/4184/4633
f 3686/4132/4581 5005/4131/4580 5006/4191/4640 3687/4187/4636
f 3687/4187/4636 5006/4191/4640 5007/4192/4641 3688/4188/4637
f 3688/4188/4637 5007/4192/4641 5008/4193/4642 3689/4189/4638
f 3689/4189/4638 5008/4193/4642 5202/4194/4643 5004/4190/4639
f 3690/4195/4644 3691/4196/4645 4581/4197/4646 4585/4198/4647
f 3690/4195/4644 4548/4199/4648 3760/4200/4649 3691/4196/4645
f 3690/4195/4644 5196/4201/4650 4543/4202/4651 4548/4199/4648
f 3690/4195/4644 4585/4198/4647 4589/4203/4652 5196/4201/4650
f 3691/4196/4645 3692/4204/4653 3693/4205/4654 4581/4197/4646
f 3691/4196/4645 3760/4200/4649 4258/4206/4655 3692/4204/4653
f 3692/4204/4653 4258/4206/4655 4257/4207/4656 3762/4208/4657
f 3692/4204/4653 3762/4208/4657 3694/4209/4658 3693/4205/4654
f 3693/4205/4654 4578/4210/4659 4580/4211/4660 4581/4197/4646
f 3693/4205/4654 3694/4209/4658 4576/4212/4661 4578/4210/4659
f 3694/4209/4658 3762/4208/4657 3761/4213/4662 3764/4214/4663
f 3694/4209/4658 3764/4214/4663 4574/4215/4664 4576/4212/4661
f 3695/3905/4354 3697/3928/4377 4552/4216/4665 3696/4107/4556
f 3696/4107/4556 4552/4216/4665 4218/4109/4558 5214/4108/4557
f 3697/3928/4377 4553/3930/4379 3698/4217/4666 4552/4216/4665
f 3698/4217/4666 4553/3930/4379 3704/4218/4667 3699/4219/4668
f 3698/4217/4666 4219/4110/4559 4218/4109/4558 4552/4216/4665
f 3698/4217/4666 3699/4219/4668 4220/4220/4669 4219/4110/4559
f 3699/4219/4668 3704/4218/4667 3705/4221/4670 3700/4222/4671
f 3699/4219/4668 3700/4222/4671 4221/4223/4672 4220/4220/4669
f 3700/4222/4671 3701/4224/4673 4222/4225/4674 4221/4223/4672
f 3700/4222/4671 3705/4221/4670 3706/4226/4675 3701/4224/4673
f 3701/4224/4673 3702/4227/4676 4223/4228/4677 4222/4225/4674
f 3701/4224/4673 3706/4226/4675 3707/4229/4678 3702/4227/4676
f 3702/4227/4676 3703/4230/4679 4224/4231/4680 4223/4228/4677
f 3702/4227/4676 3707/4229/4678 4226/4232/4681 3703/4230/4679
f 3703/4230/4679 5197/4233/4682 4225/4234/4683 4224/4231/4680
f 3703/4230/4679 4226/4232/4681 4237/4235/4684 5197/4233/4682
f 3704/4218/4667 4553/3930/4379 5207/3929/4378 4554/3883/4332
f 3704/4218/4667 4554/3883/4332 4555/3882/4331 3705/4221/4670
f 3705/4221/4670 4555/3882/4331 4227/3885/4334 3706/4226/4675
f 3706/4226/4675 4227/3885/4334 4228/3889/4338 3707/4229/4678
f 3707/4229/4678 4228/3889/4338 4229/3891/4340 4226/4232/4681
f 3708/3807/4256 4806/3806/4255 4808/4236/4685 3709/3820/4269
f 3709/3820/4269 3711/4237/4686 3712/3825/4274 3710/3818/4267
f 3709/3820/4269 4808/4236/4685 4810/4238/4687 3711/4237/4686
f 3711/4237/4686 4810/4238/4687 4811/4239/4688 4812/4240/4689
f 3711/4237/4686 4812/4240/4689 3714/4241/4690 3712/3825/4274
f 3712/3825/4274 3714/4241/4690 3715/3830/4279 3713/3823/4272
f 3714/4241/4690 3717/4242/4691 3718/4243/4692 3715/3830/4279
f 3714/4241/4690 4812/4240/4689 4813/4244/4693 3717/4242/4691
f 3715/6007/4279 3718/6006/4692 3719/3837/4286 3716/3827/4276
f 3717/4242/4691 3721/4245/4694 3722/4246/4695 3718/4243/4692
f 3717/4242/4691 4813/4244/4693 4814/4247/4696 3721/4245/4694
f 3718/6006/4692 3722/6005/4695 3723/4248/4697 3719/3837/4286
f 3719/3837/4286 3723/4248/4697 3724/3844/4293 3720/3834/4283
f 3721/4245/4694 4814/4247/4696 5015/4249/4698 3726/4250/4699
f 3721/4245/4694 3726/4250/4699 3727/4251/4700 3722/4246/4695
f 3722/6005/4695 3727/6004/4700 3728/4252/4701 3723/4248/4697
f 3723/4248/4697 3728/4252/4701 4294/4253/4702 3724/3844/4293
f 3724/3844/4293 4294/4253/4702 4295/4254/4703 3725/3841/4290
f 3725/3841/4290 4295/4254/4703 3993/3851/4300 5203/3842/4291
f 3726/4250/4699 5015/4249/4698 4483/4255/4704 4488/4256/4705
f 3726/4250/4699 4488/4256/4705 4289/4257/4706 3727/4251/4700
f 3727/6004/4700 4289/5993/4706 4292/4258/4707 3728/4252/4701
f 3728/4252/4701 4292/4258/4707 4293/4259/4708 4294/4253/4702
f 3729/4260/4709 4781/4261/4710 4906/4262/4711 3730/4263/4712
f 3729/4260/4709 4825/4264/4713 3963/4265/4714 4781/4261/4710
f 3729/4260/4709 5103/4266/4715 4826/4267/4716 4825/4264/4713
f 3729/4260/4709 3730/4263/4712 5190/4268/4717 5103/4266/4715
f 3730/4263/4712 4906/4262/4711 4842/4269/4718 5198/4270/4719
f 3730/4263/4712 5198/4270/4719 5195/4271/4720 5190/4268/4717
f 3731/4272/4721 4696/4273/4722 3733/4274/4723 3732/4275/4724
f 3731/4272/4721 5210/4276/4725 4701/4277/4726 4696/4273/4722
f 3731/4272/4721 1555/2213/1962 1556/2212/1961 5210/4276/4725
f 3731/4272/4721 3732/4275/4724 1554/2214/1963 1555/2213/1962
f 3732/4275/4724 3733/4274/4723 3734/5896/4727 4677/5898/4728
f 3732/4275/4724 4677/5898/4728 1547/2217/1966 1554/2214/1963
f 3733/4274/4723 4694/4280/4729 3735/4281/4730 3734/5896/4727
f 3733/4274/4723 4696/4273/4722 4698/4282/4731 4694/4280/4729
f 3734/4278/4727 4675/4283/4732 4674/4284/4733 4677/4279/4728
f 3734/4278/4727 3735/5895/4730 4676/4285/4734 4675/4283/4732
f 3735/4281/4730 4694/4280/4729 4695/4286/4735 4692/4287/4736
f 3735/5895/4730 4692/5894/4736 5189/4288/4737 4676/4285/4734
f 3736/4289/4738 1597/2230/1979 1596/2229/1978 5035/4290/4739
f 3736/4289/4738 4666/4291/4740 1598/2231/1980 1597/2230/1979
f 3736/4289/4738 4782/4292/4741 4667/4293/4742 4666/4291/4740
f 3736/4289/4738 5035/4290/4739 3737/4294/4743 4782/4292/4741
f 3737/4294/4743 4941/4295/4744 3739/4296/4745 3738/4297/4746
f 3737/4294/4743 5035/4290/4739 5049/4298/4747 4941/4295/4744
f 3737/4294/4743 3738/4297/4746 4783/4299/4748 4782/4292/4741
f 3738/4297/4746 4785/4001/4450 4784/4000/4449 4783/4299/4748
f 3738/4297/4746 3739/4296/4745 3740/4006/4455 4785/4001/4450
f 3739/4296/4745 3741/3939/4388 3742/4018/4467 3740/4006/4455
f 3739/4296/4745 4941/4295/4744 5036/3937/4386 3741/3939/4388
f 3741/3939/4388 4942/3934/4383 3743/4019/4468 3742/4018/4467
f 3743/4019/4468 4942/3934/4383 5037/3933/4382 5178/3943/4392
f 3744/4300/4749 4337/4301/4750 4053/4302/4751 4054/4303/4752
f 3744/4300/4749 4328/4304/4753 4327/4305/4754 4337/4301/4750
f 3744/4300/4749 3851/4306/4755 4430/4307/4756 4328/4304/4753
f 3744/4300/4749 4054/4303/4752 4055/4308/4757 3851/4306/4755
f 3745/4309/4758 4444/4310/4759 4445/4311/4760 3753/4312/4761
f 3745/4309/4758 4354/4313/4762 4443/4314/4763 4444/4310/4759
f 3745/4309/4758 3746/4315/4764 4329/4316/4765 4354/4313/4762
f 3745/4309/4758 3753/4312/4761 3754/4317/4766 3746/4315/4764
f 3746/4315/4764 3747/4318/4767 4330/4319/4768 4329/4316/4765
f 3746/4315/4764 3754/4317/4766 3755/4320/4769 3747/4318/4767
f 3747/4318/4767 3748/4321/4770 4331/4322/4771 4330/4319/4768
f 3747/4318/4767 3755/4320/4769 3756/4323/4772 3748/4321/4770
f 3748/4321/4770 3749/4324/4773 4332/4325/4774 4331/4322/4771
f 3748/4321/4770 3756/4323/4772 3757/4326/4775 3749/4324/4773
f 3749/4324/4773 3757/4326/4775 4056/4327/4776 3750/4328/4777
f 3749/4324/4773 3750/4328/4777 4333/4329/4778 4332/4325/4774
f 3750/4328/4777 4056/4327/4776 4057/4330/4779 3751/4331/4780
f 3750/4328/4777 3751/4331/4780 4334/4332/4781 4333/4329/4778
f 3751/4331/4780 4057/4330/4779 4058/4333/4782 3752/4334/4783
f 3751/4331/4780 3752/4334/4783 4335/4335/4784 4334/4332/4781
f 3752/4334/4783 4058/4333/4782 4059/4336/4785 4052/4337/4786
f 3752/4334/4783 4052/4337/4786 4336/4338/4787 4335/4335/4784
f 3753/4312/4761 4445/4311/4760 4446/4339/4788 3758/4340/4789
f 3753/4312/4761 3758/4340/4789 3759/4341/4790 3754/4317/4766
f 3754/4317/4766 3759/4341/4790 4063/4342/4791 3755/4320/4769
f 3755/4320/4769 4063/4342/4791 4064/4343/4792 3756/4323/4772
f 3756/4323/4772 4064/4343/4792 4065/4344/4793 3757/4326/4775
f 3757/4326/4775 4065/4344/4793 4066/4345/4794 4056/4327/4776
f 3758/4340/4789 4073/3974/4423 4074/3971/4420 3759/4341/4790
f 3758/4340/4789 4446/4339/4788 5209/3786/4235 4073/3974/4423
f 3759/4341/4790 4074/3971/4420 4075/3968/4417 4063/4342/4791
f 3760/4200/4649 4550/4346/4795 4255/4347/4796 4258/4206/4655
f 3760/4200/4649 4548/4199/4648 4539/4348/4797 4550/4346/4795
f 3761/4213/4662 3762/4208/4657 4257/4207/4656 4256/4349/4798
f 3761/4213/4662 5176/4350/4799 3763/4351/4800 3764/4214/4663
f 3761/4213/4662 4256/4349/4798 4535/4352/4801 5176/4350/4799
f 3763/4351/4800 4534/4353/4802 4142/4354/4803 3765/4355/4804
f 3763/4351/4800 5176/4350/4799 4535/4352/4801 4534/4353/4802
f 3763/4351/4800 3765/4355/4804 4574/4215/4664 3764/4214/4663
f 3765/4355/4804 4142/4354/4803 4633/4356/4805 3767/4357/4806
f 3765/4355/4804 3767/4357/4806 3769/4358/4807 4574/4215/4664
f 3766/4359/4808 3767/4357/4806 4633/4356/4805 4601/4360/4809
f 3766/4359/4808 3768/4361/4810 3769/4358/4807 3767/4357/4806
f 3766/4359/4808 5187/4362/4811 5151/4363/4812 3768/4361/4810
f 3766/4359/4808 4601/4360/4809 4600/4364/4813 5187/4362/4811
f 3768/4361/4810 3770/4365/4814 4575/4366/4815 3769/4358/4807
f 3768/4361/4810 5151/4363/4812 5152/4367/4816 3770/4365/4814
f 3769/4358/4807 4575/4366/4815 4576/4212/4661 4574/4215/4664
f 3770/4365/4814 3771/4368/4817 4577/4369/4818 4575/4366/4815
f 3770/4365/4814 5152/4367/4816 5153/4370/4819 3771/4368/4817
f 3771/4368/4817 3772/4371/4820 4579/4372/4821 4577/4369/4818
f 3771/4368/4817 5153/4370/4819 5154/4373/4822 3772/4371/4820
f 3772/4371/4820 4582/4374/4823 4583/4375/4824 4579/4372/4821
f 3772/4371/4820 5154/4373/4822 5155/4376/4825 4582/4374/4823
f 3773/4169/4618 3774/4174/4623 4788/4377/4826 4787/4170/4619
f 3774/4174/4623 4791/4378/4827 4789/4379/4828 4788/4377/4826
f 3774/4174/4623 3775/4173/4622 3776/4180/4629 4791/4378/4827
f 3776/4180/4629 3778/4179/4628 3779/4186/4635 3777/4380/4829
f 3776/4180/4629 3777/4380/4829 4792/4381/4830 4791/4378/4827
f 3781/4382/4831 3782/4383/4832 3836/4384/4833 3837/4385/4834
f 3781/4382/4831 3799/4386/4835 3800/4387/4836 3782/4383/4832
f 3781/4382/4831 3820/4388/4837 3798/4389/4838 3799/4386/4835
f 3781/4382/4831 3837/4385/4834 3838/3963/4412 3820/4388/4837
f 3782/4383/4832 3783/4390/4839 3835/4391/4840 3836/4384/4833
f 3782/4383/4832 3800/4387/4836 3801/4392/4841 3783/4390/4839
f 3783/4390/4839 3784/4393/4842 3834/4394/4843 3835/4391/4840
f 3783/4390/4839 3801/4392/4841 3802/4395/4844 3784/4393/4842
f 3784/4393/4842 3802/4395/4844 3803/4396/4845 3785/4397/4846
f 3784/4393/4842 3785/4397/4846 3833/4398/4847 3834/4394/4843
f 3785/4397/4846 3803/4396/4845 3804/4399/4848 3786/4400/4849
f 3785/4397/4846 3786/4400/4849 3832/4401/4850 3833/4398/4847
f 3786/4400/4849 3804/4399/4848 3805/4402/4851 3787/4403/4852
f 3786/4400/4849 3787/4403/4852 5192/4404/4853 3832/4401/4850
f 3787/4403/4852 3805/4402/4851 3806/4405/4854 3788/4406/4855
f 3787/4403/4852 3788/4406/4855 3856/4407/4856 5192/4404/4853
f 3788/4406/4855 3806/4405/4854 3807/4408/4857 3789/4409/4858
f 3788/4406/4855 3789/4409/4858 3857/4410/4859 3856/4407/4856
f 3789/4409/4858 3807/4408/4857 3808/4411/4860 3790/4412/4861
f 3789/4409/4858 3790/4412/4861 3858/4413/4862 3857/4410/4859
f 3790/4412/4861 3791/4414/4863 3859/4415/4864 3858/4413/4862
f 3790/4412/4861 3808/4411/4860 3809/4416/4865 3791/4414/4863
f 3791/4414/4863 3865/4417/4866 3860/4418/4867 3859/4415/4864
f 3791/4414/4863 3809/4416/4865 3810/4419/4868 3865/4417/4866
f 3792/4420/4869 3793/4421/4870 3825/4422/4871 3826/4423/4872
f 3792/4420/4869 1464/2366/2115 1465/2365/2114 3793/4421/4870
f 3792/4420/4869 3814/4424/4873 1463/2367/2116 1464/2366/2115
f 3792/4420/4869 3826/4423/4872 3827/4425/4874 3814/4424/4873
f 3793/4421/4870 3794/4426/4875 3824/4427/4876 3825/4422/4871
f 3793/4421/4870 1465/2365/2114 1466/2372/2121 3794/4426/4875
f 3794/4426/4875 3795/4428/4877 3823/4429/4878 3824/4427/4876
f 3794/4426/4875 1466/2372/2121 1467/2375/2124 3795/4428/4877
f 3795/4428/4877 1467/2375/2124 1468/2377/2126 3796/4430/4879
f 3795/4428/4877 3796/4430/4879 3822/4431/4880 3823/4429/4878
f 3796/4430/4879 1468/2377/2126 1469/2380/2129 3797/4432/4881
f 3796/4430/4879 3797/4432/4881 3821/4433/4882 3822/4431/4880
f 3797/4432/4881 1469/2380/2129 1470/2382/2131 3798/4389/4838
f 3797/4432/4881 3798/4389/4838 3820/4388/4837 3821/4433/4882
f 3798/4389/4838 1470/2382/2131 1471/2383/2132 3799/4386/4835
f 3799/4386/4835 1471/2383/2132 1472/2384/2133 3800/4387/4836
f 3800/4387/4836 1472/2384/2133 1473/2385/2134 3801/4392/4841
f 3801/4392/4841 1473/2385/2134 1474/2386/2135 3802/4395/4844
f 3802/4395/4844 1474/2386/2135 1475/2387/2136 3803/4396/4845
f 3803/4396/4845 1475/2387/2136 1476/2388/2137 3804/4399/4848
f 3804/4399/4848 1476/2388/2137 1477/2389/2138 3805/4402/4851
f 3805/4402/4851 1477/2389/2138 1478/2390/2139 3806/4405/4854
f 3806/4405/4854 1478/2390/2139 1479/2391/2140 3807/4408/4857
f 3807/4408/4857 1479/2391/2140 1480/2392/2141 3808/4411/4860
f 3808/4411/4860 1480/2392/2141 1481/2393/2142 3809/4416/4865
f 3809/4416/4865 1481/2393/2142 1482/2394/2143 3810/4419/4868
f 3810/4419/4868 1482/2394/2143 1483/2396/2145 3811/4434/4883
f 3810/4419/4868 3811/4434/4883 3866/4435/4884 3865/4417/4866
f 3811/4434/4883 1483/2396/2145 1484/2399/2148 3812/4436/4885
f 3811/4434/4883 3812/4436/4885 3867/4437/4886 3866/4435/4884
f 3812/4436/4885 3813/4438/4887 3868/4439/4888 3867/4437/4886
f 3812/4436/4885 1484/2399/2148 1485/2403/2152 3813/4438/4887
f 3813/4438/4887 3871/4440/4889 3869/4441/4890 3868/4439/4888
f 3813/4438/4887 1485/2403/2152 1486/2406/2155 3871/4440/4889
f 3814/4424/4873 3827/4425/4874 3828/4442/4891 3815/4443/4892
f 3814/4424/4873 3815/4443/4892 1462/2409/2158 1463/2367/2116
f 3815/4443/4892 3828/4442/4891 3829/4444/4893 3816/4445/4894
f 3815/4443/4892 3816/4445/4894 1461/2412/2161 1462/2409/2158
f 3816/4445/4894 3829/4444/4893 3830/4446/4895 3817/4447/4896
f 3816/4445/4894 3817/4447/4896 1460/2415/2164 1461/2412/2161
f 3817/4447/4896 3830/4446/4895 3831/4448/4897 3818/4449/4898
f 3817/4447/4896 3818/4449/4898 1459/2418/2167 1460/2415/2164
f 3818/4449/4898 3831/4448/4897 4823/4450/4899 3819/5812/4900
f 3818/4449/4898 3819/5812/4900 1458/2421/2170 1459/2418/2167
f 3819/4451/4900 4823/5810/4899 4008/4452/4901 4824/4453/4902
f 3819/4451/4900 4824/4453/4902 1457/2424/2173 1458/5811/2170
f 3820/4388/4837 3838/3963/4412 3839/3962/4411 3821/4433/4882
f 3821/4433/4882 3839/3962/4411 3840/3964/4413 3822/4431/4880
f 3822/4431/4880 3840/3964/4413 3841/3967/4416 3823/4429/4878
f 3823/4429/4878 3841/3967/4416 3842/3970/4419 3824/4427/4876
f 3824/4427/4876 3842/3970/4419 3843/3973/4422 3825/4422/4871
f 3825/4422/4871 3843/3973/4422 3844/3976/4425 3826/4423/4872
f 3826/4423/4872 3844/3976/4425 3845/3978/4427 3827/4425/4874
f 3827/4425/4874 3845/3978/4427 3846/3980/4429 3828/4442/4891
f 3828/4442/4891 3846/3980/4429 3847/3982/4431 3829/4444/4893
f 3829/4444/4893 3847/3982/4431 3848/4454/4903 3830/4446/4895
f 3830/4446/4895 3848/4454/4903 4007/4455/4904 3831/4448/4897
f 3831/4448/4897 4007/4455/4904 4006/5809/4905 4823/4450/4899
f 3832/4401/4850 4091/4457/4906 4090/4458/4907 3833/4398/4847
f 3832/4401/4850 5192/4404/4853 3856/4407/4856 4091/4457/4906
f 3833/4398/4847 4090/4458/4907 4089/4459/4908 3834/4394/4843
f 3834/4394/4843 4089/4459/4908 4088/4460/4909 3835/4391/4840
f 3835/4391/4840 4088/4460/4909 4087/4461/4910 3836/4384/4833
f 3836/4384/4833 4087/4461/4910 4086/4462/4911 3837/4385/4834
f 3837/4385/4834 4086/4462/4911 5124/3960/4409 3838/3963/4412
f 3847/3982/4431 4358/3981/4430 4362/4463/4912 3848/4454/4903
f 3848/4454/4903 4362/4463/4912 4470/4464/4913 4007/4455/4904
f 3849/4465/4914 4429/4466/4915 4430/4307/4756 3850/4467/4916
f 3849/4465/4914 5212/4468/4917 4428/4469/4918 4429/4466/4915
f 3849/4465/4914 3863/4470/4919 3864/4471/4920 5212/4468/4917
f 3849/4465/4914 3850/4467/4916 3862/4472/4921 3863/4470/4919
f 3850/4467/4916 3852/4473/4922 3861/4474/4923 3862/4472/4921
f 3850/4467/4916 4430/4307/4756 3851/4306/4755 3852/4473/4922
f 3851/4306/4755 4055/4308/4757 3853/4475/4924 3852/4473/4922
f 3852/4473/4922 3853/4475/4924 3860/4418/4867 3861/4474/4923
f 3853/4475/4924 3854/4476/4925 3859/4415/4864 3860/4418/4867
f 3853/4475/4924 4055/4308/4757 4062/4477/4926 3854/4476/4925
f 3854/4476/4925 4062/4477/4926 4072/4478/4927 3855/4479/4928
f 3854/4476/4925 3855/4479/4928 3858/4413/4862 3859/4415/4864
f 3855/4479/4928 4072/4478/4927 4084/4480/4929 4085/4481/4930
f 3855/4479/4928 4085/4481/4930 3857/4410/4859 3858/4413/4862
f 3856/4407/4856 3857/4410/4859 4085/4481/4930 4091/4457/4906
f 3860/4418/4867 3865/4417/4866 3866/4435/4884 3861/4474/4923
f 3861/4474/4923 3866/4435/4884 3867/4437/4886 3862/4472/4921
f 3862/4472/4921 3867/4437/4886 3868/4439/4888 3863/4470/4919
f 3863/4470/4919 3868/4439/4888 3869/4441/4890 3864/4471/4920
f 3864/4471/4920 3869/4441/4890 3870/4482/4931 4426/4483/4932
f 3864/4471/4920 4426/4483/4932 4428/4469/4918 5212/4468/4917
f 3869/4441/4890 3871/4440/4889 3872/4484/4933 3870/4482/4931
f 3870/4482/4931 3872/4484/4933 3873/4485/4934 4424/4486/4935
f 3870/4482/4931 4424/4486/4935 4425/4487/4936 4426/4483/4932
f 3871/4440/4889 1486/2406/2155 1487/2459/2208 3872/4484/4933
f 3872/4484/4933 1487/2459/2208 1488/2460/2209 3873/4485/4934
f 3873/4485/4934 1488/2460/2209 1489/2462/2211 4422/4488/4937
f 3873/4485/4934 4422/4488/4937 4423/4489/4938 4424/4486/4935
f 3874/4490/4939 4713/4491/4940 4924/4492/4941 4883/4493/4942
f 3874/4490/4939 3877/4117/4566 4714/4120/4569 4713/4491/4940
f 3874/4490/4939 4650/4494/4943 3876/4118/4567 3877/4117/4566
f 3874/4490/4939 4883/4493/4942 4648/4495/4944 4650/4494/4943
f 3875/4123/4572 4649/4496/4945 5146/4497/4946 5199/4124/4573
f 3875/4123/4572 3876/4118/4567 4650/4494/4943 4649/4496/4945
f 3878/4498/4947 3879/4499/4948 3880/4500/4949 5139/4501/4950
f 3878/4498/4947 1559/2477/2226 1560/2476/2225 3879/4499/4948
f 3878/4498/4947 5188/4502/4951 1558/2478/2227 1559/2477/2226
f 3878/4498/4947 5139/4501/4950 3899/4503/4952 5188/4502/4951
f 3879/4499/4948 3881/4504/4953 3882/4505/4954 3880/4500/4949
f 3879/4499/4948 1560/2476/2225 1561/2483/2232 3881/4504/4953
f 3880/4500/4949 3882/4505/4954 3883/4506/4955 5140/4507/4956
f 3880/4500/4949 5140/4507/4956 3900/4508/4957 5139/4501/4950
f 3881/4504/4953 3884/4509/4958 3885/4510/4959 3882/4505/4954
f 3881/4504/4953 1561/2483/2232 1562/2489/2238 3884/4509/4958
f 3882/4505/4954 3885/4510/4959 3886/4511/4960 3883/4506/4955
f 3883/4506/4955 3886/4511/4960 3887/4512/4961 5141/4513/4962
f 3883/4506/4955 5141/4513/4962 3901/4514/4963 5140/4507/4956
f 3884/4509/4958 3888/4515/4964 3889/4516/4965 3885/4510/4959
f 3884/4509/4958 1562/2489/2238 1563/2496/2245 3888/4515/4964
f 3885/4510/4959 3889/4516/4965 3890/4517/4966 3886/4511/4960
f 3886/4511/4960 3890/4517/4966 3891/4518/4967 3887/4512/4961
f 3887/4512/4961 3891/4518/4967 3892/4519/4968 5142/4520/4969
f 3887/4512/4961 5142/4520/4969 4710/4521/4970 5141/4513/4962
f 3888/4515/4964 3893/4522/4971 3894/4523/4972 3889/4516/4965
f 3888/4515/4964 1563/2496/2245 1564/2504/2253 3893/4522/4971
f 3889/4516/4965 3894/4523/4972 3895/4524/4973 3890/4517/4966
f 3890/4517/4966 3895/4524/4973 3896/4525/4974 3891/4518/4967
f 3891/4518/4967 3896/4525/4974 4556/4526/4975 3892/4519/4968
f 3892/4519/4968 4556/4526/4975 4557/4527/4976 5172/4528/4977
f 3892/4519/4968 5172/4528/4977 4712/4529/4978 5142/4520/4969
f 3893/4522/4971 3897/4530/4979 3898/4531/4980 3894/4523/4972
f 3893/4522/4971 1564/2504/2253 1565/2513/2262 3897/4530/4979
f 3894/4523/4972 3898/4531/4980 4559/4532/4981 3895/4524/4973
f 3895/4524/4973 4559/4532/4981 4560/4533/4982 3896/4525/4974
f 3896/4525/4974 4560/4533/4982 4561/4534/4983 4556/4526/4975
f 3897/4530/4979 4565/4535/4984 4566/4536/4985 3898/4531/4980
f 3897/4530/4979 1565/2513/2262 1566/2519/2268 4565/4535/4984
f 3898/4531/4980 4566/4536/4985 4567/4537/4986 4559/4532/4981
f 3899/4503/4952 1557/2521/2270 1558/2478/2227 5188/4502/4951
f 3899/4503/4952 5210/4276/4725 1556/2212/1961 1557/2521/2270
f 3899/4503/4952 5139/4501/4950 3900/4508/4957 5210/4276/4725
f 3900/4508/4957 4705/4538/4987 4701/4277/4726 5210/4276/4725
f 3900/4508/4957 5140/4507/4956 3901/4514/4963 4705/4538/4987
f 3901/4514/4963 4708/4539/4988 4706/4540/4989 4705/4538/4987
f 3901/4514/4963 5141/4513/4962 4710/4521/4970 4708/4539/4988
f 3902/4005/4454 3908/5740/4990 3910/5739/4991 3903/5836/4459
f 3902/4005/4454 5183/4004/4453 4176/5741/4471 3908/5740/4990
f 3903/4010/4459 3910/5837/4991 3912/5738/4992 3905/4544/4993
f 3903/4010/4459 3905/4544/4993 3906/4014/4463 3904/4011/4460
f 3905/4544/4993 3912/5738/4992 4763/5736/4994 4765/4546/4995
f 3905/4544/4993 4765/4546/4995 4793/4547/4996 3906/4014/4463
f 3906/4014/4463 4793/4547/4996 4794/4548/4997 3907/4015/4464
f 3907/4015/4464 4794/4548/4997 4827/4549/4998 4837/4016/4465
f 3908/4541/4990 4173/4550/4999 3909/4551/5000 3910/4542/4991
f 3908/4541/4990 4176/4022/4471 4177/4026/4475 4173/4550/4999
f 3909/5970/5000 4172/5969/4590 4761/4140/4589 3911/4552/5001
f 3909/4551/5000 4173/4550/4999 4174/4553/5002 4172/4141/4590
f 3909/5970/5000 3911/4552/5001 3912/4543/4992 3910/5971/4991
f 3911/4552/5001 4762/4554/5003 4763/4545/4994 3912/4543/4992
f 3911/4552/5001 4761/4140/4589 3967/4142/4591 4762/4554/5003
f 3913/4555/5004 5009/5779/5005 5116/5764/5006 5113/4558/5007
f 3913/4555/5004 5208/4559/5008 5010/5778/5009 5009/5779/5005
f 3913/4555/5004 5200/4561/5010 4008/4452/4901 5208/4559/5008
f 3913/4555/5004 5113/4558/5007 4797/4562/5011 5200/4561/5010
f 3914/4138/4587 4172/4141/4590 4174/4553/5002 4175/4563/5012
f 3914/4138/4587 4175/4563/5012 3918/4564/5013 3915/4135/4584
f 3915/4135/4584 3918/4564/5013 3919/4565/5014 3916/4127/4576
f 3916/4127/4576 3919/4565/5014 3920/4566/5015 3917/4128/4577
f 3917/4128/4577 3920/4566/5015 4909/4567/5016 5090/4133/4582
f 3918/4564/5013 3921/4568/5017 3922/4569/5018 3919/4565/5014
f 3918/4564/5013 4175/4563/5012 4179/4570/5019 3921/4568/5017
f 3919/4565/5014 3922/4569/5018 3923/4571/5020 3920/4566/5015
f 3920/4566/5015 3923/4571/5020 4911/4572/5021 4909/4567/5016
f 3921/4568/5017 4179/4570/5019 4181/4036/4485 4182/4038/4487
f 3921/4568/5017 4182/4038/4487 3924/4573/5022 3922/4569/5018
f 3922/4569/5018 3924/4573/5022 3925/4574/5023 3923/4571/5020
f 3923/4571/5020 3925/4574/5023 4994/4575/5024 4911/4572/5021
f 3924/4573/5022 3926/4576/5025 4912/4577/5026 3925/4574/5023
f 3924/4573/5022 4182/4038/4487 4183/4037/4486 3926/4576/5025
f 3925/4574/5023 4912/4577/5026 4998/4578/5027 4994/4575/5024
f 3926/4576/5025 4954/4579/5028 4987/4580/5029 4912/4577/5026
f 3926/4576/5025 4183/4037/4486 4953/4039/4488 4954/4579/5028
f 3927/4167/4616 4989/4581/5030 3929/4582/5031 3930/4168/4617
f 3927/4167/4616 4947/4166/4615 4986/4583/5032 4989/4581/5030
f 3928/4584/5033 3931/4585/5034 3932/4586/5035 3929/4582/5031
f 3928/4584/5033 4954/4579/5028 4953/4039/4488 3931/4585/5034
f 3928/4584/5033 4988/4587/5036 4987/4580/5029 4954/4579/5028
f 3928/4584/5033 3929/4582/5031 4989/4581/5030 4988/4587/5036
f 3929/4582/5031 3932/4586/5035 3933/4588/5037 3930/4168/4617
f 3930/4168/4617 3933/4588/5037 4965/4589/5038 3979/4165/4614
f 3931/4585/5034 4953/4039/4488 4952/4034/4483 4959/4590/5039
f 3931/4585/5034 4959/4590/5039 3934/4591/5040 3932/4586/5035
f 3932/4586/5035 3934/4591/5040 3935/4592/5041 3933/4588/5037
f 3933/4588/5037 3935/4592/5041 4966/4593/5042 4965/4589/5038
f 3934/4591/5040 3936/4594/5043 3937/4595/5044 3935/4592/5041
f 3934/4591/5040 4959/4590/5039 4958/4596/5045 3936/4594/5043
f 3935/4592/5041 3937/4595/5044 4968/4597/5046 4966/4593/5042
f 3936/4594/5043 4958/4596/5045 4957/4598/5047 4962/4599/5048
f 3936/4594/5043 4962/4599/5048 3938/4600/5049 3937/4595/5044
f 3937/4595/5044 3938/4600/5049 4970/4601/5050 4968/4597/5046
f 3938/4600/5049 3939/5737/5051 4973/5733/5052 4970/4601/5050
f 3938/4600/5049 4962/4599/5048 4961/4604/5053 3939/5737/5051
f 3939/4602/5051 4961/5729/5053 4960/4605/5054 4963/4606/5055
f 3939/5880/5051 4963/5876/5055 4964/4607/5056 4973/4603/5052
f 3940/6003/5057 4778/4609/5058 3942/4610/5059 3943/4611/5060
f 3940/6003/5057 4780/5989/5061 4779/4613/5062 4778/4609/5058
f 3940/4608/5057 3941/4614/5063 5193/3925/4374 4780/4612/5061
f 3940/4608/5057 3943/6002/5060 3944/4615/5064 3941/4614/5063
f 3941/4614/5063 3944/4615/5064 3945/4616/5065 4416/4617/5066
f 3941/4614/5063 4416/4617/5066 4414/3926/4375 5193/3925/4374
f 3942/4610/5059 4775/4618/5067 3946/3813/4262 3947/4619/5068
f 3942/4610/5059 4778/4609/5058 4776/4620/5069 4775/4618/5067
f 3942/4610/5059 3947/4619/5068 3948/4621/5070 3943/4611/5060
f 3943/6002/5060 3948/6000/5070 3949/4622/5071 3944/4615/5064
f 3944/4615/5064 3949/4622/5071 3950/4623/5072 3945/4616/5065
f 3945/4616/5065 3950/4623/5072 3951/4624/5073 4418/4625/5074
f 3945/4616/5065 4418/4625/5074 4417/4081/4530 4416/4617/5066
f 3946/3813/4262 4775/4618/5067 4772/4626/5075 4771/3811/4260
f 3946/3813/4262 3952/3808/4257 3953/3817/4266 3947/4619/5068
f 3947/4619/5068 3953/3817/4266 3954/6001/4265 3948/4621/5070
f 3948/6000/5070 3954/3816/4265 3955/3826/4275 3949/4622/5071
f 3949/4622/5071 3955/3826/4275 3956/3833/4282 3950/4623/5072
f 3950/4623/5072 3956/3833/4282 3957/4627/5076 3951/4624/5073
f 3951/4624/5073 3957/4627/5076 3958/4628/5077 4420/4629/5078
f 3951/4624/5073 4420/4629/5078 4419/4630/5079 4418/4625/5074
f 3956/3833/4282 3959/3832/4281 3960/3840/4289 3957/4627/5076
f 3957/4627/5076 3960/3840/4289 3961/3848/4297 3958/4628/5077
f 3958/4628/5077 4421/4631/5080 4271/4632/5081 4420/4629/5078
f 3958/4628/5077 3961/3848/4297 3962/3854/4303 4421/4631/5080
f 3962/3854/4303 4260/3858/4307 4264/4633/5082 4421/4631/5080
f 3963/4265/4714 4913/4634/5083 4907/4635/5084 4781/4261/4710
f 3963/4265/4714 1549/2621/2370 1548/2620/2369 4913/4634/5083
f 3963/4265/4714 4825/4264/4713 1550/2622/2371 1549/2621/2370
f 3964/4636/5085 4858/4637/5086 4857/4638/5087 5177/4639/5088
f 3964/4636/5085 5027/4640/5089 4860/4641/5090 4858/4637/5086
f 3964/4636/5085 5169/3949/4398 5024/4642/5091 5027/4640/5089
f 3964/4636/5085 5177/4639/5088 3965/4643/5092 5169/3949/4398
f 3965/4643/5092 5101/4644/5093 4880/4645/5094 3966/4646/5095
f 3965/4643/5092 5177/4639/5088 4857/4638/5087 5101/4644/5093
f 3965/4643/5092 3966/4646/5095 4856/3950/4399 5169/3949/4398
f 3966/4646/5095 5034/5860/5096 5033/5861/4404 4856/3950/4399
f 3966/4646/5095 4880/4645/5094 3984/5859/5097 5034/5860/5096
f 3967/4142/4591 3969/4148/4597 3970/4649/5098 4762/4554/5003
f 3968/4147/4596 3971/4153/4602 3972/4650/5099 3969/4148/4597
f 3969/4148/4597 3972/4650/5099 3973/4651/5100 3970/4649/5098
f 3970/4649/5098 4764/5735/5101 4763/4545/4994 4762/4554/5003
f 3970/4649/5098 3973/4651/5100 5194/5734/5102 4764/5735/5101
f 3971/4153/4602 3975/4158/4607 3976/4654/5103 3972/4650/5099
f 3972/4650/5099 3976/4654/5103 4972/4655/5104 3973/4651/5100
f 3973/4651/5100 4972/4655/5104 4975/5732/5105 5194/5734/5102
f 3974/4157/4606 3978/4162/4611 4967/4657/5106 3975/4158/4607
f 3975/4158/4607 4967/4657/5106 4969/4658/5107 3976/4654/5103
f 3976/4654/5103 4969/4658/5107 4971/4659/5108 4972/4655/5104
f 3977/4161/4610 3979/4165/4614 4965/4589/5038 3978/4162/4611
f 3978/4162/4611 4965/4589/5038 4966/4593/5042 4967/4657/5106
f 3980/4660/5109 4964/4607/5056 3989/4661/5110 4934/4662/5111
f 3980/4660/5109 4974/5731/5112 4973/4603/5052 4964/4607/5056
f 3980/4660/5109 3981/4664/5113 4975/4656/5105 4974/5731/5112
f 3980/4660/5109 4934/4662/5111 4935/4665/5114 3981/4664/5113
f 3981/4664/5113 4935/4665/5114 4937/4666/5115 3982/4667/5116
f 3981/4664/5113 3982/4667/5116 5194/4653/5102 4975/4656/5105
f 3982/4667/5116 4937/4666/5115 4939/4668/5117 5175/4669/5118
f 3982/4667/5116 5175/4669/5118 4768/4670/5119 5194/4653/5102
f 3983/4671/5120 5021/4672/5121 4770/4673/5122 4769/4674/5123
f 3983/4671/5120 1529/2663/2412 1530/2662/2411 5021/4672/5121
f 3983/4671/5120 5175/4669/5118 1528/2664/2413 1529/2663/2412
f 3983/4671/5120 4769/4674/5123 4768/4670/5119 5175/4669/5118
f 3984/5859/5097 4880/4645/5094 4844/4675/5124 3986/4676/5125
f 3984/5879/5097 3985/5878/5126 4851/4678/5127 5034/4647/5096
f 3984/4648/5097 3986/5858/5125 3987/4679/5128 3985/4677/5126
f 3985/5878/5126 4854/5877/5129 4852/4681/5130 4851/4678/5127
f 3985/4677/5126 3987/4679/5128 3988/4682/5131 4854/4680/5129
f 3986/4676/5125 4844/4675/5124 4846/4683/5132 3990/4684/5133
f 3986/5858/5125 3990/5857/5133 3991/4685/5134 3987/4679/5128
f 3987/4679/5128 3991/4685/5134 5104/4686/5135 3988/4682/5131
f 3988/4682/5131 5104/4686/5135 4934/4662/5111 3989/4661/5110
f 3988/4682/5131 3989/4661/5110 4855/5875/5136 4854/4680/5129
f 3989/4661/5110 4964/4607/5056 4963/5876/5055 4855/5875/5136
f 3990/5857/5133 3992/5856/5137 5105/4689/5138 3991/4685/5134
f 3990/4684/5133 4846/4683/5132 4848/4690/5139 3992/4688/5137
f 3991/4685/5134 5105/4689/5138 5106/4691/5140 5104/4686/5135
f 3992/5856/5137 5108/5855/5141 5109/4693/5142 5105/4689/5138
f 3992/4688/5137 4848/4690/5139 5107/4694/5143 5108/4692/5141
f 3993/3851/4300 3996/4695/5144 3997/4696/5145 3994/3849/4298
f 3993/3851/4300 4295/4254/4703 3995/4697/5146 3996/4695/5144
f 3994/3849/4298 3997/4696/5145 3998/3857/4306 5126/3850/4299
f 3995/4697/5146 4293/4259/4708 5125/4698/5147 4000/4699/5148
f 3995/4697/5146 4295/4254/4703 4294/4253/4702 4293/4259/4708
f 3995/4697/5146 4000/4699/5148 4001/4700/5149 3996/4695/5144
f 3996/4695/5144 4001/4700/5149 4002/4701/5150 3997/4696/5145
f 3997/4696/5145 4002/4701/5150 5135/4702/5151 3998/3857/4306
f 3998/3857/4306 5135/4702/5151 4259/4703/5152 3999/3855/4304
f 3999/3855/4304 4259/4703/5152 4260/3858/4307 5213/3856/4305
f 4000/4699/5148 4004/4704/5153 5134/4705/5154 4001/4700/5149
f 4000/4699/5148 5125/4698/5147 4003/4706/5155 4004/4704/5153
f 4001/4700/5149 5134/4705/5154 4261/4707/5156 4002/4701/5150
f 4002/4701/5150 4261/4707/5156 4262/4708/5157 5135/4702/5151
f 4003/4706/5155 5133/4709/5158 4265/4710/5159 4004/4704/5153
f 4003/4706/5155 4290/4711/5160 4005/4712/5161 5133/4709/5158
f 4003/4706/5155 5125/4698/5147 4291/4713/5162 4290/4711/5160
f 4004/4704/5153 4265/4710/5159 4266/4714/5163 5134/4705/5154
f 4005/4712/5161 4286/5998/5164 5216/5999/4496 4272/4046/4495
f 4005/4712/5161 4290/4711/5160 4287/4716/5165 4286/5998/5164
f 4005/4712/5161 4272/4046/4495 4273/4048/4497 5133/4709/5158
f 4006/5809/4905 4007/4455/4904 4470/4464/4913 4469/4717/5166
f 4006/4456/4905 5208/4559/5008 4008/4452/4901 4823/5810/4899
f 4006/4456/4905 4469/5804/5166 5132/4718/5167 5208/4559/5008
f 4008/4452/4901 5200/4561/5010 4822/4719/5168 4824/4453/4902
f 4009/4720/5169 4012/4721/5170 4566/4536/4985 4565/4535/4984
f 4009/4720/5169 4504/4722/5171 4011/4723/5172 4012/4721/5170
f 4009/4720/5169 1504/2715/2464 1503/2714/2463 4504/4722/5171
f 4009/4720/5169 4565/4535/4984 1566/2519/2268 1504/2715/2464
f 4010/4724/5173 4507/4725/5174 4013/4726/5175 4014/4727/5176
f 4010/4724/5173 4505/4728/5177 4506/4729/5178 4507/4725/5174
f 4010/4724/5173 4011/4723/5172 4504/4722/5171 4505/4728/5177
f 4010/4724/5173 4014/4727/5176 4015/4730/5179 4011/4723/5172
f 4011/4723/5172 4015/4730/5179 4016/4731/5180 4012/4721/5170
f 4012/4721/5170 4016/4731/5180 4567/4537/4986 4566/4536/4985
f 4013/4726/5175 4510/4732/5181 4017/4733/5182 4018/4734/5183
f 4013/4726/5175 4507/4725/5174 4509/4735/5184 4510/4732/5181
f 4013/4726/5175 4018/4734/5183 4019/4736/5185 4014/4727/5176
f 4014/4727/5176 4019/4736/5185 4020/4737/5186 4015/4730/5179
f 4015/4730/5179 4020/4737/5186 4021/4738/5187 4016/4731/5180
f 4016/4731/5180 4021/4738/5187 4568/4739/5188 4567/4537/4986
f 4017/4733/5182 4023/4740/5189 4024/4741/5190 4018/4734/5183
f 4017/4733/5182 4513/4742/5191 4022/4743/5192 4023/4740/5189
f 4017/4733/5182 4510/4732/5181 4512/4744/5193 4513/4742/5191
f 4018/4734/5183 4024/4741/5190 4025/4745/5194 4019/4736/5185
f 4019/4736/5185 4025/4745/5194 4026/4746/5195 4020/4737/5186
f 4020/4737/5186 4026/4746/5195 4027/4747/5196 4021/4738/5187
f 4021/4738/5187 4027/4747/5196 4569/4748/5197 4568/4739/5188
f 4022/4743/5192 4029/4749/5198 4030/4750/5199 4023/4740/5189
f 4022/4743/5192 4517/4751/5200 4028/4752/5201 4029/4749/5198
f 4022/4743/5192 4513/4742/5191 4516/4753/5202 4517/4751/5200
f 4023/4740/5189 4030/4750/5199 4031/4754/5203 4024/4741/5190
f 4024/4741/5190 4031/4754/5203 4032/4755/5204 4025/4745/5194
f 4025/4745/5194 4032/4755/5204 4033/4756/5205 4026/4746/5195
f 4026/4746/5195 4033/4756/5205 4034/4757/5206 4027/4747/5196
f 4027/4747/5196 4034/4757/5206 4570/4758/5207 4569/4748/5197
f 4028/4752/5201 4536/4759/5208 5160/4760/5209 4029/4749/5198
f 4028/4752/5201 5219/4761/5210 4251/4762/5211 4536/4759/5208
f 4028/4752/5201 4517/4751/5200 4521/4763/5212 5219/4761/5210
f 4029/4749/5198 5160/4760/5209 4035/4764/5213 4030/4750/5199
f 4030/4750/5199 4035/4764/5213 4036/4765/5214 4031/4754/5203
f 4031/4754/5203 4036/4765/5214 4037/4766/5215 4032/4755/5204
f 4032/4755/5204 4037/4766/5215 4038/4767/5216 4033/4756/5205
f 4033/4756/5205 4038/4767/5216 4039/4768/5217 4034/4757/5206
f 4034/4757/5206 4039/4768/5217 4571/4769/5218 4570/4758/5207
f 4035/4764/5213 4538/4770/5219 5161/4771/5220 4036/4765/5214
f 4035/4764/5213 5160/4760/5209 4537/4772/5221 4538/4770/5219
f 4036/4765/5214 5161/4771/5220 4040/4773/5222 4037/4766/5215
f 4037/4766/5215 4040/4773/5222 4041/4774/5223 4038/4767/5216
f 4038/4767/5216 4041/4774/5223 4042/4775/5224 4039/4768/5217
f 4039/4768/5217 4042/4775/5224 4572/4776/5225 4571/4769/5218
f 4040/4773/5222 4542/4777/5226 5162/4778/5227 4041/4774/5223
f 4040/4773/5222 5161/4771/5220 4541/4779/5228 4542/4777/5226
f 4041/4774/5223 5162/4778/5227 4043/4780/5229 4042/4775/5224
f 4042/4775/5224 4043/4780/5229 4573/4781/5230 4572/4776/5225
f 4043/4780/5229 4547/4782/5231 5173/4783/5232 4573/4781/5230
f 4043/4780/5229 5162/4778/5227 4546/4784/5233 4547/4782/5231
f 4044/4785/5234 4159/4786/5235 4045/4787/5236 4755/4788/5237
f 4044/4785/5234 4154/4789/5238 4153/4790/5239 4159/4786/5235
f 4044/4785/5234 5050/4791/5240 5170/4792/5241 4154/4789/5238
f 4044/4785/5234 4755/4788/5237 5051/4793/5242 5050/4791/5240
f 4045/4787/5236 4756/4794/5243 5158/4795/5244 4755/4788/5237
f 4045/4787/5236 5123/4796/5245 4047/4797/5246 4756/4794/5243
f 4045/4787/5236 4159/4786/5235 4158/4798/5247 5123/4796/5245
f 4046/4799/5248 4164/4800/5249 4048/4801/5250 4049/4802/5251
f 4046/4799/5248 4162/4803/5252 4161/4804/5253 4164/4800/5249
f 4046/4799/5248 4047/4797/5246 5123/4796/5245 4162/4803/5252
f 4046/4799/5248 4049/4802/5251 4050/3861/4310 4047/4797/5246
f 4047/4797/5246 4050/3861/4310 4757/3860/4309 4756/4794/5243
f 4048/4801/5250 4669/4805/5254 4051/4806/5255 4049/4802/5251
f 4048/4801/5250 5205/4807/5256 4671/4808/5257 4669/4805/5254
f 4048/4801/5250 4164/4800/5249 4163/4809/5258 5205/4807/5256
f 4049/4802/5251 4051/4806/5255 4758/3862/4311 4050/3861/4310
f 4051/4806/5255 4669/4805/5254 5189/4288/4737 4724/4810/5259
f 4051/4806/5255 4724/4810/5259 4759/3867/4316 4758/3862/4311
f 4052/4337/4786 4059/4336/4785 4060/4811/5260 4053/4302/4751
f 4052/4337/4786 4053/4302/4751 4337/4301/4750 4336/4338/4787
f 4053/4302/4751 4060/4811/5260 4061/4812/5261 4054/4303/4752
f 4054/4303/4752 4061/4812/5261 4062/4477/4926 4055/4308/4757
f 4056/4327/4776 4066/4345/4794 4067/4813/5262 4057/4330/4779
f 4057/4330/4779 4067/4813/5262 4068/4814/5263 4058/4333/4782
f 4058/4333/4782 4068/4814/5263 4069/4815/5264 4059/4336/4785
f 4059/4336/4785 4069/4815/5264 4070/4816/5265 4060/4811/5260
f 4060/4811/5260 4070/4816/5265 4071/4817/5266 4061/4812/5261
f 4061/4812/5261 4071/4817/5266 4072/4478/4927 4062/4477/4926
f 4063/4342/4791 4075/3968/4417 4076/3965/4414 4064/4343/4792
f 4064/4343/4792 4076/3965/4414 4077/3958/4407 4065/4344/4793
f 4065/4344/4793 4077/3958/4407 4078/3957/4406 4066/4345/4794
f 4066/4345/4794 4078/3957/4406 4079/3961/4410 4067/4813/5262
f 4067/4813/5262 4079/3961/4410 4080/4818/5267 4068/4814/5263
f 4068/4814/5263 4080/4818/5267 4081/4819/5268 4069/4815/5264
f 4069/4815/5264 4081/4819/5268 4082/4820/5269 4070/4816/5265
f 4070/4816/5265 4082/4820/5269 4083/4821/5270 4071/4817/5266
f 4071/4817/5266 4083/4821/5270 4084/4480/4929 4072/4478/4927
f 4079/3961/4410 5124/3960/4409 4086/4462/4911 4080/4818/5267
f 4080/4818/5267 4086/4462/4911 4087/4461/4910 4081/4819/5268
f 4081/4819/5268 4087/4461/4910 4088/4460/4909 4082/4820/5269
f 4082/4820/5269 4088/4460/4909 4089/4459/4908 4083/4821/5270
f 4083/4821/5270 4089/4459/4908 4090/4458/4907 4084/4480/4929
f 4084/4480/4929 4090/4458/4907 4091/4457/4906 4085/4481/4930
f 4092/4822/5271 4102/4823/5272 4103/4824/5273 4104/4825/5274
f 4092/4822/5271 5165/4826/5275 5164/4827/5276 4102/4823/5272
f 4092/4822/5271 4093/4828/5277 5166/4829/5278 5165/4826/5275
f 4092/4822/5271 4104/4825/5274 4105/4830/5279 4093/4828/5277
f 4093/4828/5277 4105/4830/5279 4096/4831/5280 4094/4832/5281
f 4093/4828/5277 4094/4832/5281 5167/4833/5282 5166/4829/5278
f 4094/4832/5281 4096/4831/5280 4097/4834/5283 4095/4835/5284
f 4094/4832/5281 4095/4835/5284 5184/4836/5285 5167/4833/5282
f 4095/4835/5284 4097/4834/5283 4098/4837/5286 4188/4838/5287
f 4095/4835/5284 4188/4838/5287 4878/4839/5288 5184/4836/5285
f 4096/4831/5280 4109/4840/5289 4099/4841/5290 4097/4834/5283
f 4096/4831/5280 4105/4830/5279 4108/4842/5291 4109/4840/5289
f 4097/4834/5283 4099/4841/5290 4100/4843/5292 4098/4837/5286
f 4098/4837/5286 4190/4844/5293 4879/4845/5294 4188/4838/5287
f 4098/4837/5286 4100/4843/5292 4189/4846/5295 4190/4844/5293
f 4099/4841/5290 4109/4840/5289 4113/4847/5296 4114/4848/5297
f 4099/4841/5290 4114/4848/5297 4115/4849/5298 4100/4843/5292
f 4100/4843/5292 4115/4849/5298 4101/4850/5299 4189/4846/5295
f 4101/4850/5299 4121/4851/5300 5186/4852/5301 4191/4853/5302
f 4101/4850/5299 4115/4849/5298 4120/4854/5303 4121/4851/5300
f 4101/4850/5299 4191/4853/5302 4192/4855/5304 4189/4846/5295
f 4102/4823/5272 4602/4856/5305 4603/4857/5306 4103/4824/5273
f 4102/4823/5272 5164/4827/5276 5180/4858/5307 4602/4856/5305
f 4103/4824/5273 4106/4859/5308 4107/4860/5309 4104/4825/5274
f 4103/4824/5273 4603/4857/5306 4605/4861/5310 4106/4859/5308
f 4104/4825/5274 4107/4860/5309 4108/4842/5291 4105/4830/5279
f 4106/4859/5308 4605/4861/5310 4607/4862/5311 4110/4863/5312
f 4106/4859/5308 4110/4863/5312 4111/4864/5313 4107/4860/5309
f 4107/4860/5309 4111/4864/5313 4112/4865/5314 4108/4842/5291
f 4108/4842/5291 4112/4865/5314 4113/4847/5296 4109/4840/5289
f 4110/4863/5312 4607/4862/5311 4610/4866/5315 4611/4867/5316
f 4110/4863/5312 4611/4867/5316 4116/4868/5317 4111/4864/5313
f 4111/4864/5313 4116/4868/5317 4117/4869/5318 4112/4865/5314
f 4112/4865/5314 4117/4869/5318 4118/4870/5319 4113/4847/5296
f 4113/4847/5296 4118/4870/5319 4119/4871/5320 4114/4848/5297
f 4114/4848/5297 4119/4871/5320 4120/4854/5303 4115/4849/5298
f 4116/4868/5317 4122/4872/5321 4123/4873/5322 4117/4869/5318
f 4116/4868/5317 4611/4867/5316 4615/4874/5323 4122/4872/5321
f 4117/4869/5318 4123/4873/5322 4124/4875/5324 4118/4870/5319
f 4118/4870/5319 4124/4875/5324 4125/4876/5325 4119/4871/5320
f 4119/4871/5320 4125/4876/5325 4126/4877/5326 4120/4854/5303
f 4120/4854/5303 4126/4877/5326 4127/4878/5327 4121/4851/5300
f 4121/4851/5300 4127/4878/5327 5163/4879/5328 5186/4852/5301
f 4122/4872/5321 4128/4880/5329 4129/4881/5330 4123/4873/5322
f 4122/4872/5321 4615/4874/5323 4620/4882/5331 4128/4880/5329
f 4123/4873/5322 4129/4881/5330 4130/4883/5332 4124/4875/5324
f 4124/4875/5324 4130/4883/5332 4131/4884/5333 4125/4876/5325
f 4125/4876/5325 4131/4884/5333 4132/4885/5334 4126/4877/5326
f 4126/4877/5326 4132/4885/5334 4529/4886/5335 4127/4878/5327
f 4127/4878/5327 4529/4886/5335 5219/4761/5210 5163/4879/5328
f 4128/4880/5329 4620/4882/5331 4625/4887/5336 4133/4888/5337
f 4128/4880/5329 4133/4888/5337 4134/4889/5338 4129/4881/5330
f 4129/4881/5330 4134/4889/5338 4135/4890/5339 4130/4883/5332
f 4130/4883/5332 4135/4890/5339 4136/4891/5340 4131/4884/5333
f 4131/4884/5333 4136/4891/5340 4528/4892/5341 4132/4885/5334
f 4132/4885/5334 4528/4892/5341 4530/4893/5342 4529/4886/5335
f 4133/4888/5337 4625/4887/5336 4629/4894/5343 4137/4895/5344
f 4133/4888/5337 4137/4895/5344 4138/4896/5345 4134/4889/5338
f 4134/4889/5338 4138/4896/5345 4139/4897/5346 4135/4890/5339
f 4135/4890/5339 4139/4897/5346 4527/4898/5347 4136/4891/5340
f 4136/4891/5340 4527/4898/5347 4531/4899/5348 4528/4892/5341
f 4137/4895/5344 4629/4894/5343 4631/4900/5349 4632/4901/5350
f 4137/4895/5344 4632/4901/5350 4140/4902/5351 4138/4896/5345
f 4138/4896/5345 4140/4902/5351 4141/4903/5352 4139/4897/5346
f 4139/4897/5346 4141/4903/5352 4532/4904/5353 4527/4898/5347
f 4140/4902/5351 4142/4354/4803 4534/4353/4802 4141/4903/5352
f 4140/4902/5351 4632/4901/5350 4633/4356/4805 4142/4354/4803
f 4141/4903/5352 4534/4353/4802 4535/4352/4801 4532/4904/5353
f 4143/4905/5354 5088/4906/5355 5087/4907/5356 4861/4908/5357
f 4143/4905/5354 5026/4909/5358 5032/4910/5359 5088/4906/5355
f 4143/4905/5354 5022/4911/5360 5215/4912/5361 5026/4909/5358
f 4143/4905/5354 4861/4908/5357 4862/4913/5362 5022/4911/5360
f 4144/4914/5363 4145/4915/5364 5120/4916/5365 5174/4917/5366
f 4144/4914/5363 1534/2911/2660 1535/2910/2659 4145/4915/5364
f 4144/4914/5363 4146/4918/5367 1567/2912/2661 1534/2911/2660
f 4144/4914/5363 5174/4917/5366 4149/4919/5368 4146/4918/5367
f 4145/4915/5364 1535/2910/2659 1536/2916/2665 4165/4920/5369
f 4145/4915/5364 4165/4920/5369 5121/4921/5370 5120/4916/5365
f 4146/4918/5367 4149/4919/5368 4150/4922/5371 4147/4923/5372
f 4146/4918/5367 4147/4923/5372 1568/2920/2669 1567/2912/2661
f 4147/4923/5372 4150/4922/5371 4151/4924/5373 4148/4925/5374
f 4147/4923/5372 4148/4925/5374 1569/2923/2672 1568/2920/2669
f 4148/4925/5374 4725/4926/5375 1570/2924/2673 1569/2923/2672
f 4148/4925/5374 4151/4924/5373 4152/4927/5376 4725/4926/5375
f 4149/4919/5368 4155/4928/5377 4156/4929/5378 4150/4922/5371
f 4149/4919/5368 5174/4917/5366 5120/4916/5365 4155/4928/5377
f 4150/4922/5371 4156/4929/5378 4157/4930/5379 4151/4924/5373
f 4151/4924/5373 4157/4930/5379 4158/4798/5247 4152/4927/5376
f 4152/4927/5376 4158/4798/5247 4159/4786/5235 4153/4790/5239
f 4152/4927/5376 4153/4790/5239 4726/4931/5380 4725/4926/5375
f 4153/4790/5239 4154/4789/5238 4727/4932/5381 4726/4931/5380
f 4154/4789/5238 5170/4792/5241 4728/4933/5382 4727/4932/5381
f 4155/4928/5377 4160/4934/5383 4161/4804/5253 4156/4929/5378
f 4155/4928/5377 5120/4916/5365 5121/4921/5370 4160/4934/5383
f 4156/4929/5378 4161/4804/5253 4162/4803/5252 4157/4930/5379
f 4157/4930/5379 4162/4803/5252 5123/4796/5245 4158/4798/5247
f 4160/4934/5383 4163/4809/5258 4164/4800/5249 4161/4804/5253
f 4160/4934/5383 5121/4921/5370 5122/4935/5384 4163/4809/5258
f 4163/4809/5258 5122/4935/5384 5181/4936/5385 5205/4807/5256
f 4165/4920/5369 1536/2916/2665 1537/2937/2686 4166/4937/5386
f 4165/4920/5369 4166/4937/5386 5122/4935/5384 5121/4921/5370
f 4166/4937/5386 4167/4938/5387 5181/4936/5385 5122/4935/5384
f 4166/4937/5386 1537/2937/2686 1538/2939/2688 4167/4938/5387
f 4167/4938/5387 4168/4939/5388 5205/4807/5256 5181/4936/5385
f 4167/4938/5387 1538/2939/2688 1539/2941/2690 4168/4939/5388
f 4168/4939/5388 4670/4940/5389 4671/4808/5257 5205/4807/5256
f 4168/4939/5388 1539/2941/2690 1540/2943/2692 4670/4940/5389
f 4169/4941/5390 4524/4942/5391 4170/4943/5392 4171/4944/5393
f 4169/4941/5390 4521/4763/5212 4520/4945/5394 4524/4942/5391
f 4169/4941/5390 5163/4879/5328 5219/4761/5210 4521/4763/5212
f 4169/4941/5390 4171/4944/5393 5186/4852/5301 5163/4879/5328
f 4170/4943/5392 4684/5922/5395 4685/5921/5396 4171/4944/5393
f 4170/4943/5392 4526/4948/5397 4683/5917/5398 4684/5922/5395
f 4170/4943/5392 4524/4942/5391 4523/4950/5399 4526/4948/5397
f 4171/4944/5393 4685/5921/5396 4750/5919/5400 5186/4852/5301
f 4173/4550/4999 4177/4026/4475 4178/4028/4477 4174/4553/5002
f 4174/4553/5002 4178/4028/4477 4179/4570/5019 4175/4563/5012
f 4178/4028/4477 4180/4027/4476 4181/4036/4485 4179/4570/5019
f 4184/5920/5401 4186/4953/5402 4863/4954/5403 4185/4955/5404
f 4184/5920/5401 4750/4951/5400 4751/4956/5405 4186/4953/5402
f 4184/4952/5401 4191/4853/5302 5186/4852/5301 4750/5919/5400
f 4184/4952/5401 4185/5918/5404 4192/4855/5304 4191/4853/5302
f 4185/4955/5404 4863/4954/5403 4864/4957/5406 4644/4958/5407
f 4185/5918/5404 4644/5916/5407 4928/4959/5408 4192/4855/5304
f 4186/4953/5402 4187/4960/5409 4865/4961/5410 4863/4954/5403
f 4186/4953/5402 4751/4956/5405 4752/4962/5411 4187/4960/5409
f 4187/4960/5409 4867/4963/5412 4868/4964/5413 4865/4961/5410
f 4187/4960/5409 4752/4962/5411 4753/4965/5414 4867/4963/5412
f 4188/4838/5287 4879/4845/5294 4927/4966/5415 4878/4839/5288
f 4189/4846/5295 4192/4855/5304 4928/4959/5408 4190/4844/5293
f 4190/4844/5293 4928/4959/5408 4929/4967/5416 4879/4845/5294
f 4193/3892/4341 4194/3900/4349 4236/4968/5417 4238/4969/5418
f 4193/3892/4341 4238/4969/5418 4229/3891/4340 5220/3890/4339
f 4194/3900/4349 4195/3909/4358 4234/4970/5419 4236/4968/5417
f 4195/3909/4358 4196/3915/4364 4232/4971/5420 4234/4970/5419
f 4196/3915/4364 4197/3920/4369 4230/4972/5421 4232/4971/5420
f 4197/3920/4369 4198/3924/4373 4199/4082/4531 4230/4972/5421
f 4198/3924/4373 4414/3926/4375 4415/4080/4529 4199/4082/4531
f 4199/4082/4531 4201/4079/4528 4205/4973/5422 4230/4972/5421
f 4200/4076/4525 4204/4092/4541 4205/4973/5422 4201/4079/4528
f 4202/4090/4539 4208/4100/4549 4209/4974/5423 4203/4091/4540
f 4203/4091/4540 4209/4974/5423 4210/4975/5424 4204/4092/4541
f 4204/4092/4541 4210/4975/5424 4231/4976/5425 4205/4973/5422
f 4205/4973/5422 4231/4976/5425 4232/4971/5420 4230/4972/5421
f 4206/4098/4547 4213/4106/4555 4214/4977/5426 4207/4099/4548
f 4207/4099/4548 4214/4977/5426 4215/4978/5427 4208/4100/4549
f 4208/4100/4549 4215/4978/5427 4216/4979/5428 4209/4974/5423
f 4209/4974/5423 4216/4979/5428 4217/4980/5429 4210/4975/5424
f 4210/4975/5424 4217/4980/5429 4233/4981/5430 4231/4976/5425
f 4211/4104/4553 4219/4110/4559 4220/4220/4669 4212/4105/4554
f 4212/4105/4554 4220/4220/4669 4221/4223/4672 4213/4106/4555
f 4213/4106/4555 4221/4223/4672 4222/4225/4674 4214/4977/5426
f 4214/4977/5426 4222/4225/4674 4223/4228/4677 4215/4978/5427
f 4215/4978/5427 4223/4228/4677 4224/4231/4680 4216/4979/5428
f 4216/4979/5428 4224/4231/4680 4225/4234/4683 4217/4980/5429
f 4217/4980/5429 4225/4234/4683 4235/4982/5431 4233/4981/5430
f 4225/4234/4683 5197/4233/4682 4237/4235/4684 4235/4982/5431
f 4226/4232/4681 4229/3891/4340 4238/4969/5418 4237/4235/4684
f 4231/4976/5425 4233/4981/5430 4234/4970/5419 4232/4971/5420
f 4233/4981/5430 4235/4982/5431 4236/4968/5417 4234/4970/5419
f 4235/4982/5431 4237/4235/4684 4238/4969/5418 4236/4968/5417
f 4239/4983/5432 4442/5991/5433 4440/4985/5434 4242/4986/5435
f 4239/5997/5432 4818/4987/5436 4659/4988/5437 4442/4984/5433
f 4239/5997/5432 4240/5996/5438 4819/4990/5439 4818/4987/5436
f 4239/4983/5432 4242/4986/5435 4243/4991/5440 4240/4989/5438
f 4240/5996/5438 4241/4113/4562 4820/4992/5441 4819/4990/5439
f 4240/4989/5438 4243/4991/5440 4244/4111/4560 4241/5995/4562
f 4241/4113/4562 5216/6038/4496 4639/6033/5442 4820/4992/5441
f 4242/4986/5435 4440/4985/5434 4438/3923/4372 4437/4994/5443
f 4242/4986/5435 4437/4994/5443 4245/4995/5444 4243/4991/5440
f 4243/4991/5440 4245/4995/5444 4246/4112/4561 4244/4111/4560
f 4245/4995/5444 4247/4996/5445 4248/4114/4563 4246/4112/4561
f 4245/4995/5444 4437/4994/5443 4435/3918/4367 4247/4996/5445
f 4247/4996/5445 4435/3918/4367 4434/3910/4359 4433/3912/4361
f 4247/4996/5445 4433/3912/4361 4249/4115/4564 4248/4114/4563
f 4249/4115/4564 4433/3912/4361 4432/3901/4350 4250/3904/4353
f 4251/4762/5211 4253/4997/5446 4549/4998/5447 4536/4759/5208
f 4251/4762/5211 4530/4893/5342 4252/4999/5448 4253/4997/5446
f 4251/4762/5211 5219/4761/5210 4529/4886/5335 4530/4893/5342
f 4252/4999/5448 4531/4899/5348 4533/5000/5449 4254/5001/5450
f 4252/4999/5448 4530/4893/5342 4528/4892/5341 4531/4899/5348
f 4252/4999/5448 4254/5001/5450 4255/4347/4796 4253/4997/5446
f 4253/4997/5446 4255/4347/4796 4550/4346/4795 4549/4998/5447
f 4254/5001/5450 4257/4207/4656 4258/4206/4655 4255/4347/4796
f 4254/5001/5450 4533/5000/5449 4256/4349/4798 4257/4207/4656
f 4256/4349/4798 4533/5000/5449 4532/4904/5353 4535/4352/4801
f 4259/4703/5152 4263/5002/5451 4264/4633/5082 4260/3858/4307
f 4259/4703/5152 5135/4702/5151 4262/4708/5157 4263/5002/5451
f 4261/4707/5156 4267/5003/5452 4268/5004/5453 4262/4708/5157
f 4261/4707/5156 5134/4705/5154 4266/4714/5163 4267/5003/5452
f 4262/4708/5157 4268/5004/5453 4269/5005/5454 4263/5002/5451
f 4263/5002/5451 4269/5005/5454 4270/5006/5455 4264/4633/5082
f 4264/4633/5082 4270/5006/5455 4271/4632/5081 4421/4631/5080
f 4265/4710/5159 4274/4051/4500 4275/4053/4502 4266/4714/5163
f 4265/4710/5159 5133/4709/5158 4273/4048/4497 4274/4051/4500
f 4266/4714/5163 4275/4053/4502 4276/4056/4505 4267/5003/5452
f 4267/5003/5452 4276/4056/4505 4277/4059/4508 4268/5004/5453
f 4268/5004/5453 4277/4059/4508 4278/5007/5456 4269/5005/5454
f 4269/5005/5454 4278/5007/5456 4279/5008/5457 4270/5006/5455
f 4270/5006/5455 4279/5008/5457 4280/5009/5458 4271/4632/5081
f 4271/4632/5081 4280/5009/5458 4419/4630/5079 4420/4629/5078
f 4277/4059/4508 4281/4058/4507 4282/4070/4519 4278/5007/5456
f 4278/5007/5456 4282/4070/4519 4283/4073/4522 4279/5008/5457
f 4279/5008/5457 4283/4073/4522 4284/4075/4524 4280/5009/5458
f 4280/5009/5458 4284/4075/4524 4285/4078/4527 4419/4630/5079
f 4285/4078/4527 4417/4081/4530 4418/4625/5074 4419/4630/5079
f 4286/4715/5164 4287/5994/5165 4641/5010/5459 4640/5011/5460
f 4286/4715/5164 4640/5011/5460 4639/4993/5442 5216/4047/4496
f 4287/5994/5165 4288/5992/5461 4642/5013/5462 4641/5010/5459
f 4287/4716/5165 4290/4711/5160 4291/4713/5162 4288/5012/5461
f 4288/5012/5461 4291/4713/5162 4292/4258/4707 4289/5993/4706
f 4288/5992/5461 4289/4257/4706 4488/4256/4705 4642/5013/5462
f 4291/4713/5162 5125/4698/5147 4293/4259/4708 4292/4258/4707
f 4296/5014/5463 5031/5853/5464 5108/4692/5141 5107/4694/5143
f 4296/5014/5463 1605/3020/2769 1606/5854/2768 5031/5853/5464
f 4296/5014/5463 5204/5016/5465 1610/3021/2770 1605/3020/2769
f 4296/5014/5463 5107/4694/5143 5025/5017/5466 5204/5016/5465
f 4297/5018/5467 5204/5016/5465 4927/4966/5415 4930/5019/5468
f 4297/5018/5467 1609/3026/2775 1610/3021/2770 5204/5016/5465
f 4297/5018/5467 4298/5020/5469 1599/3027/2776 1609/3026/2775
f 4297/5018/5467 4930/5019/5468 5171/5914/5470 4298/5020/5469
f 4298/5020/5469 4723/5022/5471 1490/3030/2779 1599/3027/2776
f 4298/5020/5469 5171/5914/5470 4884/5910/5472 4723/5022/5471
f 4299/5024/5473 4301/5025/5474 4423/4489/4938 4422/4488/4937
f 4299/5024/5473 4338/5026/5475 4300/5027/5476 4301/5025/5474
f 4299/5024/5473 1505/3038/2787 1506/3037/2786 4338/5026/5475
f 4299/5024/5473 4422/4488/4937 1489/2462/2211 1505/3038/2787
f 4300/5027/5476 4303/5028/5477 4304/5029/5478 4301/5025/5474
f 4300/5027/5476 4340/5030/5479 4302/5031/5480 4303/5028/5477
f 4300/5027/5476 4338/5026/5475 4368/5032/5481 4340/5030/5479
f 4301/5025/5474 4304/5029/5478 4305/5033/5482 4423/4489/4938
f 4302/5031/5480 4308/5034/5483 4309/5035/5484 4303/5028/5477
f 4302/5031/5480 4343/5036/5485 4307/5037/5486 4308/5034/5483
f 4302/5031/5480 4340/5030/5479 4339/5038/5487 4343/5036/5485
f 4303/5028/5477 4309/5035/5484 4310/5039/5488 4304/5029/5478
f 4304/5029/5478 4310/5039/5488 4311/5040/5489 4305/5033/5482
f 4305/5033/5482 4311/5040/5489 4427/5041/5490 4425/4487/4936
f 4305/5033/5482 4425/4487/4936 4424/4486/4935 4423/4489/4938
f 4306/5042/5491 4346/5043/5492 4312/5044/5493 4313/5045/5494
f 4306/5042/5491 4342/5046/5495 4341/5047/5496 4346/5043/5492
f 4306/5042/5491 4307/5037/5486 4343/5036/5485 4342/5046/5495
f 4306/5042/5491 4313/5045/5494 4314/5048/5497 4307/5037/5486
f 4307/5037/5486 4314/5048/5497 4315/5049/5498 4308/5034/5483
f 4308/5034/5483 4315/5049/5498 4316/5050/5499 4309/5035/5484
f 4309/5035/5484 4316/5050/5499 4317/5051/5500 4310/5039/5488
f 4310/5039/5488 4317/5051/5500 4318/5052/5501 4311/5040/5489
f 4311/5040/5489 4318/5052/5501 4319/5053/5502 4427/5041/5490
f 4312/5044/5493 4350/5054/5503 4320/5055/5504 4321/5056/5505
f 4312/5044/5493 4346/5043/5492 4345/5057/5506 4350/5054/5503
f 4312/5044/5493 4321/5056/5505 4322/5058/5507 4313/5045/5494
f 4313/5045/5494 4322/5058/5507 4323/5059/5508 4314/5048/5497
f 4314/5048/5497 4323/5059/5508 4324/5060/5509 4315/5049/5498
f 4315/5049/5498 4324/5060/5509 4325/5061/5510 4316/5050/5499
f 4316/5050/5499 4325/5061/5510 4326/5062/5511 4317/5051/5500
f 4317/5051/5500 4326/5062/5511 4327/4305/4754 4318/5052/5501
f 4318/5052/5501 4327/4305/4754 4328/4304/4753 4319/5053/5502
f 4319/5053/5502 4429/4466/4915 4428/4469/4918 4427/5041/5490
f 4319/5053/5502 4328/4304/4753 4430/4307/4756 4429/4466/4915
f 4320/5055/5504 4353/5063/5512 4329/4316/4765 4330/4319/4768
f 4320/5055/5504 4350/5054/5503 4349/5064/5513 4353/5063/5512
f 4320/5055/5504 4330/4319/4768 4331/4322/4771 4321/5056/5505
f 4321/5056/5505 4331/4322/4771 4332/4325/4774 4322/5058/5507
f 4322/5058/5507 4332/4325/4774 4333/4329/4778 4323/5059/5508
f 4323/5059/5508 4333/4329/4778 4334/4332/4781 4324/5060/5509
f 4324/5060/5509 4334/4332/4781 4335/4335/4784 4325/5061/5510
f 4325/5061/5510 4335/4335/4784 4336/4338/4787 4326/5062/5511
f 4326/5062/5511 4336/4338/4787 4337/4301/4750 4327/4305/4754
f 4329/4316/4765 4353/5063/5512 4352/5065/5514 4354/4313/4762
f 4338/5026/5475 1506/3037/2786 1507/3077/2826 4368/5032/5481
f 4339/5038/5487 4371/5066/5515 4342/5046/5495 4343/5036/5485
f 4339/5038/5487 4369/5067/5516 4370/5068/5517 4371/5066/5515
f 4339/5038/5487 4340/5030/5479 4368/5032/5481 4369/5067/5516
f 4341/5047/5496 4376/5069/5518 4345/5057/5506 4346/5043/5492
f 4341/5047/5496 4373/5070/5519 4375/5071/5520 4376/5069/5518
f 4341/5047/5496 4342/5046/5495 4371/5066/5515 4373/5070/5519
f 4344/5072/5521 4349/5064/5513 4350/5054/5503 4345/5057/5506
f 4344/5072/5521 4383/5073/5522 4348/5074/5523 4349/5064/5513
f 4344/5072/5521 4379/5075/5524 4382/5076/5525 4383/5073/5522
f 4344/5072/5521 4345/5057/5506 4376/5069/5518 4379/5075/5524
f 4347/5077/5526 4351/5078/5527 4352/5065/5514 4348/5074/5523
f 4347/5077/5526 5217/5079/5528 4447/5080/5529 4351/5078/5527
f 4347/5077/5526 4387/5081/5530 4391/5082/5531 5217/5079/5528
f 4347/5077/5526 4348/5074/5523 4383/5073/5522 4387/5081/5530
f 4348/5074/5523 4352/5065/5514 4353/5063/5512 4349/5064/5513
f 4351/5078/5527 4447/5080/5529 4448/5083/5532 4443/4314/4763
f 4351/5078/5527 4443/4314/4763 4354/4313/4762 4352/5065/5514
f 4356/3782/4231 4360/3792/4241 4361/5084/5533 4357/3787/4236
f 4357/3787/4236 4361/5084/5533 4362/4463/4912 4358/3981/4430
f 4359/3790/4239 4364/3797/4246 4365/5085/5534 4360/3792/4241
f 4360/3792/4241 4365/5085/5534 4468/5086/5535 4361/5084/5533
f 4361/5084/5533 4468/5086/5535 4470/4464/4913 4362/4463/4912
f 4363/3795/4244 4367/5808/4251 4465/5807/5536 4364/3797/4246
f 4364/3797/4246 4465/5807/5536 4466/5806/5537 4365/5085/5534
f 4365/5085/5534 4466/5806/5537 4467/5805/5538 4468/5086/5535
f 4366/3800/4249 5127/3804/4253 5128/5090/5539 4367/3802/4251
f 4367/3802/4251 5128/5090/5539 5129/5091/5540 4465/5087/5536
f 4368/5032/5481 1507/3077/2826 1508/3104/2853 4369/5067/5516
f 4369/5067/5516 1508/3104/2853 1509/3105/2854 4370/5068/5517
f 4370/5068/5517 4372/5092/5541 4373/5070/5519 4371/5066/5515
f 4370/5068/5517 1509/3105/2854 1510/3107/2856 4372/5092/5541
f 4372/5092/5541 4374/5093/5542 4375/5071/5520 4373/5070/5519
f 4372/5092/5541 1510/3107/2856 1511/3109/2858 4374/5093/5542
f 4374/5093/5542 4377/5094/5543 4378/5095/5544 4375/5071/5520
f 4374/5093/5542 1511/3109/2858 1512/3112/2861 4377/5094/5543
f 4375/5071/5520 4378/5095/5544 4379/5075/5524 4376/5069/5518
f 4377/5094/5543 4380/5096/5545 4381/5097/5546 4378/5095/5544
f 4377/5094/5543 1512/3112/2861 1513/3115/2864 4380/5096/5545
f 4378/5095/5544 4381/5097/5546 4382/5076/5525 4379/5075/5524
f 4380/5096/5545 4384/5098/5547 4385/5099/5548 4381/5097/5546
f 4380/5096/5545 1513/3115/2864 1514/3118/2867 4384/5098/5547
f 4381/5097/5546 4385/5099/5548 4386/5100/5549 4382/5076/5525
f 4382/5076/5525 4386/5100/5549 4387/5081/5530 4383/5073/5522
f 4384/5098/5547 4388/5101/5550 4389/5102/5551 4385/5099/5548
f 4384/5098/5547 1514/3118/2867 1515/3122/2871 4388/5101/5550
f 4385/5099/5548 4389/5102/5551 4390/5103/5552 4386/5100/5549
f 4386/5100/5549 4390/5103/5552 4391/5082/5531 4387/5081/5530
f 4388/5101/5550 4392/5104/5553 4393/5105/5554 4389/5102/5551
f 4388/5101/5550 1515/3122/2871 1516/3126/2875 4392/5104/5553
f 4389/5102/5551 4393/5105/5554 4394/5106/5555 4390/5103/5552
f 4390/5103/5552 4394/5106/5555 4395/5107/5556 4391/5082/5531
f 4391/5082/5531 4395/5107/5556 4447/5080/5529 5217/5079/5528
f 4392/5104/5553 4396/5108/5557 4397/5109/5558 4393/5105/5554
f 4392/5104/5553 1516/3126/2875 1517/3131/2880 4396/5108/5557
f 4393/5105/5554 4397/5109/5558 4398/5110/5559 4394/5106/5555
f 4394/5106/5555 4398/5110/5559 4399/5111/5560 4395/5107/5556
f 4395/5107/5556 4399/5111/5560 4448/5083/5532 4447/5080/5529
f 4396/5108/5557 4400/5112/5561 4401/5113/5562 4397/5109/5558
f 4396/5108/5557 1517/3131/2880 1518/3136/2885 4400/5112/5561
f 4397/5109/5558 4401/5113/5562 4402/5114/5563 4398/5110/5559
f 4398/5110/5559 4402/5114/5563 4449/5115/5564 4399/5111/5560
f 4399/5111/5560 4449/5115/5564 4450/5116/5565 4448/5083/5532
f 4400/5112/5561 4403/5117/5566 4404/5118/5567 4401/5113/5562
f 4400/5112/5561 1518/3136/2885 1519/3142/2891 4403/5117/5566
f 4401/5113/5562 4404/5118/5567 4405/5119/5568 4402/5114/5563
f 4402/5114/5563 4405/5119/5568 4451/5120/5569 4449/5115/5564
f 4403/5117/5566 4406/5121/5570 4407/5122/5571 4404/5118/5567
f 4403/5117/5566 1519/3142/2891 1520/3147/2896 4406/5121/5570
f 4404/5118/5567 4407/5122/5571 4453/5123/5572 4405/5119/5568
f 4405/5119/5568 4453/5123/5572 4454/5124/5573 4451/5120/5569
f 4406/5121/5570 4408/5125/5574 4409/5126/5575 4407/5122/5571
f 4406/5121/5570 1520/3147/2896 1521/3152/2901 4408/5125/5574
f 4407/5122/5571 4409/5126/5575 4456/5127/5576 4453/5123/5572
f 4408/5125/5574 4410/5128/5577 4411/5129/5578 4409/5126/5575
f 4408/5125/5574 1521/3152/2901 1522/3156/2905 4410/5128/5577
f 4409/5126/5575 4411/5129/5578 4459/3791/4240 4456/5127/5576
f 4410/5128/5577 4412/5130/5579 4461/3796/4245 4411/5129/5578
f 4410/5128/5577 1522/3156/2905 1523/3158/2907 4412/5130/5579
f 4411/5129/5578 4461/3796/4245 4462/3788/4237 4459/3791/4240
f 4412/5130/5579 4413/3801/4250 4463/3793/4242 4461/3796/4245
f 4412/5130/5579 1523/3158/2907 1524/3159/2908 4413/3801/4250
f 4413/3801/4250 1524/3159/2908 1525/1735/1484 4464/3798/4247
f 4414/3926/4375 4416/4617/5066 4417/4081/4530 4415/4080/4529
f 4425/4487/4936 4427/5041/5490 4428/4469/4918 4426/4483/4932
f 4435/3918/4367 4437/4994/5443 4438/3923/4372 4436/3916/4365
f 4438/3923/4372 4440/4985/5434 4441/3927/4376 4439/3921/4370
f 4440/4985/5434 4442/5991/5433 4660/5990/5580 4441/3927/4376
f 4441/3927/4376 4660/5990/5580 4780/4612/5061 5193/3925/4374
f 4442/4984/5433 4659/4988/5437 4658/5132/5581 4660/5131/5580
f 4443/4314/4763 4448/5083/5532 4450/5116/5565 4444/4310/4759
f 4444/4310/4759 4450/5116/5565 4452/5133/5582 4445/4311/4760
f 4445/4311/4760 4452/5133/5582 4455/5134/5583 4446/4339/4788
f 4446/4339/4788 4455/5134/5583 4458/3783/4232 5209/3786/4235
f 4449/5115/5564 4451/5120/5569 4452/5133/5582 4450/5116/5565
f 4451/5120/5569 4454/5124/5573 4455/5134/5583 4452/5133/5582
f 4453/5123/5572 4456/5127/5576 4457/3784/4233 4454/5124/5573
f 4454/5124/5573 4457/3784/4233 4458/3783/4232 4455/5134/5583
f 4456/5127/5576 4459/3791/4240 4460/3780/4229 4457/3784/4233
f 4465/5087/5536 5129/5091/5540 5130/5135/5584 4466/5088/5537
f 4466/5088/5537 5130/5135/5584 5131/5136/5585 4467/5089/5538
f 4467/5805/5538 4469/4717/5166 4470/4464/4913 4468/5086/5535
f 4467/5089/5538 5131/5136/5585 5132/4718/5167 4469/5804/5166
f 4471/5777/5586 5012/5138/5587 5011/5139/5588 5010/4560/5009
f 4471/5777/5586 4472/5776/5589 4473/5141/5590 5012/5138/5587
f 4471/5137/5586 5132/4718/5167 5131/5136/5585 4472/5140/5589
f 4471/5137/5586 5010/5778/5009 5208/4559/5008 5132/4718/5167
f 4472/5776/5589 4475/5775/5591 4476/5143/5592 4473/5141/5590
f 4472/5140/5589 5131/5136/5585 5130/5135/5584 4475/5142/5591
f 4473/5141/5590 4476/5143/5592 4477/5144/5593 4474/5145/5594
f 4473/5141/5590 4474/5145/5594 5013/5146/5595 5012/5138/5587
f 4474/5145/5594 5014/5147/5596 4804/5148/5597 5013/5146/5595
f 4474/5145/5594 4477/5144/5593 4478/5149/5598 5014/5147/5596
f 4475/5775/5591 4479/5774/5599 4480/5151/5600 4476/5143/5592
f 4475/5142/5591 5130/5135/5584 5129/5091/5540 4479/5150/5599
f 4476/5143/5592 4480/5151/5600 4481/5152/5601 4477/5144/5593
f 4477/5144/5593 4481/5152/5601 4482/5153/5602 4478/5149/5598
f 4478/5149/5598 4482/5153/5602 4483/4255/4704 5015/4249/4698
f 4478/5149/5598 5015/4249/4698 4814/4247/4696 5014/5147/5596
f 4479/5774/5599 4484/5773/5603 4485/5155/5604 4480/5151/5600
f 4479/5150/5599 5129/5091/5540 5128/5090/5539 4484/5154/5603
f 4480/5151/5600 4485/5155/5604 4486/5156/5605 4481/5152/5601
f 4481/5152/5601 4486/5156/5605 4489/5157/5606 4482/5153/5602
f 4482/5153/5602 4489/5157/5606 4490/5158/5607 4483/4255/4704
f 4483/4255/4704 4490/5158/5607 4642/5013/5462 4488/4256/4705
f 4484/5773/5603 4487/5772/5608 4491/5160/5609 4485/5155/5604
f 4484/5154/5603 5128/5090/5539 5127/3804/4253 4487/5159/5608
f 4485/5155/5604 4491/5160/5609 4492/5161/5610 4486/5156/5605
f 4486/5156/5605 4492/5161/5610 4493/5162/5611 4489/5157/5606
f 4487/5772/5608 4495/3870/4319 4496/5163/5612 4491/5160/5609
f 4487/5159/5608 5127/3804/4253 5218/3803/4252 4495/5771/4319
f 4489/5157/5606 4493/5162/5611 4494/5164/5613 4490/5158/5607
f 4490/5158/5607 4494/5164/5613 4641/5010/5459 4642/5013/5462
f 4491/5160/5609 4496/5163/5612 4497/5165/5614 4492/5161/5610
f 4492/5161/5610 4497/5165/5614 4498/5166/5615 4493/5162/5611
f 4493/5162/5611 4498/5166/5615 4499/5167/5616 4494/5164/5613
f 4494/5164/5613 4499/5167/5616 4640/5011/5460 4641/5010/5459
f 4495/3870/4319 4931/6039/4318 4500/6037/4326 4496/5163/5612
f 4496/5163/5612 4500/6037/4326 4501/6036/5617 4497/5165/5614
f 4497/5165/5614 4501/6036/5617 4502/6035/5618 4498/5166/5615
f 4498/5166/5615 4502/6035/5618 4638/6034/5619 4499/5167/5616
f 4499/5167/5616 4638/6034/5619 4639/4993/5442 4640/5011/5460
f 4500/3877/4326 4932/3875/4324 4933/5171/5620 4501/5168/5617
f 4501/5168/5617 4933/5171/5620 4503/5172/5621 4502/5169/5618
f 4502/5169/5618 4503/5172/5621 4637/5173/5622 4638/5170/5619
f 4503/5172/5621 4905/5174/5623 4817/5175/5624 4637/5173/5622
f 4503/5172/5621 4933/5171/5620 4904/5176/5625 4905/5174/5623
f 4504/4722/5171 1503/2714/2463 1502/3206/2955 4505/4728/5177
f 4505/4728/5177 1502/3206/2955 1501/3207/2956 4506/4729/5178
f 4506/4729/5178 1501/3207/2956 1500/3209/2958 4508/5177/5626
f 4506/4729/5178 4508/5177/5626 4509/4735/5184 4507/4725/5174
f 4508/5177/5626 1500/3209/2958 1499/3211/2960 4921/5178/5627
f 4508/5177/5626 4921/5178/5627 4511/5179/5628 4509/4735/5184
f 4509/4735/5184 4511/5179/5628 4512/4744/5193 4510/4732/5181
f 4511/5179/5628 4514/5180/5629 4515/5181/5630 4512/4744/5193
f 4511/5179/5628 4921/5178/5627 4920/5182/5631 4514/5180/5629
f 4512/4744/5193 4515/5181/5630 4516/4753/5202 4513/4742/5191
f 4514/5180/5629 4518/5183/5632 4519/5184/5633 4515/5181/5630
f 4514/5180/5629 4920/5182/5631 4919/5185/5634 4518/5183/5632
f 4515/5181/5630 4519/5184/5633 4520/4945/5394 4516/4753/5202
f 4516/4753/5202 4520/4945/5394 4521/4763/5212 4517/4751/5200
f 4518/5183/5632 4522/5186/5635 4523/4950/5399 4519/5184/5633
f 4518/5183/5632 4919/5185/5634 4918/5187/5636 4522/5186/5635
f 4519/5184/5633 4523/4950/5399 4524/4942/5391 4520/4945/5394
f 4522/5186/5635 4918/5187/5636 4917/5188/5637 4525/5189/5638
f 4522/5186/5635 4525/5189/5638 4526/4948/5397 4523/4950/5399
f 4525/5189/5638 4917/5188/5637 4916/5190/5639 5185/5911/5640
f 4525/5189/5638 5185/5911/5640 4683/5917/5398 4526/4948/5397
f 4527/4898/5347 4532/4904/5353 4533/5000/5449 4531/4899/5348
f 4536/4759/5208 4549/4998/5447 4537/4772/5221 5160/4760/5209
f 4537/4772/5221 4539/4348/4797 4540/5192/5641 4538/4770/5219
f 4537/4772/5221 4549/4998/5447 4550/4346/4795 4539/4348/4797
f 4538/4770/5219 4540/5192/5641 4541/4779/5228 5161/4771/5220
f 4539/4348/4797 4548/4199/4648 4543/4202/4651 4540/5192/5641
f 4540/5192/5641 4543/4202/4651 4544/5193/5642 4541/4779/5228
f 4541/4779/5228 4544/5193/5642 4545/5194/5643 4542/4777/5226
f 4542/4777/5226 4545/5194/5643 4546/4784/5233 5162/4778/5227
f 4543/4202/4651 5196/4201/4650 4589/4203/4652 4544/5193/5642
f 4544/5193/5642 4589/4203/4652 4588/5195/5644 4545/5194/5643
f 4545/5194/5643 4588/5195/5644 4587/5196/5645 4546/4784/5233
f 4546/4784/5233 4587/5196/5645 4586/5197/5646 4547/4782/5231
f 4547/4782/5231 4586/5197/5646 5156/5198/5647 5173/4783/5232
f 4551/5199/5648 4826/4267/4716 5103/4266/4715 5102/5200/5649
f 4551/5199/5648 1552/3235/2984 1551/3234/2983 4826/4267/4716
f 4551/5199/5648 5114/5201/5650 1553/3236/2985 1552/3235/2984
f 4551/5199/5648 5102/5200/5649 5115/5202/5651 5114/5201/5650
f 4556/4526/4975 4561/4534/4983 4562/5203/5652 4557/4527/4976
f 4557/4527/4976 4562/5203/5652 4563/5204/5653 4558/5205/5654
f 4557/4527/4976 4558/5205/5654 4593/5206/5655 5172/4528/4977
f 4558/5205/5654 4596/5207/5656 4594/5208/5657 4593/5206/5655
f 4558/5205/5654 4563/5204/5653 4564/5209/5658 4596/5207/5656
f 4559/4532/4981 4567/4537/4986 4568/4739/5188 4560/4533/4982
f 4560/4533/4982 4568/4739/5188 4569/4748/5197 4561/4534/4983
f 4561/4534/4983 4569/4748/5197 4570/4758/5207 4562/5203/5652
f 4562/5203/5652 4570/4758/5207 4571/4769/5218 4563/5204/5653
f 4563/5204/5653 4571/4769/5218 4572/4776/5225 4564/5209/5658
f 4564/5209/5658 4598/5210/5659 4597/5211/5660 4596/5207/5656
f 4564/5209/5658 4572/4776/5225 4573/4781/5230 4598/5210/5659
f 4573/4781/5230 5173/4783/5232 5156/5198/5647 4598/5210/5659
f 4575/4366/4815 4577/4369/4818 4578/4210/4659 4576/4212/4661
f 4577/4369/4818 4579/4372/4821 4580/4211/4660 4578/4210/4659
f 4579/4372/4821 4583/4375/4824 4584/5212/5661 4580/4211/4660
f 4580/4211/4660 4584/5212/5661 4585/4198/4647 4581/4197/4646
f 4582/4374/4823 4586/5197/5646 4587/5196/5645 4583/4375/4824
f 4582/4374/4823 5155/4376/4825 5156/5198/5647 4586/5197/5646
f 4583/4375/4824 4587/5196/5645 4588/5195/5644 4584/5212/5661
f 4584/5212/5661 4588/5195/5644 4589/4203/4652 4585/4198/4647
f 4590/5213/5662 4592/5214/5663 5153/4370/4819 5152/4367/4816
f 4590/5213/5662 5137/5215/5664 4591/5216/5665 4592/5214/5663
f 4590/5213/5662 5136/5217/5666 4599/5218/5667 5137/5215/5664
f 4590/5213/5662 5152/4367/4816 5151/4363/4812 5136/5217/5666
f 4591/5216/5665 4594/5208/5657 4595/5219/5668 4592/5214/5663
f 4591/5216/5665 5138/5220/5669 4593/5206/5655 4594/5208/5657
f 4591/5216/5665 5137/5215/5664 4626/5221/5670 5138/5220/5669
f 4592/5214/5663 4595/5219/5668 5154/4373/4822 5153/4370/4819
f 4593/5206/5655 5138/5220/5669 4621/5222/5671 5172/4528/4977
f 4594/5208/5657 4596/5207/5656 4597/5211/5660 4595/5219/5668
f 4595/5219/5668 4597/5211/5660 5155/4376/4825 5154/4373/4822
f 4597/5211/5660 4598/5210/5659 5156/5198/5647 5155/4376/4825
f 4599/5218/5667 4630/5223/5672 4628/5224/5673 4627/5225/5674
f 4599/5218/5667 5136/5217/5666 4600/4364/4813 4630/5223/5672
f 4599/5218/5667 4627/5225/5674 4626/5221/5670 5137/5215/5664
f 4600/4364/4813 5136/5217/5666 5151/4363/4812 5187/4362/4811
f 4600/4364/4813 4601/4360/4809 4631/4900/5349 4630/5223/5672
f 4601/4360/4809 4633/4356/4805 4632/4901/5350 4631/4900/5349
f 4602/4856/5305 4746/5226/5675 5147/5227/5676 4603/4857/5306
f 4602/4856/5305 5180/4858/5307 5150/5228/5677 4746/5226/5675
f 4603/4857/5306 5147/5227/5676 4604/5229/5678 4605/4861/5310
f 4604/5229/5678 4748/5230/5679 5148/5231/5680 4606/5232/5681
f 4604/5229/5678 5147/5227/5676 4747/5233/5682 4748/5230/5679
f 4604/5229/5678 4606/5232/5681 4607/4862/5311 4605/4861/5310
f 4606/5232/5681 4609/5234/5683 4610/4866/5315 4607/4862/5311
f 4606/5232/5681 5148/5231/5680 4608/5235/5684 4609/5234/5683
f 4608/5235/5684 4749/5236/5685 5149/5237/5686 4612/5238/5687
f 4608/5235/5684 5148/5231/5680 5157/5239/5688 4749/5236/5685
f 4608/5235/5684 4612/5238/5687 4613/5240/5689 4609/5234/5683
f 4609/5234/5683 4613/5240/5689 4614/5241/5690 4610/4866/5315
f 4610/4866/5315 4614/5241/5690 4615/4874/5323 4611/4867/5316
f 4612/5238/5687 4617/5242/5691 4618/5243/5692 4613/5240/5689
f 4612/5238/5687 5149/5237/5686 4616/5244/5693 4617/5242/5691
f 4613/5240/5689 4618/5243/5692 4619/5245/5694 4614/5241/5690
f 4614/5241/5690 4619/5245/5694 4620/4882/5331 4615/4874/5323
f 4616/5244/5693 4712/4529/4978 5172/4528/4977 4621/5222/5671
f 4616/5244/5693 5149/5237/5686 4711/5246/5695 4712/4529/4978
f 4616/5244/5693 4621/5222/5671 4622/5247/5696 4617/5242/5691
f 4617/5242/5691 4622/5247/5696 4623/5248/5697 4618/5243/5692
f 4618/5243/5692 4623/5248/5697 4624/5249/5698 4619/5245/5694
f 4619/5245/5694 4624/5249/5698 4625/4887/5336 4620/4882/5331
f 4621/5222/5671 5138/5220/5669 4626/5221/5670 4622/5247/5696
f 4622/5247/5696 4626/5221/5670 4627/5225/5674 4623/5248/5697
f 4623/5248/5697 4627/5225/5674 4628/5224/5673 4624/5249/5698
f 4624/5249/5698 4628/5224/5673 4629/4894/5343 4625/4887/5336
f 4628/5224/5673 4630/5223/5672 4631/4900/5349 4629/4894/5343
f 4634/5250/5699 5166/4829/5278 5167/4833/5282 4635/5251/5700
f 4634/5250/5699 4862/4913/5362 5165/4826/5275 5166/4829/5278
f 4634/5250/5699 5023/5252/5701 5022/4911/5360 4862/4913/5362
f 4634/5250/5699 4635/5251/5700 4859/5253/5702 5023/5252/5701
f 4635/5251/5700 4877/5254/5703 4843/5255/5704 4859/5253/5702
f 4635/5251/5700 5167/4833/5282 5184/4836/5285 4877/5254/5703
f 4636/5256/5705 5100/5257/5706 5191/5258/5707 5115/5202/5651
f 4636/5256/5705 5094/5770/5708 4815/5763/5709 5100/5257/5706
f 4636/5256/5705 5195/4271/4720 4821/5261/5710 5094/5770/5708
f 4636/5256/5705 5115/5202/5651 5102/5200/5649 5195/4271/4720
f 4637/5173/5622 4817/5175/5624 4819/4990/5439 4820/4992/5441
f 4637/5173/5622 4820/4992/5441 4639/6033/5442 4638/5170/5619
f 4643/3984/4433 4655/3988/4437 4654/4122/4571 5143/4121/4570
f 4644/5916/5407 4645/5915/5711 4929/4967/5416 4928/4959/5408
f 4644/4958/5407 4864/4957/5406 4646/5263/5712 4645/5262/5711
f 4645/5915/5711 5171/5914/5470 4930/5019/5468 4929/4967/5416
f 4645/5262/5711 4646/5263/5712 5144/5264/5713 5171/5021/5470
f 4646/5263/5712 4647/5265/5714 5145/5266/5715 5144/5264/5713
f 4646/5263/5712 4864/4957/5406 4866/5267/5716 4647/5265/5714
f 4647/5265/5714 4866/5267/5716 4869/5268/5717 4870/5269/5718
f 4647/5265/5714 4870/5269/5718 5146/4497/4946 5145/5266/5715
f 4648/4495/4944 4883/4493/4942 4923/5270/5719 4922/5271/5720
f 4648/4495/4944 4887/5272/5721 4649/4496/4945 4650/4494/4943
f 4648/4495/4944 4922/5271/5720 4886/5273/5722 4887/5272/5721
f 4649/4496/4945 4887/5272/5721 5145/5266/5715 5146/4497/4946
f 4651/5274/5723 4885/5909/5724 4922/5271/5720 4923/5270/5719
f 4651/5913/5723 4914/5276/5725 4722/5277/5726 4885/5275/5724
f 4651/5913/5723 4652/5912/5727 4915/5279/5728 4914/5276/5725
f 4651/5274/5723 4923/5270/5719 4653/5280/5729 4652/5278/5727
f 4652/5912/5727 5185/5911/5640 4916/5190/5639 4915/5279/5728
f 4652/5278/5727 4653/5280/5729 4718/5281/5730 5185/5191/5640
f 4653/5280/5729 4923/5270/5719 4883/4493/4942 4924/4492/4941
f 4653/5280/5729 4924/4492/4941 4719/5282/5731 4718/5281/5730
f 4654/4122/4571 4655/3988/4437 4716/5283/5732 4715/5284/5733
f 4654/4122/4571 4715/5284/5733 4714/4120/4569 5168/4119/4568
f 4655/3988/4437 4656/3987/4436 4717/5285/5734 4716/5283/5732
f 4656/3987/4436 4754/3990/4439 5211/5286/5735 4717/5285/5734
f 4657/5287/5736 4891/5288/5737 4890/5289/5738 4889/5290/5739
f 4657/5287/5736 4658/5132/5581 4659/4988/5437 4891/5288/5737
f 4657/5287/5736 4777/5291/5740 4779/4613/5062 4658/5132/5581
f 4657/5287/5736 4889/5290/5739 4774/5292/5741 4777/5291/5740
f 4658/5132/5581 4779/4613/5062 4780/5989/5061 4660/5131/5580
f 4659/4988/5437 4818/4987/5436 4903/5293/5742 4891/5288/5737
f 4661/5294/5743 4832/5295/5744 4833/5296/5745 4834/5297/5746
f 4661/5294/5743 4842/4269/4718 5099/5298/5747 4832/5295/5744
f 4661/5294/5743 4662/5299/5748 5198/4270/4719 4842/4269/4718
f 4661/5294/5743 4834/5297/5746 4663/5300/5749 4662/5299/5748
f 4662/5299/5748 4663/5300/5749 5016/5768/5750 4892/5769/5751
f 4662/5299/5748 4892/5769/5751 4893/5760/5752 5198/4270/4719
f 4663/5300/5749 4664/5834/5753 5017/5835/5754 5016/5768/5750
f 4663/5300/5749 4834/5297/5746 4836/5306/5755 4664/5834/5753
f 4664/5304/5753 4836/5833/5755 4839/5307/5756 4840/5308/5757
f 4664/5304/5753 4840/5308/5757 4665/5766/5758 5017/5767/5754
f 4665/5766/5758 4840/5308/5757 5112/5310/5759 4841/5311/5760
f 4665/5309/5758 5019/5312/5761 5018/5313/5762 5017/5305/5754
f 4665/5309/5758 4841/5765/5760 5089/5314/5763 5019/5312/5761
f 4666/4291/4740 4667/4293/4742 4907/4635/5084 4913/4634/5083
f 4666/4291/4740 4913/4634/5083 1548/2620/2369 1598/2231/1980
f 4667/4293/4742 4782/4292/4741 4783/4299/4748 4668/5315/5764
f 4667/4293/4742 4668/5315/5764 4908/5316/5765 4907/4635/5084
f 4668/5315/5764 4783/4299/4748 4784/4000/4449 5098/4009/4458
f 4668/5315/5764 5098/4009/4458 5099/5298/5747 4908/5316/5765
f 4669/4805/5254 4671/4808/5257 4679/5317/5766 5189/4288/4737
f 4670/4940/5389 1540/2943/2692 1541/3355/3104 4678/5318/5767
f 4670/4940/5389 4678/5318/5767 4679/5317/5766 4671/4808/5257
f 4672/5319/5768 4674/4284/4733 4675/4283/4732 4673/5320/5769
f 4672/5319/5768 1545/3359/3108 1546/3358/3107 4674/4284/4733
f 4672/5319/5768 5206/5321/5770 1544/3360/3109 1545/3359/3108
f 4672/5319/5768 4673/5320/5769 4682/5322/5771 5206/5321/5770
f 4673/5320/5769 4681/5323/5772 4680/5324/5773 4682/5322/5771
f 4673/5320/5769 4675/4283/4732 4676/4285/4734 4681/5323/5772
f 4674/4284/4733 1546/3358/3107 1547/5897/1966 4677/4279/4728
f 4676/4285/4734 5189/4288/4737 4679/5317/5766 4681/5323/5772
f 4678/5318/5767 4680/5324/5773 4681/5323/5772 4679/5317/5766
f 4678/5318/5767 1541/3355/3104 1542/3365/3114 4680/5324/5773
f 4680/5324/5773 1542/3365/3114 1543/3366/3115 4682/5322/5771
f 4682/5322/5771 1543/3366/3115 1544/3360/3109 5206/5321/5770
f 4683/4949/5398 4686/5325/5774 4687/5326/5775 4684/4946/5395
f 4683/4949/5398 5185/5191/5640 4718/5281/5730 4686/5325/5774
f 4684/4946/5395 4687/5326/5775 4688/5327/5776 4685/4947/5396
f 4685/4947/5396 4688/5327/5776 4751/4956/5405 4750/4951/5400
f 4686/5325/5774 4718/5281/5730 4719/5282/5731 4720/5328/5777
f 4686/5325/5774 4720/5328/5777 4689/5329/5778 4687/5326/5775
f 4687/5326/5775 4689/5329/5778 4690/5330/5779 4688/5327/5776
f 4688/5327/5776 4690/5330/5779 4752/4962/5411 4751/4956/5405
f 4689/5329/5778 4720/5328/5777 4926/5331/5780 4721/5332/5781
f 4689/5329/5778 4721/5332/5781 4691/5333/5782 4690/5330/5779
f 4690/5330/5779 4691/5333/5782 4753/4965/5414 4752/4962/5411
f 4691/5333/5782 5211/5286/5735 4754/3990/4439 4753/4965/5414
f 4691/5333/5782 4721/5332/5781 4717/5285/5734 5211/5286/5735
f 4692/4287/4736 4695/4286/4735 4697/5334/5783 4693/5335/5784
f 4692/5894/4736 4693/5893/5784 4724/4810/5259 5189/4288/4737
f 4693/5893/5784 5182/5889/5785 4759/3867/4316 4724/4810/5259
f 4693/5335/5784 4697/5334/5783 4745/5337/5786 5182/5336/5785
f 4694/4280/4729 4698/4282/4731 4699/5338/5787 4695/4286/4735
f 4695/4286/4735 4699/5338/5787 4700/5339/5788 4697/5334/5783
f 4696/4273/4722 4701/4277/4726 4702/5340/5789 4698/4282/4731
f 4697/5334/5783 4700/5339/5788 4747/5233/5682 4745/5337/5786
f 4698/4282/4731 4702/5340/5789 4703/5341/5790 4699/5338/5787
f 4699/5338/5787 4703/5341/5790 4704/5342/5791 4700/5339/5788
f 4700/5339/5788 4704/5342/5791 4748/5230/5679 4747/5233/5682
f 4701/4277/4726 4705/4538/4987 4706/4540/4989 4702/5340/5789
f 4702/5340/5789 4706/4540/4989 4707/5343/5792 4703/5341/5790
f 4703/5341/5790 4707/5343/5792 5157/5239/5688 4704/5342/5791
f 4704/5342/5791 5157/5239/5688 5148/5231/5680 4748/5230/5679
f 4706/4540/4989 4708/4539/4988 4709/5344/5793 4707/5343/5792
f 4707/5343/5792 4709/5344/5793 4749/5236/5685 5157/5239/5688
f 4708/4539/4988 4710/4521/4970 4711/5246/5695 4709/5344/5793
f 4709/5344/5793 4711/5246/5695 5149/5237/5686 4749/5236/5685
f 4710/4521/4970 5142/4520/4969 4712/4529/4978 4711/5246/5695
f 4713/4491/4940 4925/5345/5794 4719/5282/5731 4924/4492/4941
f 4713/4491/4940 4714/4120/4569 4715/5284/5733 4925/5345/5794
f 4715/5284/5733 4716/5283/5732 4926/5331/5780 4925/5345/5794
f 4716/5283/5732 4717/5285/5734 4721/5332/5781 4926/5331/5780
f 4719/5282/5731 4925/5345/5794 4926/5331/5780 4720/5328/5777
f 4722/5277/5726 4723/5022/5471 4884/5910/5472 4885/5275/5724
f 4722/5277/5726 1491/3388/3137 1490/3030/2779 4723/5022/5471
f 4722/5277/5726 4914/5276/5725 1492/3389/3138 1491/3388/3137
f 4725/4926/5375 4726/4931/5380 1571/3390/3139 1570/2924/2673
f 4726/4931/5380 4727/4932/5381 1572/3391/3140 1571/3390/3139
f 4727/4932/5381 4728/4933/5382 1573/3392/3141 1572/3391/3140
f 4728/4933/5382 5170/4792/5241 5050/4791/5240 4729/5346/5795
f 4728/4933/5382 4729/5346/5795 1574/3394/3143 1573/3392/3141
f 4729/5346/5795 5050/4791/5240 5051/4793/5242 4730/5347/5796
f 4729/5346/5795 4730/5347/5796 1575/3396/3145 1574/3394/3143
f 4730/5347/5796 5051/4793/5242 5052/5348/5797 4731/5349/5798
f 4730/5347/5796 4731/5349/5798 1576/3399/3148 1575/3396/3145
f 4731/5349/5798 5052/5348/5797 5053/5350/5799 4732/5351/5800
f 4731/5349/5798 4732/5351/5800 1577/3402/3151 1576/3399/3148
f 4732/5351/5800 5053/5350/5799 5054/5352/5801 4733/5353/5802
f 4732/5351/5800 4733/5353/5802 1578/3405/3154 1577/3402/3151
f 4733/5353/5802 5054/5352/5801 5055/5354/5803 4734/5355/5804
f 4733/5353/5802 4734/5355/5804 1579/3408/3157 1578/3405/3154
f 4734/5355/5804 5055/5354/5803 5056/5356/5805 4735/5892/5806
f 4734/5355/5804 4735/5892/5806 1580/3411/3160 1579/3408/3157
f 4735/5357/5806 5056/5887/5805 5057/5358/5807 4736/5359/5808
f 4735/5357/5806 4736/5359/5808 1581/3414/3163 1580/5891/3160
f 4736/5359/5808 5057/5358/5807 5058/5360/5809 4737/5361/5810
f 4736/5359/5808 4737/5361/5810 1582/3417/3166 1581/3414/3163
f 4737/5361/5810 5058/5360/5809 5059/5362/5811 4738/5363/5812
f 4737/5361/5810 4738/5363/5812 1583/3420/3169 1582/3417/3166
f 4738/5363/5812 5059/5362/5811 5060/5364/5813 4739/5365/5814
f 4738/5363/5812 4739/5365/5814 1584/3423/3172 1583/3420/3169
f 4739/5365/5814 5060/5364/5813 5061/5366/5815 4740/5367/5816
f 4739/5365/5814 4740/5367/5816 1585/3426/3175 1584/3423/3172
f 4740/5367/5816 5061/5366/5815 5062/5368/5817 5040/5369/5818
f 4740/5367/5816 5040/5369/5818 1586/3429/3178 1585/3426/3175
f 4741/3864/4313 5069/3863/4312 5054/5352/5801 5053/5350/5799
f 4741/3864/4313 5158/4795/5244 4756/4794/5243 4757/3860/4309
f 4741/3864/4313 5053/5350/5799 5052/5348/5797 5158/4795/5244
f 4742/5890/5819 4743/5371/5820 5072/5372/5821 5071/5373/5822
f 4742/5890/5819 5182/5336/5785 5150/5228/5677 4743/5371/5820
f 4742/5370/5819 5159/3865/4314 4759/3867/4316 5182/5889/5785
f 4742/5370/5819 5071/5888/5822 5070/3866/4315 5159/3865/4314
f 4743/5371/5820 4744/5374/5823 5073/5375/5824 5072/5372/5821
f 4743/5371/5820 5150/5228/5677 5180/4858/5307 4744/5374/5823
f 4744/5374/5823 5082/5376/5825 5074/5377/5826 5073/5375/5824
f 4744/5374/5823 5180/4858/5307 5087/4907/5356 5082/5376/5825
f 4745/5337/5786 4747/5233/5682 5147/5227/5676 4746/5226/5675
f 4745/5337/5786 4746/5226/5675 5150/5228/5677 5182/5336/5785
f 4753/4965/5414 4754/3990/4439 4871/3989/4438 4867/4963/5412
f 4755/4788/5237 5158/4795/5244 5052/5348/5797 5051/4793/5242
f 4760/3871/4320 1602/1806/1555 1601/3438/3187 5201/3876/4325
f 4763/5736/4994 4764/4652/5101 4766/5378/5827 4765/4546/4995
f 4764/4652/5101 5194/4653/5102 4768/4670/5119 4766/5378/5827
f 4765/4546/4995 4766/5378/5827 4767/5379/5828 4793/4547/4996
f 4766/5378/5827 4768/4670/5119 4769/4674/5123 4767/5379/5828
f 4767/5379/5828 4795/5380/5829 4794/4548/4997 4793/4547/4996
f 4767/5379/5828 4769/4674/5123 4770/4673/5122 4795/5380/5829
f 4770/4673/5122 4830/5381/5830 4828/5382/5831 4795/5380/5829
f 4770/4673/5122 5021/4672/5121 5003/5383/5832 4830/5381/5830
f 4771/3811/4260 4772/4626/5075 4898/5384/5833 4897/3812/4261
f 4772/4626/5075 4773/5385/5834 4899/5386/5835 4898/5384/5833
f 4772/4626/5075 4775/4618/5067 4776/4620/5069 4773/5385/5834
f 4773/5385/5834 4774/5292/5741 4900/5387/5836 4899/5386/5835
f 4773/5385/5834 4776/4620/5069 4777/5291/5740 4774/5292/5741
f 4774/5292/5741 4889/5290/5739 5030/5388/5837 4900/5387/5836
f 4776/4620/5069 4778/4609/5058 4779/4613/5062 4777/5291/5740
f 4781/4261/4710 4907/4635/5084 4908/5316/5765 4906/4262/4711
f 4786/5389/5838 4946/5390/5839 4789/4379/4828 4790/5391/5840
f 4786/5389/5838 4944/5392/5841 4978/5393/5842 4946/5390/5839
f 4787/4170/4619 4788/4377/4826 4945/5394/5843 4983/5395/5844
f 4787/4170/4619 4983/5395/5844 4986/4583/5032 4947/4166/4615
f 4788/4377/4826 4789/4379/4828 4946/5390/5839 4945/5394/5843
f 4789/4379/4828 4791/4378/4827 4792/4381/4830 4790/5391/5840
f 4794/4548/4997 4795/5380/5829 4828/5382/5831 4827/4549/4998
f 4796/5396/5845 5111/5397/5846 4839/5307/5756 4838/5398/5847
f 4796/5396/5845 4829/5399/5848 4797/4562/5011 5111/5397/5846
f 4796/5396/5845 4827/4549/4998 4828/5382/5831 4829/5399/5848
f 4796/5396/5845 4838/5398/5847 4837/4016/4465 4827/4549/4998
f 4797/4562/5011 4829/5399/5848 4831/5400/5849 5200/4561/5010
f 4797/4562/5011 5113/4558/5007 5112/5310/5759 5111/5397/5846
f 4798/5401/5850 4990/5402/5851 4992/5403/5852 4993/5404/5853
f 4798/5401/5850 5118/5968/5854 5092/5966/5855 4990/5402/5851
f 4798/5401/5850 5119/5407/5856 5117/5408/5857 5118/5968/5854
f 4798/5401/5850 4993/5404/5853 4799/5409/5858 5119/5407/5856
f 4799/5409/5858 4993/5404/5853 4997/5410/5859 4800/5411/5860
f 4800/5411/5860 4997/5410/5859 5001/5412/5861 5002/5413/5862
f 4801/5414/5863 4807/5415/5864 4805/3810/4259 5089/5314/5763
f 4801/5414/5863 4802/5416/5865 4809/5417/5866 4807/5415/5864
f 4801/5414/5863 5116/4557/5006 5009/4556/5005 4802/5416/5865
f 4801/5414/5863 5089/5314/5763 4841/5765/5760 5116/4557/5006
f 4802/5416/5865 5011/5139/5588 4803/5418/5867 4809/5417/5866
f 4802/5416/5865 5009/4556/5005 5010/4560/5009 5011/5139/5588
f 4803/5418/5867 5013/5146/5595 4804/5148/5597 4811/4239/4688
f 4803/5418/5867 5011/5139/5588 5012/5138/5587 5013/5146/5595
f 4803/5418/5867 4811/4239/4688 4810/4238/4687 4809/5417/5866
f 4804/5148/5597 4813/4244/4693 4812/4240/4689 4811/4239/4688
f 4804/5148/5597 5014/5147/5596 4814/4247/4696 4813/4244/4693
f 4805/3810/4259 5020/3809/4258 5019/5312/5761 5089/5314/5763
f 4805/3810/4259 4807/5415/5864 4808/4236/4685 4806/3806/4255
f 4807/5415/5864 4809/5417/5866 4810/4238/4687 4808/4236/4685
f 4815/5260/5709 5094/5259/5708 5029/5419/5868 4875/5420/5869
f 4815/5763/5709 4816/3873/4322 5201/3876/4325 5100/5257/5706
f 4815/5260/5709 4875/5420/5869 4876/3874/4323 4816/5762/4322
f 4817/5175/5624 4903/5293/5742 4818/4987/5436 4819/4990/5439
f 4817/5175/5624 4905/5174/5623 4902/5421/5870 4903/5293/5742
f 4821/5761/5710 5028/5422/5871 5029/5419/5868 5094/5259/5708
f 4821/5761/5710 4893/5303/5752 4896/5423/5872 5028/5422/5871
f 4821/5261/5710 5195/4271/4720 5198/4270/4719 4893/5760/5752
f 4822/4719/5168 5200/4561/5010 4831/5400/5849 5093/5424/5873
f 4822/4719/5168 1533/3486/3235 1457/2424/2173 4824/4453/4902
f 4822/4719/5168 5093/5424/5873 1532/3487/3236 1533/3486/3235
f 4825/4264/4713 4826/4267/4716 1551/3234/2983 1550/2622/2371
f 4828/5382/5831 4830/5381/5830 4831/5400/5849 4829/5399/5848
f 4830/5381/5830 5003/5383/5832 5093/5424/5873 4831/5400/5849
f 4832/5295/5744 5095/4008/4457 5096/4007/4456 4833/5296/5745
f 4832/5295/5744 5099/5298/5747 5098/4009/4458 5095/4008/4457
f 4833/5296/5745 4835/5831/5874 4836/5306/5755 4834/5297/5746
f 4833/5296/5745 5096/4007/4456 5097/5832/4462 4835/5831/5874
f 4835/5425/5874 4838/5398/5847 4839/5307/5756 4836/5833/5755
f 4835/5425/5874 5097/4013/4462 4837/4016/4465 4838/5398/5847
f 4839/5307/5756 5111/5397/5846 5112/5310/5759 4840/5308/5757
f 4841/5311/5760 5112/5310/5759 5113/4558/5007 5116/5764/5006
f 4842/4269/4718 4906/4262/4711 4908/5316/5765 5099/5298/5747
f 4843/5255/5704 4881/5426/5875 5101/4644/5093 4857/4638/5087
f 4843/5255/5704 4877/5254/5703 4845/5427/5876 4881/5426/5875
f 4843/5255/5704 4857/4638/5087 4858/4637/5086 4859/5253/5702
f 4844/4675/5124 4881/5426/5875 4845/5427/5876 4846/4683/5132
f 4844/4675/5124 4880/4645/5094 5101/4644/5093 4881/5426/5875
f 4845/5427/5876 4877/5254/5703 5184/4836/5285 4847/5428/5877
f 4845/5427/5876 4847/5428/5877 4848/4690/5139 4846/4683/5132
f 4847/5428/5877 5025/5017/5466 5107/4694/5143 4848/4690/5139
f 4847/5428/5877 5184/4836/5285 4878/4839/5288 5025/5017/5466
f 4849/5429/5878 4940/5430/5879 4851/4678/5127 4852/4681/5130
f 4849/5429/5878 4943/3942/4391 5039/3945/4394 4940/5430/5879
f 4849/5429/5878 4850/5431/5880 5178/3943/4392 4943/3942/4391
f 4849/5429/5878 4852/4681/5130 4853/5432/5881 4850/5431/5880
f 4850/5431/5880 4853/5432/5881 4960/4605/5054 4955/5433/5882
f 4850/5431/5880 4955/5433/5882 4948/4030/4479 5178/3943/4392
f 4851/4678/5127 4940/5430/5879 5033/3955/4404 5034/4647/5096
f 4852/4681/5130 4854/5877/5129 4855/4687/5136 4853/5432/5881
f 4853/5432/5881 4855/4687/5136 4963/4606/5055 4960/4605/5054
f 4858/4637/5086 4860/4641/5090 5023/5252/5701 4859/5253/5702
f 4860/4641/5090 5215/4912/5361 5022/4911/5360 5023/5252/5701
f 4860/4641/5090 5027/4640/5089 5026/4909/5358 5215/4912/5361
f 4861/4908/5357 5087/4907/5356 5180/4858/5307 5164/4827/5276
f 4861/4908/5357 5164/4827/5276 5165/4826/5275 4862/4913/5362
f 4863/4954/5403 4865/4961/5410 4866/5267/5716 4864/4957/5406
f 4865/4961/5410 4868/4964/5413 4869/5268/5717 4866/5267/5716
f 4867/4963/5412 4871/3989/4438 4872/3991/4440 4868/4964/5413
f 4868/4964/5413 4872/3991/4440 4873/3993/4442 4869/5268/5717
f 4869/5268/5717 4873/3993/4442 4874/3997/4446 4870/5269/5718
f 4870/5269/5718 4874/3997/4446 5199/4124/4573 5146/4497/4946
f 4875/5420/5869 5029/5419/5868 4888/5434/5883 4901/5435/5884
f 4875/5420/5869 4901/5435/5884 4904/5176/5625 4876/3874/4323
f 4876/3874/4323 4904/5176/5625 4933/5171/5620 4932/3875/4324
f 4878/4839/5288 4927/4966/5415 5204/5016/5465 5025/5017/5466
f 4879/4845/5294 4929/4967/5416 4930/5019/5468 4927/4966/5415
f 4882/5436/5885 5114/5201/5650 5115/5202/5651 5191/5258/5707
f 4882/5436/5885 1600/3500/3249 1553/3236/2985 5114/5201/5650
f 4882/5436/5885 5201/3876/4325 1601/3438/3187 1600/3500/3249
f 4882/5436/5885 5191/5258/5707 5100/5257/5706 5201/3876/4325
f 4884/5023/5472 4886/5273/5722 4922/5271/5720 4885/5909/5724
f 4884/5023/5472 5171/5021/5470 5144/5264/5713 4886/5273/5722
f 4886/5273/5722 5144/5264/5713 5145/5266/5715 4887/5272/5721
f 4888/5434/5883 4890/5289/5738 4902/5421/5870 4901/5435/5884
f 4888/5434/5883 5030/5388/5837 4889/5290/5739 4890/5289/5738
f 4888/5434/5883 5029/5419/5868 5028/5422/5871 5030/5388/5837
f 4890/5289/5738 4891/5288/5737 4903/5293/5742 4902/5421/5870
f 4892/5302/5751 5016/5301/5750 4894/5437/5886 4895/5438/5887
f 4892/5302/5751 4895/5438/5887 4896/5423/5872 4893/5303/5752
f 4894/5437/5886 5018/5313/5762 4897/3812/4261 4898/5384/5833
f 4894/5437/5886 5016/5301/5750 5017/5305/5754 5018/5313/5762
f 4894/5437/5886 4898/5384/5833 4899/5386/5835 4895/5438/5887
f 4895/5438/5887 4899/5386/5835 4900/5387/5836 4896/5423/5872
f 4896/5423/5872 4900/5387/5836 5030/5388/5837 5028/5422/5871
f 4897/3812/4261 5018/5313/5762 5019/5312/5761 5020/3809/4258
f 4901/5435/5884 4902/5421/5870 4905/5174/5623 4904/5176/5625
f 4909/4567/5016 4911/4572/5021 4991/5439/5888 4910/5440/5889
f 4909/4567/5016 4910/5440/5889 5091/5965/5890 5090/4133/4582
f 4910/5440/5889 4991/5439/5888 4992/5403/5852 4990/5402/5851
f 4910/5440/5889 4990/5402/5851 5092/5966/5855 5091/5965/5890
f 4911/4572/5021 4994/4575/5024 4995/5442/5891 4991/5439/5888
f 4912/4577/5026 4987/4580/5029 4984/5443/5892 4998/4578/5027
f 4914/5276/5725 4915/5279/5728 1493/3508/3257 1492/3389/3138
f 4915/5279/5728 4916/5190/5639 1494/3509/3258 1493/3508/3257
f 4916/5190/5639 4917/5188/5637 1495/3510/3259 1494/3509/3258
f 4917/5188/5637 4918/5187/5636 1496/3511/3260 1495/3510/3259
f 4918/5187/5636 4919/5185/5634 1497/3512/3261 1496/3511/3260
f 4919/5185/5634 4920/5182/5631 1498/3513/3262 1497/3512/3261
f 4920/5182/5631 4921/5178/5627 1499/3211/2960 1498/3513/3262
f 4934/4662/5111 5104/4686/5135 5106/4691/5140 4935/4665/5114
f 4935/4665/5114 5106/4691/5140 4936/5444/5893 4937/4666/5115
f 4936/5444/5893 5109/4693/5142 5110/5445/5894 4938/5446/5895
f 4936/5444/5893 5106/4691/5140 5105/4689/5138 5109/4693/5142
f 4936/5444/5893 4938/5446/5895 4939/4668/5117 4937/4666/5115
f 4938/5446/5895 1608/3518/3267 1527/3517/3266 4939/4668/5117
f 4938/5446/5895 5110/5445/5894 1607/3519/3268 1608/3518/3267
f 4939/4668/5117 1527/3517/3266 1528/2664/2413 5175/4669/5118
f 4940/5430/5879 5039/3945/4394 5038/3953/4402 5033/3955/4404
f 4941/4295/4744 5049/4298/4747 5048/3938/4387 5036/3937/4386
f 4944/5392/5841 4976/5447/5896 4977/5448/5897 4978/5393/5842
f 4945/5394/5843 4980/5449/5898 4982/5450/5899 4983/5395/5844
f 4945/5394/5843 4946/5390/5839 4978/5393/5842 4980/5449/5898
f 4948/4030/4479 4955/5433/5882 4956/5451/5900 4949/4031/4480
f 4949/5730/4480 4956/5728/5900 4957/4598/5047 4950/4032/4481
f 4950/4032/4481 4957/4598/5047 4958/4596/5045 4951/4033/4482
f 4951/4033/4482 4958/4596/5045 4959/4590/5039 4952/4034/4483
f 4955/5433/5882 4960/4605/5054 4961/5729/5053 4956/5451/5900
f 4956/5728/5900 4961/4604/5053 4962/4599/5048 4957/4598/5047
f 4966/4593/5042 4968/4597/5046 4969/4658/5107 4967/4657/5106
f 4968/4597/5046 4970/4601/5050 4971/4659/5108 4969/4658/5107
f 4970/4601/5050 4973/5733/5052 4974/4663/5112 4971/4659/5108
f 4971/4659/5108 4974/4663/5112 4975/5732/5105 4972/4655/5104
f 4976/5447/5896 5002/5413/5862 5001/5412/5861 4977/5448/5897
f 4977/5448/5897 5001/5412/5861 5000/5452/5901 4979/5453/5902
f 4977/5448/5897 4979/5453/5902 4980/5449/5898 4978/5393/5842
f 4979/5453/5902 5000/5452/5901 4999/5454/5903 4981/5455/5904
f 4979/5453/5902 4981/5455/5904 4982/5450/5899 4980/5449/5898
f 4981/5455/5904 4999/5454/5903 4998/4578/5027 4984/5443/5892
f 4981/5455/5904 4984/5443/5892 4985/5456/5905 4982/5450/5899
f 4982/5450/5899 4985/5456/5905 4986/4583/5032 4983/5395/5844
f 4984/5443/5892 4987/4580/5029 4988/4587/5036 4985/5456/5905
f 4985/5456/5905 4988/4587/5036 4989/4581/5030 4986/4583/5032
f 4991/5439/5888 4995/5442/5891 4996/5457/5906 4992/5403/5852
f 4992/5403/5852 4996/5457/5906 4997/5410/5859 4993/5404/5853
f 4994/4575/5024 4998/4578/5027 4999/5454/5903 4995/5442/5891
f 4995/5442/5891 4999/5454/5903 5000/5452/5901 4996/5457/5906
f 4996/5457/5906 5000/5452/5901 5001/5412/5861 4997/5410/5859
f 5003/5383/5832 5021/4672/5121 1530/2662/2411 1531/3531/3280
f 5003/5383/5832 1531/3531/3280 1532/3487/3236 5093/5424/5873
f 5005/4131/4580 5090/5967/4582 5091/5441/5890 5006/4191/4640
f 5006/4191/4640 5091/5441/5890 5092/5406/5855 5007/4192/4641
f 5007/4192/4641 5092/5406/5855 5118/5405/5854 5008/4193/4642
f 5008/4193/4642 5118/5405/5854 5117/5963/5857 5202/4194/4643
f 5024/4642/5091 5085/5458/5907 5084/5459/5908 5032/4910/5359
f 5024/4642/5091 5169/3949/4398 5086/3948/4397 5085/5458/5907
f 5024/4642/5091 5032/4910/5359 5026/4909/5358 5027/4640/5089
f 5031/5015/5464 5110/5445/5894 5109/4693/5142 5108/5855/5141
f 5031/5015/5464 1606/3019/2768 1607/3519/3268 5110/5445/5894
f 5032/4910/5359 5084/5459/5908 5083/5460/5909 5088/4906/5355
f 5035/4290/4739 1596/2229/1978 1595/3535/3284 5049/4298/4747
f 5038/3953/4402 5039/3945/4394 5081/3944/4393 5080/3954/4403
f 5040/5369/5818 5062/5368/5817 5063/5461/5910 5041/5462/5911
f 5040/5369/5818 5041/5462/5911 1587/3538/3287 1586/3429/3178
f 5041/5462/5911 5063/5461/5910 5064/5463/5912 5042/5464/5913
f 5041/5462/5911 5042/5464/5913 1588/3541/3290 1587/3538/3287
f 5042/5464/5913 5064/5463/5912 5065/5465/5914 5043/5852/5915
f 5042/5464/5913 5043/5852/5915 1589/3544/3293 1588/3541/3290
f 5043/5466/5915 5065/5849/5914 5066/3946/4395 5044/5467/5916
f 5043/5466/5915 5044/5467/5916 1590/3546/3295 1589/5851/3293
f 5044/5467/5916 5066/3946/4395 5067/3941/4390 5045/5468/5917
f 5044/5467/5916 5045/5468/5917 1591/3548/3297 1590/3546/3295
f 5045/5468/5917 5067/3941/4390 5068/3932/4381 5046/3936/4385
f 5045/5468/5917 5046/3936/4385 1592/3549/3298 1591/3548/3297
f 5046/3936/4385 5047/3935/4384 1593/3550/3299 1592/3549/3298
f 5047/3935/4384 5048/3938/4387 1594/3551/3300 1593/3550/3299
f 5048/3938/4387 5049/4298/4747 1595/3535/3284 1594/3551/3300
f 5054/5352/5801 5069/3863/4312 5070/3866/4315 5055/5354/5803
f 5055/5354/5803 5070/3866/4315 5071/5888/5822 5056/5356/5805
f 5056/5887/5805 5071/5373/5822 5072/5372/5821 5057/5358/5807
f 5057/5358/5807 5072/5372/5821 5073/5375/5824 5058/5360/5809
f 5058/5360/5809 5073/5375/5824 5074/5377/5826 5059/5362/5811
f 5059/5362/5811 5074/5377/5826 5075/5469/5918 5060/5364/5813
f 5060/5364/5813 5075/5469/5918 5076/5470/5919 5061/5366/5815
f 5061/5366/5815 5076/5470/5919 5077/5471/5920 5062/5368/5817
f 5062/5368/5817 5077/5471/5920 5078/3952/4401 5063/5461/5910
f 5063/5461/5910 5078/3952/4401 5079/3951/4400 5064/5463/5912
f 5064/5463/5912 5079/3951/4400 5080/5850/4403 5065/5465/5914
f 5065/5849/5914 5080/3954/4403 5081/3944/4393 5066/3946/4395
f 5074/5377/5826 5082/5376/5825 5083/5460/5909 5075/5469/5918
f 5075/5469/5918 5083/5460/5909 5084/5459/5908 5076/5470/5919
f 5076/5470/5919 5084/5459/5908 5085/5458/5907 5077/5471/5920
f 5077/5471/5920 5085/5458/5907 5086/3948/4397 5078/3952/4401
f 5082/5376/5825 5087/4907/5356 5088/4906/5355 5083/5460/5909
f 5102/5200/5649 5103/4266/4715 5190/4268/4717 5195/4271/4720
s off
f 5221/5472/5921 5222/5473/5922 5223/6094/5923 5224/5475/5924
f 5223/5474/5925 5222/6093/5926 5225/5476/5927 5226/5477/5928
f 5226/5477/5929 5227/5478/5930 5228/5479/5931 5223/5474/5932
f 5229/5480/5933 5224/5475/5934 5223/6094/5935 5228/6092/5936
f 5222/6093/5937 5230/6091/5938 5231/5482/5939 5225/5476/5940
f 5232/5483/5941 5226/5477/5942 5225/5476/5943 5231/5482/5944
f 5233/5484/5945 5227/5478/5946 5226/5477/5947 5232/5483/5948
f 5234/5485/5949 5228/5479/5950 5227/5478/5951 5233/5484/5952
f 5228/6092/5953 5234/6090/5954 5235/5486/5955 5229/5480/5956
f 5236/5487/5957 5224/5475/5958 5229/5480/5959 5235/5486/5960
f 5237/5488/5961 5221/5472/5962 5224/5475/5963 5236/5487/5964
f 5237/5488/5965 5230/5481/5966 5222/5473/5967 5221/5472/5968
f 5231/5482/5969 5230/6091/5970 5238/6088/5971 5239/5490/5972
f 5232/5483/5973 5231/5482/5974 5239/5490/5975 5240/5491/5976
f 5233/5484/5977 5232/5483/5978 5240/5491/5979 5241/5492/5980
f 5234/5485/5981 5233/5484/5982 5241/5492/5983 5242/5493/5984
f 5235/5486/5985 5234/6090/5986 5242/6087/5987 5243/5494/5988
f 5236/5487/5989 5235/5486/5990 5243/5494/5991 5244/5495/5992
f 5237/5488/5993 5236/5487/5994 5244/5495/5995 5245/5496/5996
f 5230/5481/5997 5237/5488/5998 5245/5496/5999 5238/5489/6000
f 5261/5497/6001 5254/5498/6002 5246/5499/6003 5247/5500/6004
f 5260/5501/6005 5261/5497/6006 5247/5500/6007 5248/5502/6008
f 5259/5503/6009 5260/5501/6010 5248/5502/6011 5249/5504/6012
f 5258/6086/6013 5259/5503/6014 5249/5504/6015 5250/6080/6016
f 5257/5507/6017 5258/5505/6018 5250/5506/6019 5251/5508/6020
f 5256/5509/6021 5257/5507/6022 5251/5508/6023 5252/5510/6024
f 5255/5511/6025 5256/5509/6026 5252/5510/6027 5253/5512/6028
f 5254/6089/6029 5255/5511/6030 5253/5512/6031 5246/6070/6032
f 5238/5489/6033 5245/5496/6034 5255/5511/6035 5254/6089/6036
f 5245/5496/6037 5244/5495/6038 5256/5509/6039 5255/5511/6040
f 5244/5495/6041 5243/5494/6042 5257/5507/6043 5256/5509/6044
f 5243/5494/6045 5242/6087/6046 5258/5505/6047 5257/5507/6048
f 5242/5493/6049 5241/5492/6050 5259/5503/6051 5258/6086/6052
f 5241/5492/6053 5240/5491/6054 5260/5501/6055 5259/5503/6056
f 5240/5491/6057 5239/5490/6058 5261/5497/6059 5260/5501/6060
f 5239/5490/6061 5238/6088/6062 5254/5498/6063 5261/5497/6064
f 5265/5513/6065 5262/5514/6066 5263/5515/6067 5264/6085/6068
f 5263/6083/6069 5266/5517/6070 5267/5518/6071 5264/5516/6072
f 5269/5519/6073 5268/5520/6074 5264/5516/6075 5267/5518/6076
f 5268/6084/6077 5270/5521/6078 5265/5513/6079 5264/6085/6080
f 5272/5522/6081 5271/5523/6082 5262/5514/6083 5265/5513/6084
f 5272/5522/6085 5265/5513/6086 5270/5521/6087 5273/5524/6088
f 5273/5524/6089 5270/5521/6090 5268/6084/6091 5274/6082/6092
f 5269/5519/6093 5275/5526/6094 5274/5525/6095 5268/5520/6096
f 5275/5526/6097 5269/5519/6098 5267/5518/6099 5276/5527/6100
f 5266/5517/6101 5277/5528/6102 5276/5527/6103 5267/5518/6104
f 5278/6081/6105 5277/5528/6106 5266/5517/6107 5263/6083/6108
f 5263/5515/6109 5262/5514/6110 5271/5523/6111 5278/5529/6112
f 5271/5523/6113 5272/5522/6114 5279/5530/6115 5280/5531/6116
f 5272/5522/6117 5273/5524/6118 5281/5532/6119 5279/5530/6120
f 5273/5524/6121 5274/6082/6122 5282/6079/6123 5281/5532/6124
f 5274/5525/6125 5275/5526/6126 5283/5534/6127 5282/5533/6128
f 5275/5526/6129 5276/5527/6130 5284/5535/6131 5283/5534/6132
f 5276/5527/6133 5277/5528/6134 5285/5536/6135 5284/5535/6136
f 5277/5528/6137 5278/6081/6138 5286/6077/6139 5285/5536/6140
f 5278/5529/6141 5271/5523/6142 5280/5531/6143 5286/5537/6144
f 5301/5538/6145 5294/5539/6146 5287/5540/6147 5288/5541/6148
f 5294/5539/6149 5295/5542/6150 5289/5543/6151 5287/5540/6152
f 5295/5542/6153 5296/5544/6154 5290/6064/6155 5289/5543/6156
f 5296/6078/6157 5297/5546/6158 5291/5547/6159 5290/5545/6160
f 5297/5546/6161 5298/5548/6162 5292/5549/6163 5291/5547/6164
f 5298/5548/6165 5299/5550/6166 5293/5551/6167 5292/5549/6168
f 5299/5550/6169 5300/5552/6170 5250/6080/6171 5293/5551/6172
f 5300/6076/6173 5301/5538/6174 5288/5541/6175 5250/5506/6176
f 5279/5530/6177 5281/5532/6178 5295/5542/6179 5294/5539/6180
f 5281/5532/6181 5282/6079/6182 5296/5544/6183 5295/5542/6184
f 5282/5533/6185 5283/5534/6186 5297/5546/6187 5296/6078/6188
f 5283/5534/6189 5284/5535/6190 5298/5548/6191 5297/5546/6192
f 5284/5535/6193 5285/5536/6194 5299/5550/6195 5298/5548/6196
f 5285/5536/6197 5286/6077/6198 5300/5552/6199 5299/5550/6200
f 5286/5537/6201 5280/5531/6202 5301/5538/6203 5300/6076/6204
f 5280/5531/6205 5279/5530/6206 5294/5539/6207 5301/5538/6208
f 5302/5553/6209 5251/5508/6210 5250/5506/6211 5288/5541/6212
f 5249/5504/6213 5303/5554/6214 5293/5551/6215 5250/6080/6216
f 5304/5555/6217 5303/5554/6218 5249/5504/6219 5248/5502/6220
f 5292/5549/6221 5293/5551/6222 5303/5554/6223 5305/5556/6224
f 5306/5557/6225 5304/5555/6226 5248/5502/6227 5247/5500/6228
f 5310/5558/6229 5307/5559/6230 5308/5560/6231 5309/6075/6232
f 5308/6072/6233 5311/5562/6234 5312/5563/6235 5309/5561/6236
f 5312/5563/6237 5313/5564/6238 5314/5565/6239 5309/5561/6240
f 5314/6074/6241 5315/5566/6242 5310/5558/6243 5309/6075/6244
f 5317/5567/6245 5324/5568/6246 5325/5569/6247 5316/6068/6248
f 5325/6073/6249 5326/5571/6250 5318/5572/6251 5316/5570/6252
f 5318/5572/6253 5326/5571/6254 5327/5573/6255 5319/5574/6256
f 5327/5573/6257 5328/5575/6258 5320/5576/6259 5319/5574/6260
f 5328/5575/6261 5329/5577/6262 5321/6067/6263 5320/5576/6264
f 5329/6071/6265 5330/5579/6266 5322/5580/6267 5321/5578/6268
f 5322/5580/6269 5330/5579/6270 5331/5581/6271 5323/5582/6272
f 5323/5582/6273 5331/5581/6274 5324/5568/6275 5317/5567/6276
f 5325/5569/6277 5324/5568/6278 5315/5566/6279 5314/6074/6280
f 5313/5564/6281 5326/5571/6282 5325/6073/6283 5314/5565/6284
f 5327/5573/6285 5326/5571/6286 5313/5564/6287 5312/5563/6288
f 5311/5562/6289 5328/5575/6290 5327/5573/6291 5312/5563/6292
f 5308/6072/6293 5329/5577/6294 5328/5575/6295 5311/5562/6296
f 5307/5559/6297 5330/5579/6298 5329/6071/6299 5308/5560/6300
f 5331/5581/6301 5330/5579/6302 5307/5559/6303 5310/5558/6304
f 5324/5568/6305 5331/5581/6306 5310/5558/6307 5315/5566/6308
f 5346/5583/6309 5339/5584/6310 5332/6065/6311 5333/5586/6312
f 5339/6069/6313 5340/5587/6314 5334/5588/6315 5332/5585/6316
f 5340/5587/6317 5341/5589/6318 5335/5590/6319 5334/5588/6320
f 5341/5589/6321 5342/5591/6322 5336/5592/6323 5335/5590/6324
f 5342/5591/6325 5343/5593/6326 5246/6070/6327 5336/5592/6328
f 5343/6066/6329 5344/5594/6330 5337/5595/6331 5246/5499/6332
f 5344/5594/6333 5345/5596/6334 5338/5597/6335 5337/5595/6336
f 5345/5596/6337 5346/5583/6338 5333/5586/6339 5338/5597/6340
f 5316/5570/6341 5318/5572/6342 5340/5587/6343 5339/6069/6344
f 5318/5572/6345 5319/5574/6346 5341/5589/6347 5340/5587/6348
f 5319/5574/6349 5320/5576/6350 5342/5591/6351 5341/5589/6352
f 5320/5576/6353 5321/6067/6354 5343/5593/6355 5342/5591/6356
f 5321/5578/6357 5322/5580/6358 5344/5594/6359 5343/6066/6360
f 5322/5580/6361 5323/5582/6362 5345/5596/6363 5344/5594/6364
f 5323/5582/6365 5317/5567/6366 5346/5583/6367 5345/5596/6368
f 5317/5567/6369 5316/6068/6370 5339/5584/6371 5346/5583/6372
f 5337/5595/6373 5306/5557/6374 5247/5500/6375 5246/5499/6376
f 5347/5598/6377 5306/5557/6378 5337/5595/6379 5338/5597/6380
f 5348/5599/6381 5347/5598/6382 5338/5597/6383 5333/5586/6384
f 5349/6063/6385 5348/5599/6386 5333/5586/6387 5332/6065/6388
f 5349/5600/6389 5332/5585/6390 5334/5588/6391 5350/5601/6392
f 5351/5602/6393 5350/5601/6394 5334/5588/6395 5335/5590/6396
f 5336/5592/6397 5352/5603/6398 5351/5602/6399 5335/5590/6400
f 5253/5512/6401 5353/5604/6402 5336/5592/6403 5246/6070/6404
f 5253/5512/6405 5252/5510/6406 5354/5605/6407 5353/5604/6408
f 5252/5510/6409 5251/5508/6410 5302/5553/6411 5354/5605/6412
f 5353/5604/6413 5354/5605/6414 5352/5603/6415 5336/5592/6416
f 5354/5605/6417 5302/5553/6418 5288/5541/6419 5287/5540/6420
f 5356/5606/6421 5355/5607/6422 5354/5605/6423 5287/5540/6424
f 5355/5607/6425 5357/5608/6426 5352/5603/6427 5354/5605/6428
f 5357/5608/6429 5358/5609/6430 5351/5602/6431 5352/5603/6432
f 5289/5543/6433 5359/5610/6434 5356/5606/6435 5287/5540/6436
f 5359/5610/6437 5289/5543/6438 5290/6064/6439 5360/6053/6440
f 5360/5611/6441 5290/5545/6442 5291/5547/6443 5361/5612/6444
f 5305/5556/6445 5361/5612/6446 5291/5547/6447 5292/5549/6448
f 5358/5609/6449 5362/5613/6450 5350/5601/6451 5351/5602/6452
f 5362/5613/6453 5363/5614/6454 5349/5600/6455 5350/5601/6456
f 5363/6054/6457 5364/5615/6458 5348/5599/6459 5349/6063/6460
f 5365/5616/6461 5347/5598/6462 5348/5599/6463 5364/5615/6464
f 5365/5616/6465 5366/5617/6466 5306/5557/6467 5347/5598/6468
f 5306/5557/6469 5366/5617/6470 5367/5618/6471 5304/5555/6472
f 5367/5618/6473 5368/5619/6474 5303/5554/6475 5304/5555/6476
f 5368/5619/6477 5361/5612/6478 5305/5556/6479 5303/5554/6480
f 5372/5620/6481 5369/5621/6482 5370/5622/6483 5371/6062/6484
f 5374/5624/6485 5372/5620/6486 5371/6062/6487 5373/6059/6488
f 5376/5626/6489 5375/5627/6490 5373/5625/6491 5371/5623/6492
f 5377/5628/6493 5376/5626/6494 5371/5623/6495 5370/6061/6496
f 5379/5629/6497 5386/5630/6498 5387/5631/6499 5378/5632/6500
f 5380/5633/6501 5393/6058/6502 5386/5630/6503 5379/5629/6504
f 5381/5635/6505 5392/5636/6506 5393/5634/6507 5380/6057/6508
f 5382/5637/6509 5391/5638/6510 5392/5636/6511 5381/5635/6512
f 5384/5639/6513 5389/6060/6514 5390/5641/6515 5383/5642/6516
f 5383/5642/6517 5390/5641/6518 5391/5638/6519 5382/5637/6520
f 5387/5631/6521 5388/5643/6522 5385/5644/6523 5378/5632/6524
f 5388/5643/6525 5389/5640/6526 5384/6056/6527 5385/5644/6528
f 5387/5631/6529 5386/5630/6530 5375/5627/6531 5376/5626/6532
f 5377/5628/6533 5388/5643/6534 5387/5631/6535 5376/5626/6536
f 5370/6061/6537 5389/5640/6538 5388/5643/6539 5377/5628/6540
f 5390/5641/6541 5389/6060/6542 5370/5622/6543 5369/5621/6544
f 5391/5638/6545 5390/5641/6546 5369/5621/6547 5372/5620/6548
f 5392/5636/6549 5391/5638/6550 5372/5620/6551 5374/5624/6552
f 5393/5634/6553 5392/5636/6554 5374/5624/6555 5373/6059/6556
f 5386/5630/6557 5393/6058/6558 5373/5625/6559 5375/5627/6560
f 5379/5629/6561 5378/5632/6562 5394/5645/6563 5395/5646/6564
f 5380/5633/6565 5379/5629/6566 5395/5646/6567 5396/5647/6568
f 5381/5635/6569 5380/6057/6570 5396/6049/6571 5397/5648/6572
f 5382/5637/6573 5381/5635/6574 5397/5648/6575 5398/5649/6576
f 5384/5639/6577 5383/5642/6578 5399/5650/6579 5400/5651/6580
f 5383/5642/6581 5382/5637/6582 5398/5649/6583 5399/5650/6584
f 5378/5632/6585 5385/5644/6586 5401/5652/6587 5394/5645/6588
f 5385/5644/6589 5384/6056/6590 5400/6055/6591 5401/5652/6592
f 5363/5614/6593 5362/5613/6594 5401/5652/6595 5400/6055/6596
f 5394/5645/6597 5401/5652/6598 5362/5613/6599 5358/5609/6600
f 5402/5653/6601 5364/5615/6602 5363/6054/6603 5400/5651/6604
f 5364/5615/6605 5402/5653/6606 5403/5654/6607 5365/5616/6608
f 5404/5655/6609 5366/5617/6610 5365/5616/6611 5403/5654/6612
f 5366/5617/6613 5404/5655/6614 5405/5656/6615 5367/5618/6616
f 5406/5657/6617 5368/5619/6618 5367/5618/6619 5405/5656/6620
f 5406/5657/6621 5407/5658/6622 5361/5612/6623 5368/5619/6624
f 5408/5659/6625 5360/5611/6626 5361/5612/6627 5407/5658/6628
f 5409/5660/6629 5359/5610/6630 5360/6053/6631 5408/6052/6632
f 5410/5661/6633 5356/5606/6634 5359/5610/6635 5409/5660/6636
f 5410/5661/6637 5411/5662/6638 5355/5607/6639 5356/5606/6640
f 5411/5662/6641 5412/5663/6642 5357/5608/6643 5355/5607/6644
f 5394/5645/6645 5358/5609/6646 5357/5608/6647 5412/5663/6648
f 5402/5653/6649 5400/5651/6650 5426/5664/6651 5427/5665/6652
f 5403/5654/6653 5402/5653/6654 5427/5665/6655 5428/5666/6656
f 5404/5655/6657 5403/5654/6658 5428/5666/6659 5429/5667/6660
f 5405/5656/6661 5404/5655/6662 5429/5667/6663 5430/5668/6664
f 5406/5657/6665 5405/5656/6666 5430/5668/6667 5431/5669/6668
f 5407/5658/6669 5406/5657/6670 5431/5669/6671 5432/5670/6672
f 5408/5659/6673 5407/5658/6674 5432/5670/6675 5433/5671/6676
f 5409/5660/6677 5408/6052/6678 5433/6050/6679 5434/5672/6680
f 5410/5661/6681 5409/5660/6682 5434/5672/6683 5435/5673/6684
f 5411/5662/6685 5410/5661/6686 5435/5673/6687 5436/5674/6688
f 5412/5663/6689 5411/5662/6690 5436/5674/6691 5437/5675/6692
f 5394/5645/6693 5412/5663/6694 5437/5675/6695 5438/5676/6696
f 5427/5665/6697 5426/5664/6698 5413/5700/6699 5414/5711/6700
f 5428/5666/6701 5427/5665/6702 5414/5711/6703 5415/5710/6704
f 5429/5667/6705 5428/5666/6706 5415/5710/6707 5416/5709/6708
f 5430/5668/6709 5429/5667/6710 5416/5709/6711 5417/5708/6712
f 5431/5669/6713 5430/5668/6714 5417/5708/6715 5418/5707/6716
f 5432/5670/6717 5431/5669/6718 5418/5707/6719 5419/5706/6720
f 5433/5671/6721 5432/5670/6722 5419/5706/6723 5420/5705/6724
f 5434/5672/6725 5433/6050/6726 5420/6051/6727 5421/5704/6728
f 5435/5673/6729 5434/5672/6730 5421/5704/6731 5422/5703/6732
f 5436/5674/6733 5435/5673/6734 5422/5703/6735 5423/5702/6736
f 5437/5675/6737 5436/5674/6738 5423/5702/6739 5424/5701/6740
f 5438/5676/6741 5437/5675/6742 5424/5701/6743 5425/5698/6744
f 5399/5650/6745 5398/5649/6746 5426/5664/6747 5400/5651/6748
f 5398/5649/6749 5397/5648/6750 5439/5690/6751 5426/5664/6752
f 5396/6049/6753 5440/6048/6754 5439/5690/6755 5397/5648/6756
f 5440/5691/6757 5396/5647/6758 5395/5646/6759 5441/5692/6760
f 5441/5692/6761 5395/5646/6762 5394/5645/6763 5438/5676/6764
f 5413/5700/6765 5426/5664/6766 5439/5690/6767 5442/5699/6768
f 5440/6048/6769 5443/6047/6770 5442/5699/6771 5439/5690/6772
f 5438/5676/6773 5425/5698/6774 5444/5697/6775 5441/5692/6776
f 5441/5692/6777 5444/5697/6778 5443/5696/6779 5440/5691/6780
f 3685/4184/6781 5420/5684/6782 5419/5683/6783 3780/4185/6784
f 3780/4185/6785 5419/5683/6786 5418/5682/6787 3779/4186/6788
f 3779/4186/6789 5418/5682/6790 5417/5681/6791 3777/4380/6792
f 3777/4380/6793 5417/5681/6794 5416/5680/6795 4792/4381/6796
f 4792/4381/6797 5416/5680/6798 5415/5679/6799 4790/5391/6800
f 4790/5391/6801 5415/5679/6802 5414/5678/6803 4786/5389/6804
f 4786/5389/6805 5414/5678/6806 5413/5677/6807 4944/5392/6808
f 4944/5392/6809 5413/5677/6810 5442/5693/6811 4976/5447/6812
f 4976/5447/6813 5442/5693/6814 5443/5694/6815 5002/5413/6816
f 5002/5413/6817 5443/5694/6818 5444/5695/6819 4800/5411/6820
f 4800/5411/6821 5444/5695/6822 5425/5689/6823 4799/5409/6824
f 4799/5409/6825 5425/5689/6826 5424/5688/6827 5119/5407/6828
f 5119/5407/6829 5424/5688/6830 5423/5964/6831 5117/5408/6832
f 5117/5963/6833 5423/5687/6834 5422/5686/6835 5202/4194/6836
f 5202/4194/6837 5422/5686/6838 5421/5685/6839 5004/4190/6840
f 5004/4190/6841 5421/5685/6842 5420/5684/6843 3685/4184/6844
